2026-04-26 04:40:34.134 [ProduitHikariPool housekeeper] WARN  com.zaxxer.hikari.pool.HikariPool - ProduitHikariPool - Thread starvation or clock leap detected (housekeeper delta=8h15m57s520ms707µs200ns).
2026-04-26 04:51:26.907 [http-nio-9001-exec-10] INFO  c.m.w.c.ControleVenteController - Requête de génération du contrôle des ventes - Mois: 1, Entreprise: 2026
2026-04-26 04:51:26.909 [http-nio-9001-exec-10] INFO  c.m.services.ControleVenteService - Génération du contrôle des ventes - Mois: 1, Entreprise: 2026
2026-04-26 04:51:26.934 [http-nio-9001-exec-10] DEBUG c.m.services.ControleVenteService - Collecte de 21 dates distinctes avec opérations
2026-04-26 04:51:26.934 [http-nio-9001-exec-10] DEBUG c.m.services.ControleVenteService - Génération du contrôle pour la date : 2026-01-30
2026-04-26 04:51:26.949 [http-nio-9001-exec-10] DEBUG c.m.services.ControleVenteService - Génération du contrôle pour la date : 2026-01-27
2026-04-26 04:51:26.968 [http-nio-9001-exec-10] DEBUG c.m.services.ControleVenteService - Génération du contrôle pour la date : 2026-01-26
2026-04-26 04:51:26.989 [http-nio-9001-exec-10] DEBUG c.m.services.ControleVenteService - Génération du contrôle pour la date : 2026-01-25
2026-04-26 04:51:27.006 [http-nio-9001-exec-10] DEBUG c.m.services.ControleVenteService - Génération du contrôle pour la date : 2026-01-24
2026-04-26 04:51:27.022 [http-nio-9001-exec-10] DEBUG c.m.services.ControleVenteService - Génération du contrôle pour la date : 2026-01-23
2026-04-26 04:51:27.044 [http-nio-9001-exec-10] DEBUG c.m.services.ControleVenteService - Génération du contrôle pour la date : 2026-01-22
2026-04-26 04:51:27.062 [http-nio-9001-exec-10] DEBUG c.m.services.ControleVenteService - Génération du contrôle pour la date : 2026-01-21
2026-04-26 04:51:27.079 [http-nio-9001-exec-10] DEBUG c.m.services.ControleVenteService - Génération du contrôle pour la date : 2026-01-20
2026-04-26 04:51:27.096 [http-nio-9001-exec-10] DEBUG c.m.services.ControleVenteService - Génération du contrôle pour la date : 2026-01-19
2026-04-26 04:51:27.115 [http-nio-9001-exec-10] DEBUG c.m.services.ControleVenteService - Génération du contrôle pour la date : 2026-01-18
2026-04-26 04:51:27.139 [http-nio-9001-exec-10] DEBUG c.m.services.ControleVenteService - Génération du contrôle pour la date : 2026-01-17
2026-04-26 04:51:27.157 [http-nio-9001-exec-10] DEBUG c.m.services.ControleVenteService - Génération du contrôle pour la date : 2026-01-16
2026-04-26 04:51:27.174 [http-nio-9001-exec-10] DEBUG c.m.services.ControleVenteService - Génération du contrôle pour la date : 2026-01-15
2026-04-26 04:51:27.193 [http-nio-9001-exec-10] DEBUG c.m.services.ControleVenteService - Génération du contrôle pour la date : 2026-01-14
2026-04-26 04:51:27.213 [http-nio-9001-exec-10] DEBUG c.m.services.ControleVenteService - Génération du contrôle pour la date : 2026-01-13
2026-04-26 04:51:27.233 [http-nio-9001-exec-10] DEBUG c.m.services.ControleVenteService - Génération du contrôle pour la date : 2026-01-12
2026-04-26 04:51:27.252 [http-nio-9001-exec-10] DEBUG c.m.services.ControleVenteService - Génération du contrôle pour la date : 2026-01-10
2026-04-26 04:51:27.271 [http-nio-9001-exec-10] DEBUG c.m.services.ControleVenteService - Génération du contrôle pour la date : 2026-01-09
2026-04-26 04:51:27.291 [http-nio-9001-exec-10] DEBUG c.m.services.ControleVenteService - Génération du contrôle pour la date : 2026-01-08
2026-04-26 04:51:27.315 [http-nio-9001-exec-10] DEBUG c.m.services.ControleVenteService - Génération du contrôle pour la date : 2026-01-07
2026-04-26 04:51:27.335 [http-nio-9001-exec-10] INFO  c.m.services.ControleVenteService - Contrôle des ventes généré : 17 jours avec des opérations
2026-04-26 04:51:27.350 [http-nio-9001-exec-8] ERROR c.m.e.GlobalExceptionHandler - Erreur serveur
org.springframework.web.bind.MissingServletRequestParameterException: Required request parameter 'anneeid' for method parameter type int is not present
	at org.springframework.web.method.annotation.RequestParamMethodArgumentResolver.handleMissingValueInternal(RequestParamMethodArgumentResolver.java:220) ~[spring-web-6.2.3.jar:6.2.3]
	at org.springframework.web.method.annotation.RequestParamMethodArgumentResolver.handleMissingValue(RequestParamMethodArgumentResolver.java:196) ~[spring-web-6.2.3.jar:6.2.3]
	at org.springframework.web.method.annotation.AbstractNamedValueMethodArgumentResolver.resolveArgument(AbstractNamedValueMethodArgumentResolver.java:125) ~[spring-web-6.2.3.jar:6.2.3]
	at org.springframework.web.method.support.HandlerMethodArgumentResolverComposite.resolveArgument(HandlerMethodArgumentResolverComposite.java:122) ~[spring-web-6.2.3.jar:6.2.3]
	at org.springframework.web.method.support.InvocableHandlerMethod.getMethodArgumentValues(InvocableHandlerMethod.java:226) ~[spring-web-6.2.3.jar:6.2.3]
	at org.springframework.web.method.support.InvocableHandlerMethod.invokeForRequest(InvocableHandlerMethod.java:180) ~[spring-web-6.2.3.jar:6.2.3]
	at org.springframework.web.servlet.mvc.method.annotation.ServletInvocableHandlerMethod.invokeAndHandle(ServletInvocableHandlerMethod.java:118) ~[spring-webmvc-6.2.3.jar:6.2.3]
	at org.springframework.web.servlet.mvc.method.annotation.RequestMappingHandlerAdapter.invokeHandlerMethod(RequestMappingHandlerAdapter.java:986) ~[spring-webmvc-6.2.3.jar:6.2.3]
	at org.springframework.web.servlet.mvc.method.annotation.RequestMappingHandlerAdapter.handleInternal(RequestMappingHandlerAdapter.java:891) ~[spring-webmvc-6.2.3.jar:6.2.3]
	at org.springframework.web.servlet.mvc.method.AbstractHandlerMethodAdapter.handle(AbstractHandlerMethodAdapter.java:87) ~[spring-webmvc-6.2.3.jar:6.2.3]
	at org.springframework.web.servlet.DispatcherServlet.doDispatch(DispatcherServlet.java:1088) ~[spring-webmvc-6.2.3.jar:6.2.3]
	at org.springframework.web.servlet.DispatcherServlet.doService(DispatcherServlet.java:978) ~[spring-webmvc-6.2.3.jar:6.2.3]
	at org.springframework.web.servlet.FrameworkServlet.processRequest(FrameworkServlet.java:1014) ~[spring-webmvc-6.2.3.jar:6.2.3]
	at org.springframework.web.servlet.FrameworkServlet.doGet(FrameworkServlet.java:903) ~[spring-webmvc-6.2.3.jar:6.2.3]
	at jakarta.servlet.http.HttpServlet.service(HttpServlet.java:564) ~[tomcat-embed-core-10.1.36.jar:6.0]
	at org.springframework.web.servlet.FrameworkServlet.service(FrameworkServlet.java:885) ~[spring-webmvc-6.2.3.jar:6.2.3]
	at jakarta.servlet.http.HttpServlet.service(HttpServlet.java:658) ~[tomcat-embed-core-10.1.36.jar:6.0]
	at org.apache.catalina.core.ApplicationFilterChain.internalDoFilter(ApplicationFilterChain.java:195) ~[tomcat-embed-core-10.1.36.jar:10.1.36]
	at org.apache.catalina.core.ApplicationFilterChain.doFilter(ApplicationFilterChain.java:140) ~[tomcat-embed-core-10.1.36.jar:10.1.36]
	at org.apache.tomcat.websocket.server.WsFilter.doFilter(WsFilter.java:51) ~[tomcat-embed-websocket-10.1.36.jar:10.1.36]
	at org.apache.catalina.core.ApplicationFilterChain.internalDoFilter(ApplicationFilterChain.java:164) ~[tomcat-embed-core-10.1.36.jar:10.1.36]
	at org.apache.catalina.core.ApplicationFilterChain.doFilter(ApplicationFilterChain.java:140) ~[tomcat-embed-core-10.1.36.jar:10.1.36]
	at org.springframework.web.filter.RequestContextFilter.doFilterInternal(RequestContextFilter.java:100) ~[spring-web-6.2.3.jar:6.2.3]
	at org.springframework.web.filter.OncePerRequestFilter.doFilter(OncePerRequestFilter.java:116) ~[spring-web-6.2.3.jar:6.2.3]
	at org.apache.catalina.core.ApplicationFilterChain.internalDoFilter(ApplicationFilterChain.java:164) ~[tomcat-embed-core-10.1.36.jar:10.1.36]
	at org.apache.catalina.core.ApplicationFilterChain.doFilter(ApplicationFilterChain.java:140) ~[tomcat-embed-core-10.1.36.jar:10.1.36]
	at org.springframework.web.filter.FormContentFilter.doFilterInternal(FormContentFilter.java:93) ~[spring-web-6.2.3.jar:6.2.3]
	at org.springframework.web.filter.OncePerRequestFilter.doFilter(OncePerRequestFilter.java:116) ~[spring-web-6.2.3.jar:6.2.3]
	at org.apache.catalina.core.ApplicationFilterChain.internalDoFilter(ApplicationFilterChain.java:164) ~[tomcat-embed-core-10.1.36.jar:10.1.36]
	at org.apache.catalina.core.ApplicationFilterChain.doFilter(ApplicationFilterChain.java:140) ~[tomcat-embed-core-10.1.36.jar:10.1.36]
	at org.springframework.web.filter.ServerHttpObservationFilter.doFilterInternal(ServerHttpObservationFilter.java:114) ~[spring-web-6.2.3.jar:6.2.3]
	at org.springframework.web.filter.OncePerRequestFilter.doFilter(OncePerRequestFilter.java:116) ~[spring-web-6.2.3.jar:6.2.3]
	at org.apache.catalina.core.ApplicationFilterChain.internalDoFilter(ApplicationFilterChain.java:164) ~[tomcat-embed-core-10.1.36.jar:10.1.36]
	at org.apache.catalina.core.ApplicationFilterChain.doFilter(ApplicationFilterChain.java:140) ~[tomcat-embed-core-10.1.36.jar:10.1.36]
	at org.springframework.web.filter.CharacterEncodingFilter.doFilterInternal(CharacterEncodingFilter.java:201) ~[spring-web-6.2.3.jar:6.2.3]
	at org.springframework.web.filter.OncePerRequestFilter.doFilter(OncePerRequestFilter.java:116) ~[spring-web-6.2.3.jar:6.2.3]
	at org.apache.catalina.core.ApplicationFilterChain.internalDoFilter(ApplicationFilterChain.java:164) ~[tomcat-embed-core-10.1.36.jar:10.1.36]
	at org.apache.catalina.core.ApplicationFilterChain.doFilter(ApplicationFilterChain.java:140) ~[tomcat-embed-core-10.1.36.jar:10.1.36]
	at org.apache.catalina.core.StandardWrapperValve.invoke(StandardWrapperValve.java:167) ~[tomcat-embed-core-10.1.36.jar:10.1.36]
	at org.apache.catalina.core.StandardContextValve.invoke(StandardContextValve.java:90) ~[tomcat-embed-core-10.1.36.jar:10.1.36]
	at org.apache.catalina.authenticator.AuthenticatorBase.invoke(AuthenticatorBase.java:483) ~[tomcat-embed-core-10.1.36.jar:10.1.36]
	at org.apache.catalina.core.StandardHostValve.invoke(StandardHostValve.java:115) ~[tomcat-embed-core-10.1.36.jar:10.1.36]
	at org.apache.catalina.valves.ErrorReportValve.invoke(ErrorReportValve.java:93) ~[tomcat-embed-core-10.1.36.jar:10.1.36]
	at org.apache.catalina.core.StandardEngineValve.invoke(StandardEngineValve.java:74) ~[tomcat-embed-core-10.1.36.jar:10.1.36]
	at org.apache.catalina.connector.CoyoteAdapter.service(CoyoteAdapter.java:344) ~[tomcat-embed-core-10.1.36.jar:10.1.36]
	at org.apache.coyote.http11.Http11Processor.service(Http11Processor.java:397) ~[tomcat-embed-core-10.1.36.jar:10.1.36]
	at org.apache.coyote.AbstractProcessorLight.process(AbstractProcessorLight.java:63) ~[tomcat-embed-core-10.1.36.jar:10.1.36]
	at org.apache.coyote.AbstractProtocol$ConnectionHandler.process(AbstractProtocol.java:905) ~[tomcat-embed-core-10.1.36.jar:10.1.36]
	at org.apache.tomcat.util.net.NioEndpoint$SocketProcessor.doRun(NioEndpoint.java:1743) ~[tomcat-embed-core-10.1.36.jar:10.1.36]
	at org.apache.tomcat.util.net.SocketProcessorBase.run(SocketProcessorBase.java:52) ~[tomcat-embed-core-10.1.36.jar:10.1.36]
	at org.apache.tomcat.util.threads.ThreadPoolExecutor.runWorker(ThreadPoolExecutor.java:1190) ~[tomcat-embed-core-10.1.36.jar:10.1.36]
	at org.apache.tomcat.util.threads.ThreadPoolExecutor$Worker.run(ThreadPoolExecutor.java:659) ~[tomcat-embed-core-10.1.36.jar:10.1.36]
	at org.apache.tomcat.util.threads.TaskThread$WrappingRunnable.run(TaskThread.java:63) ~[tomcat-embed-core-10.1.36.jar:10.1.36]
	at java.base/java.lang.Thread.run(Thread.java:1583) ~[na:na]
2026-04-26 05:06:19.308 [main] INFO  o.s.c.c.c.ConfigServicePropertySourceLocator - Fetching config from server at : http://localhost:9101
2026-04-26 05:06:21.127 [main] INFO  o.s.c.c.c.ConfigServicePropertySourceLocator - Located environment: name=microservice-produits, profiles=[default], label=null, version=a6dc47ce0a6649886d252a94df0b43378c8a5cce, state=
2026-04-26 05:06:21.129 [main] INFO  o.s.c.b.c.PropertySourceBootstrapConfiguration - Located property source: [BootstrapPropertySource {name='bootstrapProperties-configClient'}, BootstrapPropertySource {name='bootstrapProperties-https://github.com/ESPHEREAPI/cloud-config-gescom.git/microservice-produits.properties'}]
2026-04-26 05:06:21.153 [main] INFO  com.mproduits.MproduitsApplication - No active profile set, falling back to 1 default profile: "default"
2026-04-26 05:06:22.339 [main] INFO  o.s.d.r.c.RepositoryConfigurationDelegate - Bootstrapping Spring Data JPA repositories in DEFAULT mode.
2026-04-26 05:06:22.612 [main] INFO  o.s.d.r.c.RepositoryConfigurationDelegate - Finished Spring Data repository scanning in 264 ms. Found 56 JPA repository interfaces.
2026-04-26 05:06:22.871 [main] INFO  o.s.cloud.context.scope.GenericScope - BeanFactory id=33a517d9-b132-366e-8c6a-7f776a6e3bf8
2026-04-26 05:06:23.514 [main] INFO  o.s.b.w.e.tomcat.TomcatWebServer - Tomcat initialized with port 9001 (http)
2026-04-26 05:06:23.617 [main] INFO  o.s.b.w.s.c.ServletWebServerApplicationContext - Root WebApplicationContext: initialization completed in 2441 ms
2026-04-26 05:06:24.726 [main] WARN  org.hibernate.orm.deprecation - HHH90000025: MySQL8Dialect does not need to be specified explicitly using 'hibernate.dialect' (remove the property setting and it will be selected by default)
2026-04-26 05:06:24.727 [main] WARN  org.hibernate.orm.deprecation - HHH90000026: MySQL8Dialect has been deprecated; use org.hibernate.dialect.MySQLDialect instead
2026-04-26 05:06:29.288 [main] WARN  o.h.t.s.i.ExceptionHandlerLoggedImpl - GenerationTarget encountered exception accepting command : Error executing DDL "alter table employeur modify column logos tinyblob" via JDBC [Data truncation: Data too long for column 'logos' at row 1]
org.hibernate.tool.schema.spi.CommandAcceptanceException: Error executing DDL "alter table employeur modify column logos tinyblob" via JDBC [Data truncation: Data too long for column 'logos' at row 1]
	at org.hibernate.tool.schema.internal.exec.GenerationTargetToDatabase.accept(GenerationTargetToDatabase.java:94) ~[hibernate-core-6.6.8.Final.jar:6.6.8.Final]
	at org.hibernate.tool.schema.internal.AbstractSchemaMigrator.applySqlString(AbstractSchemaMigrator.java:576) ~[hibernate-core-6.6.8.Final.jar:6.6.8.Final]
	at org.hibernate.tool.schema.internal.AbstractSchemaMigrator.applySqlStrings(AbstractSchemaMigrator.java:516) ~[hibernate-core-6.6.8.Final.jar:6.6.8.Final]
	at org.hibernate.tool.schema.internal.AbstractSchemaMigrator.migrateTable(AbstractSchemaMigrator.java:334) ~[hibernate-core-6.6.8.Final.jar:6.6.8.Final]
	at org.hibernate.tool.schema.internal.GroupedSchemaMigratorImpl.performTablesMigration(GroupedSchemaMigratorImpl.java:84) ~[hibernate-core-6.6.8.Final.jar:6.6.8.Final]
	at org.hibernate.tool.schema.internal.AbstractSchemaMigrator.performMigration(AbstractSchemaMigrator.java:233) ~[hibernate-core-6.6.8.Final.jar:6.6.8.Final]
	at org.hibernate.tool.schema.internal.AbstractSchemaMigrator.doMigration(AbstractSchemaMigrator.java:112) ~[hibernate-core-6.6.8.Final.jar:6.6.8.Final]
	at org.hibernate.tool.schema.spi.SchemaManagementToolCoordinator.performDatabaseAction(SchemaManagementToolCoordinator.java:280) ~[hibernate-core-6.6.8.Final.jar:6.6.8.Final]
	at org.hibernate.tool.schema.spi.SchemaManagementToolCoordinator.lambda$process$5(SchemaManagementToolCoordinator.java:144) ~[hibernate-core-6.6.8.Final.jar:6.6.8.Final]
	at java.base/java.util.HashMap.forEach(HashMap.java:1429) ~[na:na]
	at org.hibernate.tool.schema.spi.SchemaManagementToolCoordinator.process(SchemaManagementToolCoordinator.java:141) ~[hibernate-core-6.6.8.Final.jar:6.6.8.Final]
	at org.hibernate.boot.internal.SessionFactoryObserverForSchemaExport.sessionFactoryCreated(SessionFactoryObserverForSchemaExport.java:37) ~[hibernate-core-6.6.8.Final.jar:6.6.8.Final]
	at org.hibernate.internal.SessionFactoryObserverChain.sessionFactoryCreated(SessionFactoryObserverChain.java:35) ~[hibernate-core-6.6.8.Final.jar:6.6.8.Final]
	at org.hibernate.internal.SessionFactoryImpl.<init>(SessionFactoryImpl.java:324) ~[hibernate-core-6.6.8.Final.jar:6.6.8.Final]
	at org.hibernate.boot.internal.SessionFactoryBuilderImpl.build(SessionFactoryBuilderImpl.java:463) ~[hibernate-core-6.6.8.Final.jar:6.6.8.Final]
	at org.hibernate.jpa.boot.internal.EntityManagerFactoryBuilderImpl.build(EntityManagerFactoryBuilderImpl.java:1517) ~[hibernate-core-6.6.8.Final.jar:6.6.8.Final]
	at org.springframework.orm.jpa.vendor.SpringHibernateJpaPersistenceProvider.createContainerEntityManagerFactory(SpringHibernateJpaPersistenceProvider.java:66) ~[spring-orm-6.2.3.jar:6.2.3]
	at org.springframework.orm.jpa.LocalContainerEntityManagerFactoryBean.createNativeEntityManagerFactory(LocalContainerEntityManagerFactoryBean.java:390) ~[spring-orm-6.2.3.jar:6.2.3]
	at org.springframework.orm.jpa.AbstractEntityManagerFactoryBean.buildNativeEntityManagerFactory(AbstractEntityManagerFactoryBean.java:419) ~[spring-orm-6.2.3.jar:6.2.3]
	at org.springframework.orm.jpa.AbstractEntityManagerFactoryBean.afterPropertiesSet(AbstractEntityManagerFactoryBean.java:400) ~[spring-orm-6.2.3.jar:6.2.3]
	at org.springframework.orm.jpa.LocalContainerEntityManagerFactoryBean.afterPropertiesSet(LocalContainerEntityManagerFactoryBean.java:366) ~[spring-orm-6.2.3.jar:6.2.3]
	at org.springframework.beans.factory.support.AbstractAutowireCapableBeanFactory.invokeInitMethods(AbstractAutowireCapableBeanFactory.java:1859) ~[spring-beans-6.2.3.jar:6.2.3]
	at org.springframework.beans.factory.support.AbstractAutowireCapableBeanFactory.initializeBean(AbstractAutowireCapableBeanFactory.java:1808) ~[spring-beans-6.2.3.jar:6.2.3]
	at org.springframework.beans.factory.support.AbstractAutowireCapableBeanFactory.doCreateBean(AbstractAutowireCapableBeanFactory.java:601) ~[spring-beans-6.2.3.jar:6.2.3]
	at org.springframework.beans.factory.support.AbstractAutowireCapableBeanFactory.createBean(AbstractAutowireCapableBeanFactory.java:523) ~[spring-beans-6.2.3.jar:6.2.3]
	at org.springframework.beans.factory.support.AbstractBeanFactory.lambda$doGetBean$0(AbstractBeanFactory.java:339) ~[spring-beans-6.2.3.jar:6.2.3]
	at org.springframework.beans.factory.support.DefaultSingletonBeanRegistry.getSingleton(DefaultSingletonBeanRegistry.java:346) ~[spring-beans-6.2.3.jar:6.2.3]
	at org.springframework.beans.factory.support.AbstractBeanFactory.doGetBean(AbstractBeanFactory.java:337) ~[spring-beans-6.2.3.jar:6.2.3]
	at org.springframework.beans.factory.support.AbstractBeanFactory.getBean(AbstractBeanFactory.java:207) ~[spring-beans-6.2.3.jar:6.2.3]
	at org.springframework.context.support.AbstractApplicationContext.finishBeanFactoryInitialization(AbstractApplicationContext.java:970) ~[spring-context-6.2.3.jar:6.2.3]
	at org.springframework.context.support.AbstractApplicationContext.refresh(AbstractApplicationContext.java:627) ~[spring-context-6.2.3.jar:6.2.3]
	at org.springframework.boot.web.servlet.context.ServletWebServerApplicationContext.refresh(ServletWebServerApplicationContext.java:146) ~[spring-boot-3.4.3.jar:3.4.3]
	at org.springframework.boot.SpringApplication.refresh(SpringApplication.java:752) ~[spring-boot-3.4.3.jar:3.4.3]
	at org.springframework.boot.SpringApplication.refreshContext(SpringApplication.java:439) ~[spring-boot-3.4.3.jar:3.4.3]
	at org.springframework.boot.SpringApplication.run(SpringApplication.java:318) ~[spring-boot-3.4.3.jar:3.4.3]
	at org.springframework.boot.SpringApplication.run(SpringApplication.java:1361) ~[spring-boot-3.4.3.jar:3.4.3]
	at org.springframework.boot.SpringApplication.run(SpringApplication.java:1350) ~[spring-boot-3.4.3.jar:3.4.3]
	at com.mproduits.MproduitsApplication.main(MproduitsApplication.java:16) ~[classes/:na]
Caused by: com.mysql.cj.jdbc.exceptions.MysqlDataTruncation: Data truncation: Data too long for column 'logos' at row 1
	at com.mysql.cj.jdbc.exceptions.SQLExceptionsMapping.translateException(SQLExceptionsMapping.java:96) ~[mysql-connector-j-9.1.0.jar:9.1.0]
	at com.mysql.cj.jdbc.StatementImpl.executeInternal(StatementImpl.java:837) ~[mysql-connector-j-9.1.0.jar:9.1.0]
	at com.mysql.cj.jdbc.StatementImpl.execute(StatementImpl.java:685) ~[mysql-connector-j-9.1.0.jar:9.1.0]
	at com.zaxxer.hikari.pool.ProxyStatement.execute(ProxyStatement.java:94) ~[HikariCP-5.1.0.jar:na]
	at com.zaxxer.hikari.pool.HikariProxyStatement.execute(HikariProxyStatement.java) ~[HikariCP-5.1.0.jar:na]
	at org.hibernate.tool.schema.internal.exec.GenerationTargetToDatabase.accept(GenerationTargetToDatabase.java:80) ~[hibernate-core-6.6.8.Final.jar:6.6.8.Final]
	... 37 common frames omitted
2026-04-26 05:06:29.504 [main] WARN  o.h.t.s.i.ExceptionHandlerLoggedImpl - GenerationTarget encountered exception accepting command : Error executing DDL "alter table barcodeproduit add constraint FKny3wl2rnyjufrud0kb9jvr55s foreign key (prixarticlesid) references prixarticles_easy (id)" via JDBC [Cannot add or update a child row: a foreign key constraint fails (`librairie`.`#sql-1790_3f6`, CONSTRAINT `FKny3wl2rnyjufrud0kb9jvr55s` FOREIGN KEY (`Prixarticlesid`) REFERENCES `prixarticles_easy` (`id`))]
org.hibernate.tool.schema.spi.CommandAcceptanceException: Error executing DDL "alter table barcodeproduit add constraint FKny3wl2rnyjufrud0kb9jvr55s foreign key (prixarticlesid) references prixarticles_easy (id)" via JDBC [Cannot add or update a child row: a foreign key constraint fails (`librairie`.`#sql-1790_3f6`, CONSTRAINT `FKny3wl2rnyjufrud0kb9jvr55s` FOREIGN KEY (`Prixarticlesid`) REFERENCES `prixarticles_easy` (`id`))]
	at org.hibernate.tool.schema.internal.exec.GenerationTargetToDatabase.accept(GenerationTargetToDatabase.java:94) ~[hibernate-core-6.6.8.Final.jar:6.6.8.Final]
	at org.hibernate.tool.schema.internal.AbstractSchemaMigrator.applySqlString(AbstractSchemaMigrator.java:576) ~[hibernate-core-6.6.8.Final.jar:6.6.8.Final]
	at org.hibernate.tool.schema.internal.AbstractSchemaMigrator.applySqlStrings(AbstractSchemaMigrator.java:516) ~[hibernate-core-6.6.8.Final.jar:6.6.8.Final]
	at org.hibernate.tool.schema.internal.AbstractSchemaMigrator.applyForeignKeys(AbstractSchemaMigrator.java:448) ~[hibernate-core-6.6.8.Final.jar:6.6.8.Final]
	at org.hibernate.tool.schema.internal.AbstractSchemaMigrator.performMigration(AbstractSchemaMigrator.java:269) ~[hibernate-core-6.6.8.Final.jar:6.6.8.Final]
	at org.hibernate.tool.schema.internal.AbstractSchemaMigrator.doMigration(AbstractSchemaMigrator.java:112) ~[hibernate-core-6.6.8.Final.jar:6.6.8.Final]
	at org.hibernate.tool.schema.spi.SchemaManagementToolCoordinator.performDatabaseAction(SchemaManagementToolCoordinator.java:280) ~[hibernate-core-6.6.8.Final.jar:6.6.8.Final]
	at org.hibernate.tool.schema.spi.SchemaManagementToolCoordinator.lambda$process$5(SchemaManagementToolCoordinator.java:144) ~[hibernate-core-6.6.8.Final.jar:6.6.8.Final]
	at java.base/java.util.HashMap.forEach(HashMap.java:1429) ~[na:na]
	at org.hibernate.tool.schema.spi.SchemaManagementToolCoordinator.process(SchemaManagementToolCoordinator.java:141) ~[hibernate-core-6.6.8.Final.jar:6.6.8.Final]
	at org.hibernate.boot.internal.SessionFactoryObserverForSchemaExport.sessionFactoryCreated(SessionFactoryObserverForSchemaExport.java:37) ~[hibernate-core-6.6.8.Final.jar:6.6.8.Final]
	at org.hibernate.internal.SessionFactoryObserverChain.sessionFactoryCreated(SessionFactoryObserverChain.java:35) ~[hibernate-core-6.6.8.Final.jar:6.6.8.Final]
	at org.hibernate.internal.SessionFactoryImpl.<init>(SessionFactoryImpl.java:324) ~[hibernate-core-6.6.8.Final.jar:6.6.8.Final]
	at org.hibernate.boot.internal.SessionFactoryBuilderImpl.build(SessionFactoryBuilderImpl.java:463) ~[hibernate-core-6.6.8.Final.jar:6.6.8.Final]
	at org.hibernate.jpa.boot.internal.EntityManagerFactoryBuilderImpl.build(EntityManagerFactoryBuilderImpl.java:1517) ~[hibernate-core-6.6.8.Final.jar:6.6.8.Final]
	at org.springframework.orm.jpa.vendor.SpringHibernateJpaPersistenceProvider.createContainerEntityManagerFactory(SpringHibernateJpaPersistenceProvider.java:66) ~[spring-orm-6.2.3.jar:6.2.3]
	at org.springframework.orm.jpa.LocalContainerEntityManagerFactoryBean.createNativeEntityManagerFactory(LocalContainerEntityManagerFactoryBean.java:390) ~[spring-orm-6.2.3.jar:6.2.3]
	at org.springframework.orm.jpa.AbstractEntityManagerFactoryBean.buildNativeEntityManagerFactory(AbstractEntityManagerFactoryBean.java:419) ~[spring-orm-6.2.3.jar:6.2.3]
	at org.springframework.orm.jpa.AbstractEntityManagerFactoryBean.afterPropertiesSet(AbstractEntityManagerFactoryBean.java:400) ~[spring-orm-6.2.3.jar:6.2.3]
	at org.springframework.orm.jpa.LocalContainerEntityManagerFactoryBean.afterPropertiesSet(LocalContainerEntityManagerFactoryBean.java:366) ~[spring-orm-6.2.3.jar:6.2.3]
	at org.springframework.beans.factory.support.AbstractAutowireCapableBeanFactory.invokeInitMethods(AbstractAutowireCapableBeanFactory.java:1859) ~[spring-beans-6.2.3.jar:6.2.3]
	at org.springframework.beans.factory.support.AbstractAutowireCapableBeanFactory.initializeBean(AbstractAutowireCapableBeanFactory.java:1808) ~[spring-beans-6.2.3.jar:6.2.3]
	at org.springframework.beans.factory.support.AbstractAutowireCapableBeanFactory.doCreateBean(AbstractAutowireCapableBeanFactory.java:601) ~[spring-beans-6.2.3.jar:6.2.3]
	at org.springframework.beans.factory.support.AbstractAutowireCapableBeanFactory.createBean(AbstractAutowireCapableBeanFactory.java:523) ~[spring-beans-6.2.3.jar:6.2.3]
	at org.springframework.beans.factory.support.AbstractBeanFactory.lambda$doGetBean$0(AbstractBeanFactory.java:339) ~[spring-beans-6.2.3.jar:6.2.3]
	at org.springframework.beans.factory.support.DefaultSingletonBeanRegistry.getSingleton(DefaultSingletonBeanRegistry.java:346) ~[spring-beans-6.2.3.jar:6.2.3]
	at org.springframework.beans.factory.support.AbstractBeanFactory.doGetBean(AbstractBeanFactory.java:337) ~[spring-beans-6.2.3.jar:6.2.3]
	at org.springframework.beans.factory.support.AbstractBeanFactory.getBean(AbstractBeanFactory.java:207) ~[spring-beans-6.2.3.jar:6.2.3]
	at org.springframework.context.support.AbstractApplicationContext.finishBeanFactoryInitialization(AbstractApplicationContext.java:970) ~[spring-context-6.2.3.jar:6.2.3]
	at org.springframework.context.support.AbstractApplicationContext.refresh(AbstractApplicationContext.java:627) ~[spring-context-6.2.3.jar:6.2.3]
	at org.springframework.boot.web.servlet.context.ServletWebServerApplicationContext.refresh(ServletWebServerApplicationContext.java:146) ~[spring-boot-3.4.3.jar:3.4.3]
	at org.springframework.boot.SpringApplication.refresh(SpringApplication.java:752) ~[spring-boot-3.4.3.jar:3.4.3]
	at org.springframework.boot.SpringApplication.refreshContext(SpringApplication.java:439) ~[spring-boot-3.4.3.jar:3.4.3]
	at org.springframework.boot.SpringApplication.run(SpringApplication.java:318) ~[spring-boot-3.4.3.jar:3.4.3]
	at org.springframework.boot.SpringApplication.run(SpringApplication.java:1361) ~[spring-boot-3.4.3.jar:3.4.3]
	at org.springframework.boot.SpringApplication.run(SpringApplication.java:1350) ~[spring-boot-3.4.3.jar:3.4.3]
	at com.mproduits.MproduitsApplication.main(MproduitsApplication.java:16) ~[classes/:na]
Caused by: java.sql.SQLIntegrityConstraintViolationException: Cannot add or update a child row: a foreign key constraint fails (`librairie`.`#sql-1790_3f6`, CONSTRAINT `FKny3wl2rnyjufrud0kb9jvr55s` FOREIGN KEY (`Prixarticlesid`) REFERENCES `prixarticles_easy` (`id`))
	at com.mysql.cj.jdbc.exceptions.SQLError.createSQLException(SQLError.java:109) ~[mysql-connector-j-9.1.0.jar:9.1.0]
	at com.mysql.cj.jdbc.exceptions.SQLExceptionsMapping.translateException(SQLExceptionsMapping.java:114) ~[mysql-connector-j-9.1.0.jar:9.1.0]
	at com.mysql.cj.jdbc.StatementImpl.executeInternal(StatementImpl.java:837) ~[mysql-connector-j-9.1.0.jar:9.1.0]
	at com.mysql.cj.jdbc.StatementImpl.execute(StatementImpl.java:685) ~[mysql-connector-j-9.1.0.jar:9.1.0]
	at com.zaxxer.hikari.pool.ProxyStatement.execute(ProxyStatement.java:94) ~[HikariCP-5.1.0.jar:na]
	at com.zaxxer.hikari.pool.HikariProxyStatement.execute(HikariProxyStatement.java) ~[HikariCP-5.1.0.jar:na]
	at org.hibernate.tool.schema.internal.exec.GenerationTargetToDatabase.accept(GenerationTargetToDatabase.java:80) ~[hibernate-core-6.6.8.Final.jar:6.6.8.Final]
	... 36 common frames omitted
2026-04-26 05:06:29.648 [main] WARN  o.h.t.s.i.ExceptionHandlerLoggedImpl - GenerationTarget encountered exception accepting command : Error executing DDL "alter table devis add constraint FKo9xhohtswfxk6ft1djfy1yp0n foreign key (boutiqueid) references boutique (id)" via JDBC [Cannot add or update a child row: a foreign key constraint fails (`librairie`.`#sql-1790_3f6`, CONSTRAINT `FKo9xhohtswfxk6ft1djfy1yp0n` FOREIGN KEY (`boutiqueid`) REFERENCES `boutique` (`id`))]
org.hibernate.tool.schema.spi.CommandAcceptanceException: Error executing DDL "alter table devis add constraint FKo9xhohtswfxk6ft1djfy1yp0n foreign key (boutiqueid) references boutique (id)" via JDBC [Cannot add or update a child row: a foreign key constraint fails (`librairie`.`#sql-1790_3f6`, CONSTRAINT `FKo9xhohtswfxk6ft1djfy1yp0n` FOREIGN KEY (`boutiqueid`) REFERENCES `boutique` (`id`))]
	at org.hibernate.tool.schema.internal.exec.GenerationTargetToDatabase.accept(GenerationTargetToDatabase.java:94) ~[hibernate-core-6.6.8.Final.jar:6.6.8.Final]
	at org.hibernate.tool.schema.internal.AbstractSchemaMigrator.applySqlString(AbstractSchemaMigrator.java:576) ~[hibernate-core-6.6.8.Final.jar:6.6.8.Final]
	at org.hibernate.tool.schema.internal.AbstractSchemaMigrator.applySqlStrings(AbstractSchemaMigrator.java:516) ~[hibernate-core-6.6.8.Final.jar:6.6.8.Final]
	at org.hibernate.tool.schema.internal.AbstractSchemaMigrator.applyForeignKeys(AbstractSchemaMigrator.java:448) ~[hibernate-core-6.6.8.Final.jar:6.6.8.Final]
	at org.hibernate.tool.schema.internal.AbstractSchemaMigrator.performMigration(AbstractSchemaMigrator.java:269) ~[hibernate-core-6.6.8.Final.jar:6.6.8.Final]
	at org.hibernate.tool.schema.internal.AbstractSchemaMigrator.doMigration(AbstractSchemaMigrator.java:112) ~[hibernate-core-6.6.8.Final.jar:6.6.8.Final]
	at org.hibernate.tool.schema.spi.SchemaManagementToolCoordinator.performDatabaseAction(SchemaManagementToolCoordinator.java:280) ~[hibernate-core-6.6.8.Final.jar:6.6.8.Final]
	at org.hibernate.tool.schema.spi.SchemaManagementToolCoordinator.lambda$process$5(SchemaManagementToolCoordinator.java:144) ~[hibernate-core-6.6.8.Final.jar:6.6.8.Final]
	at java.base/java.util.HashMap.forEach(HashMap.java:1429) ~[na:na]
	at org.hibernate.tool.schema.spi.SchemaManagementToolCoordinator.process(SchemaManagementToolCoordinator.java:141) ~[hibernate-core-6.6.8.Final.jar:6.6.8.Final]
	at org.hibernate.boot.internal.SessionFactoryObserverForSchemaExport.sessionFactoryCreated(SessionFactoryObserverForSchemaExport.java:37) ~[hibernate-core-6.6.8.Final.jar:6.6.8.Final]
	at org.hibernate.internal.SessionFactoryObserverChain.sessionFactoryCreated(SessionFactoryObserverChain.java:35) ~[hibernate-core-6.6.8.Final.jar:6.6.8.Final]
	at org.hibernate.internal.SessionFactoryImpl.<init>(SessionFactoryImpl.java:324) ~[hibernate-core-6.6.8.Final.jar:6.6.8.Final]
	at org.hibernate.boot.internal.SessionFactoryBuilderImpl.build(SessionFactoryBuilderImpl.java:463) ~[hibernate-core-6.6.8.Final.jar:6.6.8.Final]
	at org.hibernate.jpa.boot.internal.EntityManagerFactoryBuilderImpl.build(EntityManagerFactoryBuilderImpl.java:1517) ~[hibernate-core-6.6.8.Final.jar:6.6.8.Final]
	at org.springframework.orm.jpa.vendor.SpringHibernateJpaPersistenceProvider.createContainerEntityManagerFactory(SpringHibernateJpaPersistenceProvider.java:66) ~[spring-orm-6.2.3.jar:6.2.3]
	at org.springframework.orm.jpa.LocalContainerEntityManagerFactoryBean.createNativeEntityManagerFactory(LocalContainerEntityManagerFactoryBean.java:390) ~[spring-orm-6.2.3.jar:6.2.3]
	at org.springframework.orm.jpa.AbstractEntityManagerFactoryBean.buildNativeEntityManagerFactory(AbstractEntityManagerFactoryBean.java:419) ~[spring-orm-6.2.3.jar:6.2.3]
	at org.springframework.orm.jpa.AbstractEntityManagerFactoryBean.afterPropertiesSet(AbstractEntityManagerFactoryBean.java:400) ~[spring-orm-6.2.3.jar:6.2.3]
	at org.springframework.orm.jpa.LocalContainerEntityManagerFactoryBean.afterPropertiesSet(LocalContainerEntityManagerFactoryBean.java:366) ~[spring-orm-6.2.3.jar:6.2.3]
	at org.springframework.beans.factory.support.AbstractAutowireCapableBeanFactory.invokeInitMethods(AbstractAutowireCapableBeanFactory.java:1859) ~[spring-beans-6.2.3.jar:6.2.3]
	at org.springframework.beans.factory.support.AbstractAutowireCapableBeanFactory.initializeBean(AbstractAutowireCapableBeanFactory.java:1808) ~[spring-beans-6.2.3.jar:6.2.3]
	at org.springframework.beans.factory.support.AbstractAutowireCapableBeanFactory.doCreateBean(AbstractAutowireCapableBeanFactory.java:601) ~[spring-beans-6.2.3.jar:6.2.3]
	at org.springframework.beans.factory.support.AbstractAutowireCapableBeanFactory.createBean(AbstractAutowireCapableBeanFactory.java:523) ~[spring-beans-6.2.3.jar:6.2.3]
	at org.springframework.beans.factory.support.AbstractBeanFactory.lambda$doGetBean$0(AbstractBeanFactory.java:339) ~[spring-beans-6.2.3.jar:6.2.3]
	at org.springframework.beans.factory.support.DefaultSingletonBeanRegistry.getSingleton(DefaultSingletonBeanRegistry.java:346) ~[spring-beans-6.2.3.jar:6.2.3]
	at org.springframework.beans.factory.support.AbstractBeanFactory.doGetBean(AbstractBeanFactory.java:337) ~[spring-beans-6.2.3.jar:6.2.3]
	at org.springframework.beans.factory.support.AbstractBeanFactory.getBean(AbstractBeanFactory.java:207) ~[spring-beans-6.2.3.jar:6.2.3]
	at org.springframework.context.support.AbstractApplicationContext.finishBeanFactoryInitialization(AbstractApplicationContext.java:970) ~[spring-context-6.2.3.jar:6.2.3]
	at org.springframework.context.support.AbstractApplicationContext.refresh(AbstractApplicationContext.java:627) ~[spring-context-6.2.3.jar:6.2.3]
	at org.springframework.boot.web.servlet.context.ServletWebServerApplicationContext.refresh(ServletWebServerApplicationContext.java:146) ~[spring-boot-3.4.3.jar:3.4.3]
	at org.springframework.boot.SpringApplication.refresh(SpringApplication.java:752) ~[spring-boot-3.4.3.jar:3.4.3]
	at org.springframework.boot.SpringApplication.refreshContext(SpringApplication.java:439) ~[spring-boot-3.4.3.jar:3.4.3]
	at org.springframework.boot.SpringApplication.run(SpringApplication.java:318) ~[spring-boot-3.4.3.jar:3.4.3]
	at org.springframework.boot.SpringApplication.run(SpringApplication.java:1361) ~[spring-boot-3.4.3.jar:3.4.3]
	at org.springframework.boot.SpringApplication.run(SpringApplication.java:1350) ~[spring-boot-3.4.3.jar:3.4.3]
	at com.mproduits.MproduitsApplication.main(MproduitsApplication.java:16) ~[classes/:na]
Caused by: java.sql.SQLIntegrityConstraintViolationException: Cannot add or update a child row: a foreign key constraint fails (`librairie`.`#sql-1790_3f6`, CONSTRAINT `FKo9xhohtswfxk6ft1djfy1yp0n` FOREIGN KEY (`boutiqueid`) REFERENCES `boutique` (`id`))
	at com.mysql.cj.jdbc.exceptions.SQLError.createSQLException(SQLError.java:109) ~[mysql-connector-j-9.1.0.jar:9.1.0]
	at com.mysql.cj.jdbc.exceptions.SQLExceptionsMapping.translateException(SQLExceptionsMapping.java:114) ~[mysql-connector-j-9.1.0.jar:9.1.0]
	at com.mysql.cj.jdbc.StatementImpl.executeInternal(StatementImpl.java:837) ~[mysql-connector-j-9.1.0.jar:9.1.0]
	at com.mysql.cj.jdbc.StatementImpl.execute(StatementImpl.java:685) ~[mysql-connector-j-9.1.0.jar:9.1.0]
	at com.zaxxer.hikari.pool.ProxyStatement.execute(ProxyStatement.java:94) ~[HikariCP-5.1.0.jar:na]
	at com.zaxxer.hikari.pool.HikariProxyStatement.execute(HikariProxyStatement.java) ~[HikariCP-5.1.0.jar:na]
	at org.hibernate.tool.schema.internal.exec.GenerationTargetToDatabase.accept(GenerationTargetToDatabase.java:80) ~[hibernate-core-6.6.8.Final.jar:6.6.8.Final]
	... 36 common frames omitted
2026-04-26 05:06:30.026 [main] WARN  o.h.t.s.i.ExceptionHandlerLoggedImpl - GenerationTarget encountered exception accepting command : Error executing DDL "alter table prixclient add constraint FKslnu0j8f46h0ojbyjt077mrm4 foreign key (annee_id, employeur_id) references entreprise (anneeid, employeurid)" via JDBC [Cannot add or update a child row: a foreign key constraint fails (`librairie`.`#sql-1790_3f6`, CONSTRAINT `FKslnu0j8f46h0ojbyjt077mrm4` FOREIGN KEY (`annee_id`, `employeur_id`) REFERENCES `entreprise` (`Anneeid`, `Employeurid`))]
org.hibernate.tool.schema.spi.CommandAcceptanceException: Error executing DDL "alter table prixclient add constraint FKslnu0j8f46h0ojbyjt077mrm4 foreign key (annee_id, employeur_id) references entreprise (anneeid, employeurid)" via JDBC [Cannot add or update a child row: a foreign key constraint fails (`librairie`.`#sql-1790_3f6`, CONSTRAINT `FKslnu0j8f46h0ojbyjt077mrm4` FOREIGN KEY (`annee_id`, `employeur_id`) REFERENCES `entreprise` (`Anneeid`, `Employeurid`))]
	at org.hibernate.tool.schema.internal.exec.GenerationTargetToDatabase.accept(GenerationTargetToDatabase.java:94) ~[hibernate-core-6.6.8.Final.jar:6.6.8.Final]
	at org.hibernate.tool.schema.internal.AbstractSchemaMigrator.applySqlString(AbstractSchemaMigrator.java:576) ~[hibernate-core-6.6.8.Final.jar:6.6.8.Final]
	at org.hibernate.tool.schema.internal.AbstractSchemaMigrator.applySqlStrings(AbstractSchemaMigrator.java:516) ~[hibernate-core-6.6.8.Final.jar:6.6.8.Final]
	at org.hibernate.tool.schema.internal.AbstractSchemaMigrator.applyForeignKeys(AbstractSchemaMigrator.java:448) ~[hibernate-core-6.6.8.Final.jar:6.6.8.Final]
	at org.hibernate.tool.schema.internal.AbstractSchemaMigrator.performMigration(AbstractSchemaMigrator.java:269) ~[hibernate-core-6.6.8.Final.jar:6.6.8.Final]
	at org.hibernate.tool.schema.internal.AbstractSchemaMigrator.doMigration(AbstractSchemaMigrator.java:112) ~[hibernate-core-6.6.8.Final.jar:6.6.8.Final]
	at org.hibernate.tool.schema.spi.SchemaManagementToolCoordinator.performDatabaseAction(SchemaManagementToolCoordinator.java:280) ~[hibernate-core-6.6.8.Final.jar:6.6.8.Final]
	at org.hibernate.tool.schema.spi.SchemaManagementToolCoordinator.lambda$process$5(SchemaManagementToolCoordinator.java:144) ~[hibernate-core-6.6.8.Final.jar:6.6.8.Final]
	at java.base/java.util.HashMap.forEach(HashMap.java:1429) ~[na:na]
	at org.hibernate.tool.schema.spi.SchemaManagementToolCoordinator.process(SchemaManagementToolCoordinator.java:141) ~[hibernate-core-6.6.8.Final.jar:6.6.8.Final]
	at org.hibernate.boot.internal.SessionFactoryObserverForSchemaExport.sessionFactoryCreated(SessionFactoryObserverForSchemaExport.java:37) ~[hibernate-core-6.6.8.Final.jar:6.6.8.Final]
	at org.hibernate.internal.SessionFactoryObserverChain.sessionFactoryCreated(SessionFactoryObserverChain.java:35) ~[hibernate-core-6.6.8.Final.jar:6.6.8.Final]
	at org.hibernate.internal.SessionFactoryImpl.<init>(SessionFactoryImpl.java:324) ~[hibernate-core-6.6.8.Final.jar:6.6.8.Final]
	at org.hibernate.boot.internal.SessionFactoryBuilderImpl.build(SessionFactoryBuilderImpl.java:463) ~[hibernate-core-6.6.8.Final.jar:6.6.8.Final]
	at org.hibernate.jpa.boot.internal.EntityManagerFactoryBuilderImpl.build(EntityManagerFactoryBuilderImpl.java:1517) ~[hibernate-core-6.6.8.Final.jar:6.6.8.Final]
	at org.springframework.orm.jpa.vendor.SpringHibernateJpaPersistenceProvider.createContainerEntityManagerFactory(SpringHibernateJpaPersistenceProvider.java:66) ~[spring-orm-6.2.3.jar:6.2.3]
	at org.springframework.orm.jpa.LocalContainerEntityManagerFactoryBean.createNativeEntityManagerFactory(LocalContainerEntityManagerFactoryBean.java:390) ~[spring-orm-6.2.3.jar:6.2.3]
	at org.springframework.orm.jpa.AbstractEntityManagerFactoryBean.buildNativeEntityManagerFactory(AbstractEntityManagerFactoryBean.java:419) ~[spring-orm-6.2.3.jar:6.2.3]
	at org.springframework.orm.jpa.AbstractEntityManagerFactoryBean.afterPropertiesSet(AbstractEntityManagerFactoryBean.java:400) ~[spring-orm-6.2.3.jar:6.2.3]
	at org.springframework.orm.jpa.LocalContainerEntityManagerFactoryBean.afterPropertiesSet(LocalContainerEntityManagerFactoryBean.java:366) ~[spring-orm-6.2.3.jar:6.2.3]
	at org.springframework.beans.factory.support.AbstractAutowireCapableBeanFactory.invokeInitMethods(AbstractAutowireCapableBeanFactory.java:1859) ~[spring-beans-6.2.3.jar:6.2.3]
	at org.springframework.beans.factory.support.AbstractAutowireCapableBeanFactory.initializeBean(AbstractAutowireCapableBeanFactory.java:1808) ~[spring-beans-6.2.3.jar:6.2.3]
	at org.springframework.beans.factory.support.AbstractAutowireCapableBeanFactory.doCreateBean(AbstractAutowireCapableBeanFactory.java:601) ~[spring-beans-6.2.3.jar:6.2.3]
	at org.springframework.beans.factory.support.AbstractAutowireCapableBeanFactory.createBean(AbstractAutowireCapableBeanFactory.java:523) ~[spring-beans-6.2.3.jar:6.2.3]
	at org.springframework.beans.factory.support.AbstractBeanFactory.lambda$doGetBean$0(AbstractBeanFactory.java:339) ~[spring-beans-6.2.3.jar:6.2.3]
	at org.springframework.beans.factory.support.DefaultSingletonBeanRegistry.getSingleton(DefaultSingletonBeanRegistry.java:346) ~[spring-beans-6.2.3.jar:6.2.3]
	at org.springframework.beans.factory.support.AbstractBeanFactory.doGetBean(AbstractBeanFactory.java:337) ~[spring-beans-6.2.3.jar:6.2.3]
	at org.springframework.beans.factory.support.AbstractBeanFactory.getBean(AbstractBeanFactory.java:207) ~[spring-beans-6.2.3.jar:6.2.3]
	at org.springframework.context.support.AbstractApplicationContext.finishBeanFactoryInitialization(AbstractApplicationContext.java:970) ~[spring-context-6.2.3.jar:6.2.3]
	at org.springframework.context.support.AbstractApplicationContext.refresh(AbstractApplicationContext.java:627) ~[spring-context-6.2.3.jar:6.2.3]
	at org.springframework.boot.web.servlet.context.ServletWebServerApplicationContext.refresh(ServletWebServerApplicationContext.java:146) ~[spring-boot-3.4.3.jar:3.4.3]
	at org.springframework.boot.SpringApplication.refresh(SpringApplication.java:752) ~[spring-boot-3.4.3.jar:3.4.3]
	at org.springframework.boot.SpringApplication.refreshContext(SpringApplication.java:439) ~[spring-boot-3.4.3.jar:3.4.3]
	at org.springframework.boot.SpringApplication.run(SpringApplication.java:318) ~[spring-boot-3.4.3.jar:3.4.3]
	at org.springframework.boot.SpringApplication.run(SpringApplication.java:1361) ~[spring-boot-3.4.3.jar:3.4.3]
	at org.springframework.boot.SpringApplication.run(SpringApplication.java:1350) ~[spring-boot-3.4.3.jar:3.4.3]
	at com.mproduits.MproduitsApplication.main(MproduitsApplication.java:16) ~[classes/:na]
Caused by: java.sql.SQLIntegrityConstraintViolationException: Cannot add or update a child row: a foreign key constraint fails (`librairie`.`#sql-1790_3f6`, CONSTRAINT `FKslnu0j8f46h0ojbyjt077mrm4` FOREIGN KEY (`annee_id`, `employeur_id`) REFERENCES `entreprise` (`Anneeid`, `Employeurid`))
	at com.mysql.cj.jdbc.exceptions.SQLError.createSQLException(SQLError.java:109) ~[mysql-connector-j-9.1.0.jar:9.1.0]
	at com.mysql.cj.jdbc.exceptions.SQLExceptionsMapping.translateException(SQLExceptionsMapping.java:114) ~[mysql-connector-j-9.1.0.jar:9.1.0]
	at com.mysql.cj.jdbc.StatementImpl.executeInternal(StatementImpl.java:837) ~[mysql-connector-j-9.1.0.jar:9.1.0]
	at com.mysql.cj.jdbc.StatementImpl.execute(StatementImpl.java:685) ~[mysql-connector-j-9.1.0.jar:9.1.0]
	at com.zaxxer.hikari.pool.ProxyStatement.execute(ProxyStatement.java:94) ~[HikariCP-5.1.0.jar:na]
	at com.zaxxer.hikari.pool.HikariProxyStatement.execute(HikariProxyStatement.java) ~[HikariCP-5.1.0.jar:na]
	at org.hibernate.tool.schema.internal.exec.GenerationTargetToDatabase.accept(GenerationTargetToDatabase.java:80) ~[hibernate-core-6.6.8.Final.jar:6.6.8.Final]
	... 36 common frames omitted
2026-04-26 05:06:30.155 [main] WARN  o.h.t.s.i.ExceptionHandlerLoggedImpl - GenerationTarget encountered exception accepting command : Error executing DDL "alter table verrouillage add constraint FK4kt7jitkesfr6riqhqouxrvxc foreign key (annee_id, employeur_id) references entreprise (anneeid, employeurid)" via JDBC [Cannot add or update a child row: a foreign key constraint fails (`librairie`.`#sql-1790_3f6`, CONSTRAINT `FK4kt7jitkesfr6riqhqouxrvxc` FOREIGN KEY (`annee_id`, `employeur_id`) REFERENCES `entreprise` (`Anneeid`, `Employeurid`))]
org.hibernate.tool.schema.spi.CommandAcceptanceException: Error executing DDL "alter table verrouillage add constraint FK4kt7jitkesfr6riqhqouxrvxc foreign key (annee_id, employeur_id) references entreprise (anneeid, employeurid)" via JDBC [Cannot add or update a child row: a foreign key constraint fails (`librairie`.`#sql-1790_3f6`, CONSTRAINT `FK4kt7jitkesfr6riqhqouxrvxc` FOREIGN KEY (`annee_id`, `employeur_id`) REFERENCES `entreprise` (`Anneeid`, `Employeurid`))]
	at org.hibernate.tool.schema.internal.exec.GenerationTargetToDatabase.accept(GenerationTargetToDatabase.java:94) ~[hibernate-core-6.6.8.Final.jar:6.6.8.Final]
	at org.hibernate.tool.schema.internal.AbstractSchemaMigrator.applySqlString(AbstractSchemaMigrator.java:576) ~[hibernate-core-6.6.8.Final.jar:6.6.8.Final]
	at org.hibernate.tool.schema.internal.AbstractSchemaMigrator.applySqlStrings(AbstractSchemaMigrator.java:516) ~[hibernate-core-6.6.8.Final.jar:6.6.8.Final]
	at org.hibernate.tool.schema.internal.AbstractSchemaMigrator.applyForeignKeys(AbstractSchemaMigrator.java:448) ~[hibernate-core-6.6.8.Final.jar:6.6.8.Final]
	at org.hibernate.tool.schema.internal.AbstractSchemaMigrator.performMigration(AbstractSchemaMigrator.java:269) ~[hibernate-core-6.6.8.Final.jar:6.6.8.Final]
	at org.hibernate.tool.schema.internal.AbstractSchemaMigrator.doMigration(AbstractSchemaMigrator.java:112) ~[hibernate-core-6.6.8.Final.jar:6.6.8.Final]
	at org.hibernate.tool.schema.spi.SchemaManagementToolCoordinator.performDatabaseAction(SchemaManagementToolCoordinator.java:280) ~[hibernate-core-6.6.8.Final.jar:6.6.8.Final]
	at org.hibernate.tool.schema.spi.SchemaManagementToolCoordinator.lambda$process$5(SchemaManagementToolCoordinator.java:144) ~[hibernate-core-6.6.8.Final.jar:6.6.8.Final]
	at java.base/java.util.HashMap.forEach(HashMap.java:1429) ~[na:na]
	at org.hibernate.tool.schema.spi.SchemaManagementToolCoordinator.process(SchemaManagementToolCoordinator.java:141) ~[hibernate-core-6.6.8.Final.jar:6.6.8.Final]
	at org.hibernate.boot.internal.SessionFactoryObserverForSchemaExport.sessionFactoryCreated(SessionFactoryObserverForSchemaExport.java:37) ~[hibernate-core-6.6.8.Final.jar:6.6.8.Final]
	at org.hibernate.internal.SessionFactoryObserverChain.sessionFactoryCreated(SessionFactoryObserverChain.java:35) ~[hibernate-core-6.6.8.Final.jar:6.6.8.Final]
	at org.hibernate.internal.SessionFactoryImpl.<init>(SessionFactoryImpl.java:324) ~[hibernate-core-6.6.8.Final.jar:6.6.8.Final]
	at org.hibernate.boot.internal.SessionFactoryBuilderImpl.build(SessionFactoryBuilderImpl.java:463) ~[hibernate-core-6.6.8.Final.jar:6.6.8.Final]
	at org.hibernate.jpa.boot.internal.EntityManagerFactoryBuilderImpl.build(EntityManagerFactoryBuilderImpl.java:1517) ~[hibernate-core-6.6.8.Final.jar:6.6.8.Final]
	at org.springframework.orm.jpa.vendor.SpringHibernateJpaPersistenceProvider.createContainerEntityManagerFactory(SpringHibernateJpaPersistenceProvider.java:66) ~[spring-orm-6.2.3.jar:6.2.3]
	at org.springframework.orm.jpa.LocalContainerEntityManagerFactoryBean.createNativeEntityManagerFactory(LocalContainerEntityManagerFactoryBean.java:390) ~[spring-orm-6.2.3.jar:6.2.3]
	at org.springframework.orm.jpa.AbstractEntityManagerFactoryBean.buildNativeEntityManagerFactory(AbstractEntityManagerFactoryBean.java:419) ~[spring-orm-6.2.3.jar:6.2.3]
	at org.springframework.orm.jpa.AbstractEntityManagerFactoryBean.afterPropertiesSet(AbstractEntityManagerFactoryBean.java:400) ~[spring-orm-6.2.3.jar:6.2.3]
	at org.springframework.orm.jpa.LocalContainerEntityManagerFactoryBean.afterPropertiesSet(LocalContainerEntityManagerFactoryBean.java:366) ~[spring-orm-6.2.3.jar:6.2.3]
	at org.springframework.beans.factory.support.AbstractAutowireCapableBeanFactory.invokeInitMethods(AbstractAutowireCapableBeanFactory.java:1859) ~[spring-beans-6.2.3.jar:6.2.3]
	at org.springframework.beans.factory.support.AbstractAutowireCapableBeanFactory.initializeBean(AbstractAutowireCapableBeanFactory.java:1808) ~[spring-beans-6.2.3.jar:6.2.3]
	at org.springframework.beans.factory.support.AbstractAutowireCapableBeanFactory.doCreateBean(AbstractAutowireCapableBeanFactory.java:601) ~[spring-beans-6.2.3.jar:6.2.3]
	at org.springframework.beans.factory.support.AbstractAutowireCapableBeanFactory.createBean(AbstractAutowireCapableBeanFactory.java:523) ~[spring-beans-6.2.3.jar:6.2.3]
	at org.springframework.beans.factory.support.AbstractBeanFactory.lambda$doGetBean$0(AbstractBeanFactory.java:339) ~[spring-beans-6.2.3.jar:6.2.3]
	at org.springframework.beans.factory.support.DefaultSingletonBeanRegistry.getSingleton(DefaultSingletonBeanRegistry.java:346) ~[spring-beans-6.2.3.jar:6.2.3]
	at org.springframework.beans.factory.support.AbstractBeanFactory.doGetBean(AbstractBeanFactory.java:337) ~[spring-beans-6.2.3.jar:6.2.3]
	at org.springframework.beans.factory.support.AbstractBeanFactory.getBean(AbstractBeanFactory.java:207) ~[spring-beans-6.2.3.jar:6.2.3]
	at org.springframework.context.support.AbstractApplicationContext.finishBeanFactoryInitialization(AbstractApplicationContext.java:970) ~[spring-context-6.2.3.jar:6.2.3]
	at org.springframework.context.support.AbstractApplicationContext.refresh(AbstractApplicationContext.java:627) ~[spring-context-6.2.3.jar:6.2.3]
	at org.springframework.boot.web.servlet.context.ServletWebServerApplicationContext.refresh(ServletWebServerApplicationContext.java:146) ~[spring-boot-3.4.3.jar:3.4.3]
	at org.springframework.boot.SpringApplication.refresh(SpringApplication.java:752) ~[spring-boot-3.4.3.jar:3.4.3]
	at org.springframework.boot.SpringApplication.refreshContext(SpringApplication.java:439) ~[spring-boot-3.4.3.jar:3.4.3]
	at org.springframework.boot.SpringApplication.run(SpringApplication.java:318) ~[spring-boot-3.4.3.jar:3.4.3]
	at org.springframework.boot.SpringApplication.run(SpringApplication.java:1361) ~[spring-boot-3.4.3.jar:3.4.3]
	at org.springframework.boot.SpringApplication.run(SpringApplication.java:1350) ~[spring-boot-3.4.3.jar:3.4.3]
	at com.mproduits.MproduitsApplication.main(MproduitsApplication.java:16) ~[classes/:na]
Caused by: java.sql.SQLIntegrityConstraintViolationException: Cannot add or update a child row: a foreign key constraint fails (`librairie`.`#sql-1790_3f6`, CONSTRAINT `FK4kt7jitkesfr6riqhqouxrvxc` FOREIGN KEY (`annee_id`, `employeur_id`) REFERENCES `entreprise` (`Anneeid`, `Employeurid`))
	at com.mysql.cj.jdbc.exceptions.SQLError.createSQLException(SQLError.java:109) ~[mysql-connector-j-9.1.0.jar:9.1.0]
	at com.mysql.cj.jdbc.exceptions.SQLExceptionsMapping.translateException(SQLExceptionsMapping.java:114) ~[mysql-connector-j-9.1.0.jar:9.1.0]
	at com.mysql.cj.jdbc.StatementImpl.executeInternal(StatementImpl.java:837) ~[mysql-connector-j-9.1.0.jar:9.1.0]
	at com.mysql.cj.jdbc.StatementImpl.execute(StatementImpl.java:685) ~[mysql-connector-j-9.1.0.jar:9.1.0]
	at com.zaxxer.hikari.pool.ProxyStatement.execute(ProxyStatement.java:94) ~[HikariCP-5.1.0.jar:na]
	at com.zaxxer.hikari.pool.HikariProxyStatement.execute(HikariProxyStatement.java) ~[HikariCP-5.1.0.jar:na]
	at org.hibernate.tool.schema.internal.exec.GenerationTargetToDatabase.accept(GenerationTargetToDatabase.java:80) ~[hibernate-core-6.6.8.Final.jar:6.6.8.Final]
	... 36 common frames omitted
2026-04-26 05:06:30.825 [main] INFO  o.s.d.j.r.query.QueryEnhancerFactory - Hibernate is in classpath; If applicable, HQL parser will be used.
2026-04-26 05:06:39.622 [main] INFO  com.mproduits.CacheConfig - Configuration du cache manager Caffeine
2026-04-26 05:06:39.913 [main] WARN  o.s.b.a.o.j.JpaBaseConfiguration$JpaWebConfiguration - spring.jpa.open-in-view is enabled by default. Therefore, database queries may be performed during view rendering. Explicitly configure spring.jpa.open-in-view to disable this warning
2026-04-26 05:06:40.040 [main] INFO  o.s.v.b.OptionalValidatorFactoryBean - Failed to set up a Bean Validation provider: jakarta.validation.NoProviderFoundException: Unable to create a Configuration, because no Jakarta Bean Validation provider could be found. Add a provider like Hibernate Validator (RI) to your classpath.
2026-04-26 05:06:41.676 [main] INFO  o.s.c.n.e.c.DiscoveryClientOptionalArgsConfiguration - Eureka HTTP Client uses RestTemplate.
2026-04-26 05:06:41.784 [main] INFO  o.s.b.a.e.web.EndpointLinksResolver - Exposing 3 endpoints beneath base path '/actuator'
2026-04-26 05:06:41.940 [main] INFO  o.s.c.n.eureka.InstanceInfoFactory - Setting initial instance status as: STARTING
2026-04-26 05:06:42.319 [main] INFO  o.s.c.n.e.s.EurekaServiceRegistry - Registering application MICROSERVICE-PRODUITS with eureka with status UP
2026-04-26 05:06:42.385 [main] INFO  o.s.b.w.e.tomcat.TomcatWebServer - Tomcat started on port 9001 (http) with context path '/'
2026-04-26 05:06:42.387 [main] INFO  o.s.c.n.e.s.EurekaAutoServiceRegistration - Updating port to 9001
2026-04-26 05:06:42.435 [main] INFO  com.mproduits.MproduitsApplication - Started MproduitsApplication in 24.095 seconds (process running for 24.568)
2026-04-26 05:06:43.305 [AsyncReporter{ZipkinRestTemplateSender{http://localhost:9411/api/v2/spans}}] WARN  z.r.i.AsyncReporter$BoundedAsyncReporter - Spans were dropped due to exceptions. All subsequent errors will be logged at FINE level.
2026-04-26 05:06:43.306 [AsyncReporter{ZipkinRestTemplateSender{http://localhost:9411/api/v2/spans}}] WARN  z.r.i.AsyncReporter$BoundedAsyncReporter - Dropped 2 spans due to ResourceAccessException(I/O error on POST request for "http://localhost:9411/api/v2/spans": Connect to http://localhost:9411 [localhost/127.0.0.1, localhost/0:0:0:0:0:0:0:1] failed: Connection refused: no further information)
org.springframework.web.client.ResourceAccessException: I/O error on POST request for "http://localhost:9411/api/v2/spans": Connect to http://localhost:9411 [localhost/127.0.0.1, localhost/0:0:0:0:0:0:0:1] failed: Connection refused: no further information
	at org.springframework.web.client.RestTemplate.createResourceAccessException(RestTemplate.java:925) ~[spring-web-6.2.3.jar:6.2.3]
	at org.springframework.web.client.RestTemplate.doExecute(RestTemplate.java:905) ~[spring-web-6.2.3.jar:6.2.3]
	at org.springframework.web.client.RestTemplate.execute(RestTemplate.java:840) ~[spring-web-6.2.3.jar:6.2.3]
	at org.springframework.web.client.RestTemplate.exchange(RestTemplate.java:701) ~[spring-web-6.2.3.jar:6.2.3]
	at org.springframework.boot.actuate.autoconfigure.tracing.zipkin.ZipkinRestTemplateSender.postSpans(ZipkinRestTemplateSender.java:50) ~[spring-boot-actuator-autoconfigure-3.4.3.jar:3.4.3]
	at org.springframework.boot.actuate.autoconfigure.tracing.zipkin.HttpSender.postSpans(HttpSender.java:69) ~[spring-boot-actuator-autoconfigure-3.4.3.jar:3.4.3]
	at org.springframework.boot.actuate.autoconfigure.tracing.zipkin.HttpSender.postSpans(HttpSender.java:41) ~[spring-boot-actuator-autoconfigure-3.4.3.jar:3.4.3]
	at zipkin2.reporter.BaseHttpSender.send(BaseHttpSender.java:123) ~[zipkin-reporter-3.4.3.jar:na]
	at zipkin2.reporter.internal.AsyncReporter$BoundedAsyncReporter.flush(AsyncReporter.java:266) ~[zipkin-reporter-3.4.3.jar:na]
	at zipkin2.reporter.internal.AsyncReporter$Flusher.run(AsyncReporter.java:352) ~[zipkin-reporter-3.4.3.jar:na]
	at java.base/java.lang.Thread.run(Thread.java:1583) ~[na:na]
Caused by: org.apache.hc.client5.http.HttpHostConnectException: Connect to http://localhost:9411 [localhost/127.0.0.1, localhost/0:0:0:0:0:0:0:1] failed: Connection refused: no further information
	at java.base/sun.nio.ch.Net.pollConnect(Native Method) ~[na:na]
	at java.base/sun.nio.ch.Net.pollConnectNow(Net.java:682) ~[na:na]
	at java.base/sun.nio.ch.NioSocketImpl.timedFinishConnect(NioSocketImpl.java:542) ~[na:na]
	at java.base/sun.nio.ch.NioSocketImpl.connect(NioSocketImpl.java:592) ~[na:na]
	at java.base/java.net.SocksSocketImpl.connect(SocksSocketImpl.java:327) ~[na:na]
	at java.base/java.net.Socket.connect(Socket.java:751) ~[na:na]
	at org.apache.hc.client5.http.impl.io.DefaultHttpClientConnectionOperator.connect(DefaultHttpClientConnectionOperator.java:216) ~[httpclient5-5.4.2.jar:5.4.2]
	at org.apache.hc.client5.http.impl.io.PoolingHttpClientConnectionManager.connect(PoolingHttpClientConnectionManager.java:490) ~[httpclient5-5.4.2.jar:5.4.2]
	at org.apache.hc.client5.http.impl.classic.InternalExecRuntime.connectEndpoint(InternalExecRuntime.java:164) ~[httpclient5-5.4.2.jar:5.4.2]
	at org.apache.hc.client5.http.impl.classic.InternalExecRuntime.connectEndpoint(InternalExecRuntime.java:174) ~[httpclient5-5.4.2.jar:5.4.2]
	at org.apache.hc.client5.http.impl.classic.ConnectExec.execute(ConnectExec.java:144) ~[httpclient5-5.4.2.jar:5.4.2]
	at org.apache.hc.client5.http.impl.classic.ExecChainElement.execute(ExecChainElement.java:51) ~[httpclient5-5.4.2.jar:5.4.2]
	at org.apache.hc.client5.http.impl.classic.ProtocolExec.execute(ProtocolExec.java:192) ~[httpclient5-5.4.2.jar:5.4.2]
	at org.apache.hc.client5.http.impl.classic.ExecChainElement.execute(ExecChainElement.java:51) ~[httpclient5-5.4.2.jar:5.4.2]
	at org.apache.hc.client5.http.impl.classic.ContentCompressionExec.execute(ContentCompressionExec.java:150) ~[httpclient5-5.4.2.jar:5.4.2]
	at org.apache.hc.client5.http.impl.classic.ExecChainElement.execute(ExecChainElement.java:51) ~[httpclient5-5.4.2.jar:5.4.2]
	at org.apache.hc.client5.http.impl.classic.HttpRequestRetryExec.execute(HttpRequestRetryExec.java:113) ~[httpclient5-5.4.2.jar:5.4.2]
	at org.apache.hc.client5.http.impl.classic.ExecChainElement.execute(ExecChainElement.java:51) ~[httpclient5-5.4.2.jar:5.4.2]
	at org.apache.hc.client5.http.impl.classic.RedirectExec.execute(RedirectExec.java:110) ~[httpclient5-5.4.2.jar:5.4.2]
	at org.apache.hc.client5.http.impl.classic.ExecChainElement.execute(ExecChainElement.java:51) ~[httpclient5-5.4.2.jar:5.4.2]
	at org.apache.hc.client5.http.impl.classic.InternalHttpClient.doExecute(InternalHttpClient.java:174) ~[httpclient5-5.4.2.jar:5.4.2]
	at org.apache.hc.client5.http.impl.classic.CloseableHttpClient.execute(CloseableHttpClient.java:87) ~[httpclient5-5.4.2.jar:5.4.2]
	at org.apache.hc.client5.http.impl.classic.CloseableHttpClient.execute(CloseableHttpClient.java:55) ~[httpclient5-5.4.2.jar:5.4.2]
	at org.apache.hc.client5.http.classic.HttpClient.executeOpen(HttpClient.java:183) ~[httpclient5-5.4.2.jar:5.4.2]
	at org.springframework.http.client.HttpComponentsClientHttpRequest.executeInternal(HttpComponentsClientHttpRequest.java:99) ~[spring-web-6.2.3.jar:6.2.3]
	at org.springframework.http.client.AbstractStreamingClientHttpRequest.executeInternal(AbstractStreamingClientHttpRequest.java:71) ~[spring-web-6.2.3.jar:6.2.3]
	at org.springframework.http.client.AbstractClientHttpRequest.execute(AbstractClientHttpRequest.java:81) ~[spring-web-6.2.3.jar:6.2.3]
	at org.springframework.web.client.RestTemplate.doExecute(RestTemplate.java:899) ~[spring-web-6.2.3.jar:6.2.3]
	... 9 common frames omitted
2026-04-26 05:07:28.053 [http-nio-9001-exec-1] INFO  c.m.w.c.ControleVenteController - Requête de génération du contrôle des ventes - Mois: 1, Entreprise: 2026
2026-04-26 05:07:28.059 [http-nio-9001-exec-1] INFO  c.m.services.ControleVenteService - Génération du contrôle des ventes - Mois: 1, Entreprise: 2026
2026-04-26 05:07:28.225 [http-nio-9001-exec-1] DEBUG c.m.services.ControleVenteService - Collecte de 21 dates distinctes avec opérations
2026-04-26 05:07:28.226 [http-nio-9001-exec-1] DEBUG c.m.services.ControleVenteService - Génération du contrôle pour la date : 2026-01-30
2026-04-26 05:07:28.237 [http-nio-9001-exec-1] DEBUG c.m.services.ControleVenteService - Génération du contrôle pour la date : 2026-01-27
2026-04-26 05:07:28.243 [http-nio-9001-exec-1] DEBUG c.m.services.ControleVenteService - Génération du contrôle pour la date : 2026-01-26
2026-04-26 05:07:28.251 [http-nio-9001-exec-1] DEBUG c.m.services.ControleVenteService - Génération du contrôle pour la date : 2026-01-25
2026-04-26 05:07:28.259 [http-nio-9001-exec-1] DEBUG c.m.services.ControleVenteService - Génération du contrôle pour la date : 2026-01-24
2026-04-26 05:07:28.269 [http-nio-9001-exec-1] DEBUG c.m.services.ControleVenteService - Génération du contrôle pour la date : 2026-01-23
2026-04-26 05:07:28.277 [http-nio-9001-exec-1] DEBUG c.m.services.ControleVenteService - Génération du contrôle pour la date : 2026-01-22
2026-04-26 05:07:28.286 [http-nio-9001-exec-1] DEBUG c.m.services.ControleVenteService - Génération du contrôle pour la date : 2026-01-21
2026-04-26 05:07:28.296 [http-nio-9001-exec-1] DEBUG c.m.services.ControleVenteService - Génération du contrôle pour la date : 2026-01-20
2026-04-26 05:07:28.305 [http-nio-9001-exec-1] DEBUG c.m.services.ControleVenteService - Génération du contrôle pour la date : 2026-01-19
2026-04-26 05:07:28.317 [http-nio-9001-exec-1] DEBUG c.m.services.ControleVenteService - Génération du contrôle pour la date : 2026-01-18
2026-04-26 05:07:28.326 [http-nio-9001-exec-1] DEBUG c.m.services.ControleVenteService - Génération du contrôle pour la date : 2026-01-17
2026-04-26 05:07:28.335 [http-nio-9001-exec-1] DEBUG c.m.services.ControleVenteService - Génération du contrôle pour la date : 2026-01-16
2026-04-26 05:07:28.342 [http-nio-9001-exec-1] DEBUG c.m.services.ControleVenteService - Génération du contrôle pour la date : 2026-01-15
2026-04-26 05:07:28.352 [http-nio-9001-exec-1] DEBUG c.m.services.ControleVenteService - Génération du contrôle pour la date : 2026-01-14
2026-04-26 05:07:28.362 [http-nio-9001-exec-1] DEBUG c.m.services.ControleVenteService - Génération du contrôle pour la date : 2026-01-13
2026-04-26 05:07:28.370 [http-nio-9001-exec-1] DEBUG c.m.services.ControleVenteService - Génération du contrôle pour la date : 2026-01-12
2026-04-26 05:07:28.383 [http-nio-9001-exec-1] DEBUG c.m.services.ControleVenteService - Génération du contrôle pour la date : 2026-01-10
2026-04-26 05:07:28.389 [http-nio-9001-exec-1] DEBUG c.m.services.ControleVenteService - Génération du contrôle pour la date : 2026-01-09
2026-04-26 05:07:28.398 [http-nio-9001-exec-1] DEBUG c.m.services.ControleVenteService - Génération du contrôle pour la date : 2026-01-08
2026-04-26 05:07:28.404 [http-nio-9001-exec-1] DEBUG c.m.services.ControleVenteService - Génération du contrôle pour la date : 2026-01-07
2026-04-26 05:07:28.413 [http-nio-9001-exec-1] INFO  c.m.services.ControleVenteService - Contrôle des ventes généré : 21 jours avec des opérations
2026-04-26 05:07:28.458 [http-nio-9001-exec-2] ERROR c.m.e.GlobalExceptionHandler - Erreur serveur
org.springframework.web.bind.MissingServletRequestParameterException: Required request parameter 'anneeid' for method parameter type int is not present
	at org.springframework.web.method.annotation.RequestParamMethodArgumentResolver.handleMissingValueInternal(RequestParamMethodArgumentResolver.java:220) ~[spring-web-6.2.3.jar:6.2.3]
	at org.springframework.web.method.annotation.RequestParamMethodArgumentResolver.handleMissingValue(RequestParamMethodArgumentResolver.java:196) ~[spring-web-6.2.3.jar:6.2.3]
	at org.springframework.web.method.annotation.AbstractNamedValueMethodArgumentResolver.resolveArgument(AbstractNamedValueMethodArgumentResolver.java:125) ~[spring-web-6.2.3.jar:6.2.3]
	at org.springframework.web.method.support.HandlerMethodArgumentResolverComposite.resolveArgument(HandlerMethodArgumentResolverComposite.java:122) ~[spring-web-6.2.3.jar:6.2.3]
	at org.springframework.web.method.support.InvocableHandlerMethod.getMethodArgumentValues(InvocableHandlerMethod.java:226) ~[spring-web-6.2.3.jar:6.2.3]
	at org.springframework.web.method.support.InvocableHandlerMethod.invokeForRequest(InvocableHandlerMethod.java:180) ~[spring-web-6.2.3.jar:6.2.3]
	at org.springframework.web.servlet.mvc.method.annotation.ServletInvocableHandlerMethod.invokeAndHandle(ServletInvocableHandlerMethod.java:118) ~[spring-webmvc-6.2.3.jar:6.2.3]
	at org.springframework.web.servlet.mvc.method.annotation.RequestMappingHandlerAdapter.invokeHandlerMethod(RequestMappingHandlerAdapter.java:986) ~[spring-webmvc-6.2.3.jar:6.2.3]
	at org.springframework.web.servlet.mvc.method.annotation.RequestMappingHandlerAdapter.handleInternal(RequestMappingHandlerAdapter.java:891) ~[spring-webmvc-6.2.3.jar:6.2.3]
	at org.springframework.web.servlet.mvc.method.AbstractHandlerMethodAdapter.handle(AbstractHandlerMethodAdapter.java:87) ~[spring-webmvc-6.2.3.jar:6.2.3]
	at org.springframework.web.servlet.DispatcherServlet.doDispatch(DispatcherServlet.java:1088) ~[spring-webmvc-6.2.3.jar:6.2.3]
	at org.springframework.web.servlet.DispatcherServlet.doService(DispatcherServlet.java:978) ~[spring-webmvc-6.2.3.jar:6.2.3]
	at org.springframework.web.servlet.FrameworkServlet.processRequest(FrameworkServlet.java:1014) ~[spring-webmvc-6.2.3.jar:6.2.3]
	at org.springframework.web.servlet.FrameworkServlet.doGet(FrameworkServlet.java:903) ~[spring-webmvc-6.2.3.jar:6.2.3]
	at jakarta.servlet.http.HttpServlet.service(HttpServlet.java:564) ~[tomcat-embed-core-10.1.36.jar:6.0]
	at org.springframework.web.servlet.FrameworkServlet.service(FrameworkServlet.java:885) ~[spring-webmvc-6.2.3.jar:6.2.3]
	at jakarta.servlet.http.HttpServlet.service(HttpServlet.java:658) ~[tomcat-embed-core-10.1.36.jar:6.0]
	at org.apache.catalina.core.ApplicationFilterChain.internalDoFilter(ApplicationFilterChain.java:195) ~[tomcat-embed-core-10.1.36.jar:10.1.36]
	at org.apache.catalina.core.ApplicationFilterChain.doFilter(ApplicationFilterChain.java:140) ~[tomcat-embed-core-10.1.36.jar:10.1.36]
	at org.apache.tomcat.websocket.server.WsFilter.doFilter(WsFilter.java:51) ~[tomcat-embed-websocket-10.1.36.jar:10.1.36]
	at org.apache.catalina.core.ApplicationFilterChain.internalDoFilter(ApplicationFilterChain.java:164) ~[tomcat-embed-core-10.1.36.jar:10.1.36]
	at org.apache.catalina.core.ApplicationFilterChain.doFilter(ApplicationFilterChain.java:140) ~[tomcat-embed-core-10.1.36.jar:10.1.36]
	at org.springframework.web.filter.RequestContextFilter.doFilterInternal(RequestContextFilter.java:100) ~[spring-web-6.2.3.jar:6.2.3]
	at org.springframework.web.filter.OncePerRequestFilter.doFilter(OncePerRequestFilter.java:116) ~[spring-web-6.2.3.jar:6.2.3]
	at org.apache.catalina.core.ApplicationFilterChain.internalDoFilter(ApplicationFilterChain.java:164) ~[tomcat-embed-core-10.1.36.jar:10.1.36]
	at org.apache.catalina.core.ApplicationFilterChain.doFilter(ApplicationFilterChain.java:140) ~[tomcat-embed-core-10.1.36.jar:10.1.36]
	at org.springframework.web.filter.FormContentFilter.doFilterInternal(FormContentFilter.java:93) ~[spring-web-6.2.3.jar:6.2.3]
	at org.springframework.web.filter.OncePerRequestFilter.doFilter(OncePerRequestFilter.java:116) ~[spring-web-6.2.3.jar:6.2.3]
	at org.apache.catalina.core.ApplicationFilterChain.internalDoFilter(ApplicationFilterChain.java:164) ~[tomcat-embed-core-10.1.36.jar:10.1.36]
	at org.apache.catalina.core.ApplicationFilterChain.doFilter(ApplicationFilterChain.java:140) ~[tomcat-embed-core-10.1.36.jar:10.1.36]
	at org.springframework.web.filter.ServerHttpObservationFilter.doFilterInternal(ServerHttpObservationFilter.java:114) ~[spring-web-6.2.3.jar:6.2.3]
	at org.springframework.web.filter.OncePerRequestFilter.doFilter(OncePerRequestFilter.java:116) ~[spring-web-6.2.3.jar:6.2.3]
	at org.apache.catalina.core.ApplicationFilterChain.internalDoFilter(ApplicationFilterChain.java:164) ~[tomcat-embed-core-10.1.36.jar:10.1.36]
	at org.apache.catalina.core.ApplicationFilterChain.doFilter(ApplicationFilterChain.java:140) ~[tomcat-embed-core-10.1.36.jar:10.1.36]
	at org.springframework.web.filter.CharacterEncodingFilter.doFilterInternal(CharacterEncodingFilter.java:201) ~[spring-web-6.2.3.jar:6.2.3]
	at org.springframework.web.filter.OncePerRequestFilter.doFilter(OncePerRequestFilter.java:116) ~[spring-web-6.2.3.jar:6.2.3]
	at org.apache.catalina.core.ApplicationFilterChain.internalDoFilter(ApplicationFilterChain.java:164) ~[tomcat-embed-core-10.1.36.jar:10.1.36]
	at org.apache.catalina.core.ApplicationFilterChain.doFilter(ApplicationFilterChain.java:140) ~[tomcat-embed-core-10.1.36.jar:10.1.36]
	at org.apache.catalina.core.StandardWrapperValve.invoke(StandardWrapperValve.java:167) ~[tomcat-embed-core-10.1.36.jar:10.1.36]
	at org.apache.catalina.core.StandardContextValve.invoke(StandardContextValve.java:90) ~[tomcat-embed-core-10.1.36.jar:10.1.36]
	at org.apache.catalina.authenticator.AuthenticatorBase.invoke(AuthenticatorBase.java:483) ~[tomcat-embed-core-10.1.36.jar:10.1.36]
	at org.apache.catalina.core.StandardHostValve.invoke(StandardHostValve.java:115) ~[tomcat-embed-core-10.1.36.jar:10.1.36]
	at org.apache.catalina.valves.ErrorReportValve.invoke(ErrorReportValve.java:93) ~[tomcat-embed-core-10.1.36.jar:10.1.36]
	at org.apache.catalina.core.StandardEngineValve.invoke(StandardEngineValve.java:74) ~[tomcat-embed-core-10.1.36.jar:10.1.36]
	at org.apache.catalina.connector.CoyoteAdapter.service(CoyoteAdapter.java:344) ~[tomcat-embed-core-10.1.36.jar:10.1.36]
	at org.apache.coyote.http11.Http11Processor.service(Http11Processor.java:397) ~[tomcat-embed-core-10.1.36.jar:10.1.36]
	at org.apache.coyote.AbstractProcessorLight.process(AbstractProcessorLight.java:63) ~[tomcat-embed-core-10.1.36.jar:10.1.36]
	at org.apache.coyote.AbstractProtocol$ConnectionHandler.process(AbstractProtocol.java:905) ~[tomcat-embed-core-10.1.36.jar:10.1.36]
	at org.apache.tomcat.util.net.NioEndpoint$SocketProcessor.doRun(NioEndpoint.java:1743) ~[tomcat-embed-core-10.1.36.jar:10.1.36]
	at org.apache.tomcat.util.net.SocketProcessorBase.run(SocketProcessorBase.java:52) ~[tomcat-embed-core-10.1.36.jar:10.1.36]
	at org.apache.tomcat.util.threads.ThreadPoolExecutor.runWorker(ThreadPoolExecutor.java:1190) ~[tomcat-embed-core-10.1.36.jar:10.1.36]
	at org.apache.tomcat.util.threads.ThreadPoolExecutor$Worker.run(ThreadPoolExecutor.java:659) ~[tomcat-embed-core-10.1.36.jar:10.1.36]
	at org.apache.tomcat.util.threads.TaskThread$WrappingRunnable.run(TaskThread.java:63) ~[tomcat-embed-core-10.1.36.jar:10.1.36]
	at java.base/java.lang.Thread.run(Thread.java:1583) ~[na:na]
2026-04-26 05:16:07.452 [main] INFO  o.s.c.c.c.ConfigServicePropertySourceLocator - Fetching config from server at : http://localhost:9101
2026-04-26 05:16:09.546 [main] INFO  o.s.c.c.c.ConfigServicePropertySourceLocator - Located environment: name=microservice-produits, profiles=[default], label=null, version=a6dc47ce0a6649886d252a94df0b43378c8a5cce, state=
2026-04-26 05:16:09.547 [main] INFO  o.s.c.b.c.PropertySourceBootstrapConfiguration - Located property source: [BootstrapPropertySource {name='bootstrapProperties-configClient'}, BootstrapPropertySource {name='bootstrapProperties-https://github.com/ESPHEREAPI/cloud-config-gescom.git/microservice-produits.properties'}]
2026-04-26 05:16:09.570 [main] INFO  com.mproduits.MproduitsApplication - No active profile set, falling back to 1 default profile: "default"
2026-04-26 05:16:10.876 [main] INFO  o.s.d.r.c.RepositoryConfigurationDelegate - Bootstrapping Spring Data JPA repositories in DEFAULT mode.
2026-04-26 05:16:11.197 [main] INFO  o.s.d.r.c.RepositoryConfigurationDelegate - Finished Spring Data repository scanning in 307 ms. Found 56 JPA repository interfaces.
2026-04-26 05:16:11.463 [main] INFO  o.s.cloud.context.scope.GenericScope - BeanFactory id=33a517d9-b132-366e-8c6a-7f776a6e3bf8
2026-04-26 05:16:12.193 [main] INFO  o.s.b.w.e.tomcat.TomcatWebServer - Tomcat initialized with port 9001 (http)
2026-04-26 05:16:12.266 [main] INFO  o.s.b.w.s.c.ServletWebServerApplicationContext - Root WebApplicationContext: initialization completed in 2681 ms
2026-04-26 05:16:13.494 [main] WARN  org.hibernate.orm.deprecation - HHH90000025: MySQL8Dialect does not need to be specified explicitly using 'hibernate.dialect' (remove the property setting and it will be selected by default)
2026-04-26 05:16:13.497 [main] WARN  org.hibernate.orm.deprecation - HHH90000026: MySQL8Dialect has been deprecated; use org.hibernate.dialect.MySQLDialect instead
2026-04-26 05:16:16.125 [main] WARN  o.h.t.s.i.ExceptionHandlerLoggedImpl - GenerationTarget encountered exception accepting command : Error executing DDL "alter table employeur modify column logos tinyblob" via JDBC [Data truncation: Data too long for column 'logos' at row 1]
org.hibernate.tool.schema.spi.CommandAcceptanceException: Error executing DDL "alter table employeur modify column logos tinyblob" via JDBC [Data truncation: Data too long for column 'logos' at row 1]
	at org.hibernate.tool.schema.internal.exec.GenerationTargetToDatabase.accept(GenerationTargetToDatabase.java:94) ~[hibernate-core-6.6.8.Final.jar:6.6.8.Final]
	at org.hibernate.tool.schema.internal.AbstractSchemaMigrator.applySqlString(AbstractSchemaMigrator.java:576) ~[hibernate-core-6.6.8.Final.jar:6.6.8.Final]
	at org.hibernate.tool.schema.internal.AbstractSchemaMigrator.applySqlStrings(AbstractSchemaMigrator.java:516) ~[hibernate-core-6.6.8.Final.jar:6.6.8.Final]
	at org.hibernate.tool.schema.internal.AbstractSchemaMigrator.migrateTable(AbstractSchemaMigrator.java:334) ~[hibernate-core-6.6.8.Final.jar:6.6.8.Final]
	at org.hibernate.tool.schema.internal.GroupedSchemaMigratorImpl.performTablesMigration(GroupedSchemaMigratorImpl.java:84) ~[hibernate-core-6.6.8.Final.jar:6.6.8.Final]
	at org.hibernate.tool.schema.internal.AbstractSchemaMigrator.performMigration(AbstractSchemaMigrator.java:233) ~[hibernate-core-6.6.8.Final.jar:6.6.8.Final]
	at org.hibernate.tool.schema.internal.AbstractSchemaMigrator.doMigration(AbstractSchemaMigrator.java:112) ~[hibernate-core-6.6.8.Final.jar:6.6.8.Final]
	at org.hibernate.tool.schema.spi.SchemaManagementToolCoordinator.performDatabaseAction(SchemaManagementToolCoordinator.java:280) ~[hibernate-core-6.6.8.Final.jar:6.6.8.Final]
	at org.hibernate.tool.schema.spi.SchemaManagementToolCoordinator.lambda$process$5(SchemaManagementToolCoordinator.java:144) ~[hibernate-core-6.6.8.Final.jar:6.6.8.Final]
	at java.base/java.util.HashMap.forEach(HashMap.java:1429) ~[na:na]
	at org.hibernate.tool.schema.spi.SchemaManagementToolCoordinator.process(SchemaManagementToolCoordinator.java:141) ~[hibernate-core-6.6.8.Final.jar:6.6.8.Final]
	at org.hibernate.boot.internal.SessionFactoryObserverForSchemaExport.sessionFactoryCreated(SessionFactoryObserverForSchemaExport.java:37) ~[hibernate-core-6.6.8.Final.jar:6.6.8.Final]
	at org.hibernate.internal.SessionFactoryObserverChain.sessionFactoryCreated(SessionFactoryObserverChain.java:35) ~[hibernate-core-6.6.8.Final.jar:6.6.8.Final]
	at org.hibernate.internal.SessionFactoryImpl.<init>(SessionFactoryImpl.java:324) ~[hibernate-core-6.6.8.Final.jar:6.6.8.Final]
	at org.hibernate.boot.internal.SessionFactoryBuilderImpl.build(SessionFactoryBuilderImpl.java:463) ~[hibernate-core-6.6.8.Final.jar:6.6.8.Final]
	at org.hibernate.jpa.boot.internal.EntityManagerFactoryBuilderImpl.build(EntityManagerFactoryBuilderImpl.java:1517) ~[hibernate-core-6.6.8.Final.jar:6.6.8.Final]
	at org.springframework.orm.jpa.vendor.SpringHibernateJpaPersistenceProvider.createContainerEntityManagerFactory(SpringHibernateJpaPersistenceProvider.java:66) ~[spring-orm-6.2.3.jar:6.2.3]
	at org.springframework.orm.jpa.LocalContainerEntityManagerFactoryBean.createNativeEntityManagerFactory(LocalContainerEntityManagerFactoryBean.java:390) ~[spring-orm-6.2.3.jar:6.2.3]
	at org.springframework.orm.jpa.AbstractEntityManagerFactoryBean.buildNativeEntityManagerFactory(AbstractEntityManagerFactoryBean.java:419) ~[spring-orm-6.2.3.jar:6.2.3]
	at org.springframework.orm.jpa.AbstractEntityManagerFactoryBean.afterPropertiesSet(AbstractEntityManagerFactoryBean.java:400) ~[spring-orm-6.2.3.jar:6.2.3]
	at org.springframework.orm.jpa.LocalContainerEntityManagerFactoryBean.afterPropertiesSet(LocalContainerEntityManagerFactoryBean.java:366) ~[spring-orm-6.2.3.jar:6.2.3]
	at org.springframework.beans.factory.support.AbstractAutowireCapableBeanFactory.invokeInitMethods(AbstractAutowireCapableBeanFactory.java:1859) ~[spring-beans-6.2.3.jar:6.2.3]
	at org.springframework.beans.factory.support.AbstractAutowireCapableBeanFactory.initializeBean(AbstractAutowireCapableBeanFactory.java:1808) ~[spring-beans-6.2.3.jar:6.2.3]
	at org.springframework.beans.factory.support.AbstractAutowireCapableBeanFactory.doCreateBean(AbstractAutowireCapableBeanFactory.java:601) ~[spring-beans-6.2.3.jar:6.2.3]
	at org.springframework.beans.factory.support.AbstractAutowireCapableBeanFactory.createBean(AbstractAutowireCapableBeanFactory.java:523) ~[spring-beans-6.2.3.jar:6.2.3]
	at org.springframework.beans.factory.support.AbstractBeanFactory.lambda$doGetBean$0(AbstractBeanFactory.java:339) ~[spring-beans-6.2.3.jar:6.2.3]
	at org.springframework.beans.factory.support.DefaultSingletonBeanRegistry.getSingleton(DefaultSingletonBeanRegistry.java:346) ~[spring-beans-6.2.3.jar:6.2.3]
	at org.springframework.beans.factory.support.AbstractBeanFactory.doGetBean(AbstractBeanFactory.java:337) ~[spring-beans-6.2.3.jar:6.2.3]
	at org.springframework.beans.factory.support.AbstractBeanFactory.getBean(AbstractBeanFactory.java:207) ~[spring-beans-6.2.3.jar:6.2.3]
	at org.springframework.context.support.AbstractApplicationContext.finishBeanFactoryInitialization(AbstractApplicationContext.java:970) ~[spring-context-6.2.3.jar:6.2.3]
	at org.springframework.context.support.AbstractApplicationContext.refresh(AbstractApplicationContext.java:627) ~[spring-context-6.2.3.jar:6.2.3]
	at org.springframework.boot.web.servlet.context.ServletWebServerApplicationContext.refresh(ServletWebServerApplicationContext.java:146) ~[spring-boot-3.4.3.jar:3.4.3]
	at org.springframework.boot.SpringApplication.refresh(SpringApplication.java:752) ~[spring-boot-3.4.3.jar:3.4.3]
	at org.springframework.boot.SpringApplication.refreshContext(SpringApplication.java:439) ~[spring-boot-3.4.3.jar:3.4.3]
	at org.springframework.boot.SpringApplication.run(SpringApplication.java:318) ~[spring-boot-3.4.3.jar:3.4.3]
	at org.springframework.boot.SpringApplication.run(SpringApplication.java:1361) ~[spring-boot-3.4.3.jar:3.4.3]
	at org.springframework.boot.SpringApplication.run(SpringApplication.java:1350) ~[spring-boot-3.4.3.jar:3.4.3]
	at com.mproduits.MproduitsApplication.main(MproduitsApplication.java:16) ~[classes/:na]
Caused by: com.mysql.cj.jdbc.exceptions.MysqlDataTruncation: Data truncation: Data too long for column 'logos' at row 1
	at com.mysql.cj.jdbc.exceptions.SQLExceptionsMapping.translateException(SQLExceptionsMapping.java:96) ~[mysql-connector-j-9.1.0.jar:9.1.0]
	at com.mysql.cj.jdbc.StatementImpl.executeInternal(StatementImpl.java:837) ~[mysql-connector-j-9.1.0.jar:9.1.0]
	at com.mysql.cj.jdbc.StatementImpl.execute(StatementImpl.java:685) ~[mysql-connector-j-9.1.0.jar:9.1.0]
	at com.zaxxer.hikari.pool.ProxyStatement.execute(ProxyStatement.java:94) ~[HikariCP-5.1.0.jar:na]
	at com.zaxxer.hikari.pool.HikariProxyStatement.execute(HikariProxyStatement.java) ~[HikariCP-5.1.0.jar:na]
	at org.hibernate.tool.schema.internal.exec.GenerationTargetToDatabase.accept(GenerationTargetToDatabase.java:80) ~[hibernate-core-6.6.8.Final.jar:6.6.8.Final]
	... 37 common frames omitted
2026-04-26 05:16:16.315 [main] WARN  o.h.t.s.i.ExceptionHandlerLoggedImpl - GenerationTarget encountered exception accepting command : Error executing DDL "alter table barcodeproduit add constraint FKny3wl2rnyjufrud0kb9jvr55s foreign key (prixarticlesid) references prixarticles_easy (id)" via JDBC [Cannot add or update a child row: a foreign key constraint fails (`librairie`.`#sql-1790_43b`, CONSTRAINT `FKny3wl2rnyjufrud0kb9jvr55s` FOREIGN KEY (`Prixarticlesid`) REFERENCES `prixarticles_easy` (`id`))]
org.hibernate.tool.schema.spi.CommandAcceptanceException: Error executing DDL "alter table barcodeproduit add constraint FKny3wl2rnyjufrud0kb9jvr55s foreign key (prixarticlesid) references prixarticles_easy (id)" via JDBC [Cannot add or update a child row: a foreign key constraint fails (`librairie`.`#sql-1790_43b`, CONSTRAINT `FKny3wl2rnyjufrud0kb9jvr55s` FOREIGN KEY (`Prixarticlesid`) REFERENCES `prixarticles_easy` (`id`))]
	at org.hibernate.tool.schema.internal.exec.GenerationTargetToDatabase.accept(GenerationTargetToDatabase.java:94) ~[hibernate-core-6.6.8.Final.jar:6.6.8.Final]
	at org.hibernate.tool.schema.internal.AbstractSchemaMigrator.applySqlString(AbstractSchemaMigrator.java:576) ~[hibernate-core-6.6.8.Final.jar:6.6.8.Final]
	at org.hibernate.tool.schema.internal.AbstractSchemaMigrator.applySqlStrings(AbstractSchemaMigrator.java:516) ~[hibernate-core-6.6.8.Final.jar:6.6.8.Final]
	at org.hibernate.tool.schema.internal.AbstractSchemaMigrator.applyForeignKeys(AbstractSchemaMigrator.java:448) ~[hibernate-core-6.6.8.Final.jar:6.6.8.Final]
	at org.hibernate.tool.schema.internal.AbstractSchemaMigrator.performMigration(AbstractSchemaMigrator.java:269) ~[hibernate-core-6.6.8.Final.jar:6.6.8.Final]
	at org.hibernate.tool.schema.internal.AbstractSchemaMigrator.doMigration(AbstractSchemaMigrator.java:112) ~[hibernate-core-6.6.8.Final.jar:6.6.8.Final]
	at org.hibernate.tool.schema.spi.SchemaManagementToolCoordinator.performDatabaseAction(SchemaManagementToolCoordinator.java:280) ~[hibernate-core-6.6.8.Final.jar:6.6.8.Final]
	at org.hibernate.tool.schema.spi.SchemaManagementToolCoordinator.lambda$process$5(SchemaManagementToolCoordinator.java:144) ~[hibernate-core-6.6.8.Final.jar:6.6.8.Final]
	at java.base/java.util.HashMap.forEach(HashMap.java:1429) ~[na:na]
	at org.hibernate.tool.schema.spi.SchemaManagementToolCoordinator.process(SchemaManagementToolCoordinator.java:141) ~[hibernate-core-6.6.8.Final.jar:6.6.8.Final]
	at org.hibernate.boot.internal.SessionFactoryObserverForSchemaExport.sessionFactoryCreated(SessionFactoryObserverForSchemaExport.java:37) ~[hibernate-core-6.6.8.Final.jar:6.6.8.Final]
	at org.hibernate.internal.SessionFactoryObserverChain.sessionFactoryCreated(SessionFactoryObserverChain.java:35) ~[hibernate-core-6.6.8.Final.jar:6.6.8.Final]
	at org.hibernate.internal.SessionFactoryImpl.<init>(SessionFactoryImpl.java:324) ~[hibernate-core-6.6.8.Final.jar:6.6.8.Final]
	at org.hibernate.boot.internal.SessionFactoryBuilderImpl.build(SessionFactoryBuilderImpl.java:463) ~[hibernate-core-6.6.8.Final.jar:6.6.8.Final]
	at org.hibernate.jpa.boot.internal.EntityManagerFactoryBuilderImpl.build(EntityManagerFactoryBuilderImpl.java:1517) ~[hibernate-core-6.6.8.Final.jar:6.6.8.Final]
	at org.springframework.orm.jpa.vendor.SpringHibernateJpaPersistenceProvider.createContainerEntityManagerFactory(SpringHibernateJpaPersistenceProvider.java:66) ~[spring-orm-6.2.3.jar:6.2.3]
	at org.springframework.orm.jpa.LocalContainerEntityManagerFactoryBean.createNativeEntityManagerFactory(LocalContainerEntityManagerFactoryBean.java:390) ~[spring-orm-6.2.3.jar:6.2.3]
	at org.springframework.orm.jpa.AbstractEntityManagerFactoryBean.buildNativeEntityManagerFactory(AbstractEntityManagerFactoryBean.java:419) ~[spring-orm-6.2.3.jar:6.2.3]
	at org.springframework.orm.jpa.AbstractEntityManagerFactoryBean.afterPropertiesSet(AbstractEntityManagerFactoryBean.java:400) ~[spring-orm-6.2.3.jar:6.2.3]
	at org.springframework.orm.jpa.LocalContainerEntityManagerFactoryBean.afterPropertiesSet(LocalContainerEntityManagerFactoryBean.java:366) ~[spring-orm-6.2.3.jar:6.2.3]
	at org.springframework.beans.factory.support.AbstractAutowireCapableBeanFactory.invokeInitMethods(AbstractAutowireCapableBeanFactory.java:1859) ~[spring-beans-6.2.3.jar:6.2.3]
	at org.springframework.beans.factory.support.AbstractAutowireCapableBeanFactory.initializeBean(AbstractAutowireCapableBeanFactory.java:1808) ~[spring-beans-6.2.3.jar:6.2.3]
	at org.springframework.beans.factory.support.AbstractAutowireCapableBeanFactory.doCreateBean(AbstractAutowireCapableBeanFactory.java:601) ~[spring-beans-6.2.3.jar:6.2.3]
	at org.springframework.beans.factory.support.AbstractAutowireCapableBeanFactory.createBean(AbstractAutowireCapableBeanFactory.java:523) ~[spring-beans-6.2.3.jar:6.2.3]
	at org.springframework.beans.factory.support.AbstractBeanFactory.lambda$doGetBean$0(AbstractBeanFactory.java:339) ~[spring-beans-6.2.3.jar:6.2.3]
	at org.springframework.beans.factory.support.DefaultSingletonBeanRegistry.getSingleton(DefaultSingletonBeanRegistry.java:346) ~[spring-beans-6.2.3.jar:6.2.3]
	at org.springframework.beans.factory.support.AbstractBeanFactory.doGetBean(AbstractBeanFactory.java:337) ~[spring-beans-6.2.3.jar:6.2.3]
	at org.springframework.beans.factory.support.AbstractBeanFactory.getBean(AbstractBeanFactory.java:207) ~[spring-beans-6.2.3.jar:6.2.3]
	at org.springframework.context.support.AbstractApplicationContext.finishBeanFactoryInitialization(AbstractApplicationContext.java:970) ~[spring-context-6.2.3.jar:6.2.3]
	at org.springframework.context.support.AbstractApplicationContext.refresh(AbstractApplicationContext.java:627) ~[spring-context-6.2.3.jar:6.2.3]
	at org.springframework.boot.web.servlet.context.ServletWebServerApplicationContext.refresh(ServletWebServerApplicationContext.java:146) ~[spring-boot-3.4.3.jar:3.4.3]
	at org.springframework.boot.SpringApplication.refresh(SpringApplication.java:752) ~[spring-boot-3.4.3.jar:3.4.3]
	at org.springframework.boot.SpringApplication.refreshContext(SpringApplication.java:439) ~[spring-boot-3.4.3.jar:3.4.3]
	at org.springframework.boot.SpringApplication.run(SpringApplication.java:318) ~[spring-boot-3.4.3.jar:3.4.3]
	at org.springframework.boot.SpringApplication.run(SpringApplication.java:1361) ~[spring-boot-3.4.3.jar:3.4.3]
	at org.springframework.boot.SpringApplication.run(SpringApplication.java:1350) ~[spring-boot-3.4.3.jar:3.4.3]
	at com.mproduits.MproduitsApplication.main(MproduitsApplication.java:16) ~[classes/:na]
Caused by: java.sql.SQLIntegrityConstraintViolationException: Cannot add or update a child row: a foreign key constraint fails (`librairie`.`#sql-1790_43b`, CONSTRAINT `FKny3wl2rnyjufrud0kb9jvr55s` FOREIGN KEY (`Prixarticlesid`) REFERENCES `prixarticles_easy` (`id`))
	at com.mysql.cj.jdbc.exceptions.SQLError.createSQLException(SQLError.java:109) ~[mysql-connector-j-9.1.0.jar:9.1.0]
	at com.mysql.cj.jdbc.exceptions.SQLExceptionsMapping.translateException(SQLExceptionsMapping.java:114) ~[mysql-connector-j-9.1.0.jar:9.1.0]
	at com.mysql.cj.jdbc.StatementImpl.executeInternal(StatementImpl.java:837) ~[mysql-connector-j-9.1.0.jar:9.1.0]
	at com.mysql.cj.jdbc.StatementImpl.execute(StatementImpl.java:685) ~[mysql-connector-j-9.1.0.jar:9.1.0]
	at com.zaxxer.hikari.pool.ProxyStatement.execute(ProxyStatement.java:94) ~[HikariCP-5.1.0.jar:na]
	at com.zaxxer.hikari.pool.HikariProxyStatement.execute(HikariProxyStatement.java) ~[HikariCP-5.1.0.jar:na]
	at org.hibernate.tool.schema.internal.exec.GenerationTargetToDatabase.accept(GenerationTargetToDatabase.java:80) ~[hibernate-core-6.6.8.Final.jar:6.6.8.Final]
	... 36 common frames omitted
2026-04-26 05:16:16.448 [main] WARN  o.h.t.s.i.ExceptionHandlerLoggedImpl - GenerationTarget encountered exception accepting command : Error executing DDL "alter table devis add constraint FKo9xhohtswfxk6ft1djfy1yp0n foreign key (boutiqueid) references boutique (id)" via JDBC [Cannot add or update a child row: a foreign key constraint fails (`librairie`.`#sql-1790_43b`, CONSTRAINT `FKo9xhohtswfxk6ft1djfy1yp0n` FOREIGN KEY (`boutiqueid`) REFERENCES `boutique` (`id`))]
org.hibernate.tool.schema.spi.CommandAcceptanceException: Error executing DDL "alter table devis add constraint FKo9xhohtswfxk6ft1djfy1yp0n foreign key (boutiqueid) references boutique (id)" via JDBC [Cannot add or update a child row: a foreign key constraint fails (`librairie`.`#sql-1790_43b`, CONSTRAINT `FKo9xhohtswfxk6ft1djfy1yp0n` FOREIGN KEY (`boutiqueid`) REFERENCES `boutique` (`id`))]
	at org.hibernate.tool.schema.internal.exec.GenerationTargetToDatabase.accept(GenerationTargetToDatabase.java:94) ~[hibernate-core-6.6.8.Final.jar:6.6.8.Final]
	at org.hibernate.tool.schema.internal.AbstractSchemaMigrator.applySqlString(AbstractSchemaMigrator.java:576) ~[hibernate-core-6.6.8.Final.jar:6.6.8.Final]
	at org.hibernate.tool.schema.internal.AbstractSchemaMigrator.applySqlStrings(AbstractSchemaMigrator.java:516) ~[hibernate-core-6.6.8.Final.jar:6.6.8.Final]
	at org.hibernate.tool.schema.internal.AbstractSchemaMigrator.applyForeignKeys(AbstractSchemaMigrator.java:448) ~[hibernate-core-6.6.8.Final.jar:6.6.8.Final]
	at org.hibernate.tool.schema.internal.AbstractSchemaMigrator.performMigration(AbstractSchemaMigrator.java:269) ~[hibernate-core-6.6.8.Final.jar:6.6.8.Final]
	at org.hibernate.tool.schema.internal.AbstractSchemaMigrator.doMigration(AbstractSchemaMigrator.java:112) ~[hibernate-core-6.6.8.Final.jar:6.6.8.Final]
	at org.hibernate.tool.schema.spi.SchemaManagementToolCoordinator.performDatabaseAction(SchemaManagementToolCoordinator.java:280) ~[hibernate-core-6.6.8.Final.jar:6.6.8.Final]
	at org.hibernate.tool.schema.spi.SchemaManagementToolCoordinator.lambda$process$5(SchemaManagementToolCoordinator.java:144) ~[hibernate-core-6.6.8.Final.jar:6.6.8.Final]
	at java.base/java.util.HashMap.forEach(HashMap.java:1429) ~[na:na]
	at org.hibernate.tool.schema.spi.SchemaManagementToolCoordinator.process(SchemaManagementToolCoordinator.java:141) ~[hibernate-core-6.6.8.Final.jar:6.6.8.Final]
	at org.hibernate.boot.internal.SessionFactoryObserverForSchemaExport.sessionFactoryCreated(SessionFactoryObserverForSchemaExport.java:37) ~[hibernate-core-6.6.8.Final.jar:6.6.8.Final]
	at org.hibernate.internal.SessionFactoryObserverChain.sessionFactoryCreated(SessionFactoryObserverChain.java:35) ~[hibernate-core-6.6.8.Final.jar:6.6.8.Final]
	at org.hibernate.internal.SessionFactoryImpl.<init>(SessionFactoryImpl.java:324) ~[hibernate-core-6.6.8.Final.jar:6.6.8.Final]
	at org.hibernate.boot.internal.SessionFactoryBuilderImpl.build(SessionFactoryBuilderImpl.java:463) ~[hibernate-core-6.6.8.Final.jar:6.6.8.Final]
	at org.hibernate.jpa.boot.internal.EntityManagerFactoryBuilderImpl.build(EntityManagerFactoryBuilderImpl.java:1517) ~[hibernate-core-6.6.8.Final.jar:6.6.8.Final]
	at org.springframework.orm.jpa.vendor.SpringHibernateJpaPersistenceProvider.createContainerEntityManagerFactory(SpringHibernateJpaPersistenceProvider.java:66) ~[spring-orm-6.2.3.jar:6.2.3]
	at org.springframework.orm.jpa.LocalContainerEntityManagerFactoryBean.createNativeEntityManagerFactory(LocalContainerEntityManagerFactoryBean.java:390) ~[spring-orm-6.2.3.jar:6.2.3]
	at org.springframework.orm.jpa.AbstractEntityManagerFactoryBean.buildNativeEntityManagerFactory(AbstractEntityManagerFactoryBean.java:419) ~[spring-orm-6.2.3.jar:6.2.3]
	at org.springframework.orm.jpa.AbstractEntityManagerFactoryBean.afterPropertiesSet(AbstractEntityManagerFactoryBean.java:400) ~[spring-orm-6.2.3.jar:6.2.3]
	at org.springframework.orm.jpa.LocalContainerEntityManagerFactoryBean.afterPropertiesSet(LocalContainerEntityManagerFactoryBean.java:366) ~[spring-orm-6.2.3.jar:6.2.3]
	at org.springframework.beans.factory.support.AbstractAutowireCapableBeanFactory.invokeInitMethods(AbstractAutowireCapableBeanFactory.java:1859) ~[spring-beans-6.2.3.jar:6.2.3]
	at org.springframework.beans.factory.support.AbstractAutowireCapableBeanFactory.initializeBean(AbstractAutowireCapableBeanFactory.java:1808) ~[spring-beans-6.2.3.jar:6.2.3]
	at org.springframework.beans.factory.support.AbstractAutowireCapableBeanFactory.doCreateBean(AbstractAutowireCapableBeanFactory.java:601) ~[spring-beans-6.2.3.jar:6.2.3]
	at org.springframework.beans.factory.support.AbstractAutowireCapableBeanFactory.createBean(AbstractAutowireCapableBeanFactory.java:523) ~[spring-beans-6.2.3.jar:6.2.3]
	at org.springframework.beans.factory.support.AbstractBeanFactory.lambda$doGetBean$0(AbstractBeanFactory.java:339) ~[spring-beans-6.2.3.jar:6.2.3]
	at org.springframework.beans.factory.support.DefaultSingletonBeanRegistry.getSingleton(DefaultSingletonBeanRegistry.java:346) ~[spring-beans-6.2.3.jar:6.2.3]
	at org.springframework.beans.factory.support.AbstractBeanFactory.doGetBean(AbstractBeanFactory.java:337) ~[spring-beans-6.2.3.jar:6.2.3]
	at org.springframework.beans.factory.support.AbstractBeanFactory.getBean(AbstractBeanFactory.java:207) ~[spring-beans-6.2.3.jar:6.2.3]
	at org.springframework.context.support.AbstractApplicationContext.finishBeanFactoryInitialization(AbstractApplicationContext.java:970) ~[spring-context-6.2.3.jar:6.2.3]
	at org.springframework.context.support.AbstractApplicationContext.refresh(AbstractApplicationContext.java:627) ~[spring-context-6.2.3.jar:6.2.3]
	at org.springframework.boot.web.servlet.context.ServletWebServerApplicationContext.refresh(ServletWebServerApplicationContext.java:146) ~[spring-boot-3.4.3.jar:3.4.3]
	at org.springframework.boot.SpringApplication.refresh(SpringApplication.java:752) ~[spring-boot-3.4.3.jar:3.4.3]
	at org.springframework.boot.SpringApplication.refreshContext(SpringApplication.java:439) ~[spring-boot-3.4.3.jar:3.4.3]
	at org.springframework.boot.SpringApplication.run(SpringApplication.java:318) ~[spring-boot-3.4.3.jar:3.4.3]
	at org.springframework.boot.SpringApplication.run(SpringApplication.java:1361) ~[spring-boot-3.4.3.jar:3.4.3]
	at org.springframework.boot.SpringApplication.run(SpringApplication.java:1350) ~[spring-boot-3.4.3.jar:3.4.3]
	at com.mproduits.MproduitsApplication.main(MproduitsApplication.java:16) ~[classes/:na]
Caused by: java.sql.SQLIntegrityConstraintViolationException: Cannot add or update a child row: a foreign key constraint fails (`librairie`.`#sql-1790_43b`, CONSTRAINT `FKo9xhohtswfxk6ft1djfy1yp0n` FOREIGN KEY (`boutiqueid`) REFERENCES `boutique` (`id`))
	at com.mysql.cj.jdbc.exceptions.SQLError.createSQLException(SQLError.java:109) ~[mysql-connector-j-9.1.0.jar:9.1.0]
	at com.mysql.cj.jdbc.exceptions.SQLExceptionsMapping.translateException(SQLExceptionsMapping.java:114) ~[mysql-connector-j-9.1.0.jar:9.1.0]
	at com.mysql.cj.jdbc.StatementImpl.executeInternal(StatementImpl.java:837) ~[mysql-connector-j-9.1.0.jar:9.1.0]
	at com.mysql.cj.jdbc.StatementImpl.execute(StatementImpl.java:685) ~[mysql-connector-j-9.1.0.jar:9.1.0]
	at com.zaxxer.hikari.pool.ProxyStatement.execute(ProxyStatement.java:94) ~[HikariCP-5.1.0.jar:na]
	at com.zaxxer.hikari.pool.HikariProxyStatement.execute(HikariProxyStatement.java) ~[HikariCP-5.1.0.jar:na]
	at org.hibernate.tool.schema.internal.exec.GenerationTargetToDatabase.accept(GenerationTargetToDatabase.java:80) ~[hibernate-core-6.6.8.Final.jar:6.6.8.Final]
	... 36 common frames omitted
2026-04-26 05:16:16.764 [main] WARN  o.h.t.s.i.ExceptionHandlerLoggedImpl - GenerationTarget encountered exception accepting command : Error executing DDL "alter table prixclient add constraint FKslnu0j8f46h0ojbyjt077mrm4 foreign key (annee_id, employeur_id) references entreprise (anneeid, employeurid)" via JDBC [Cannot add or update a child row: a foreign key constraint fails (`librairie`.`#sql-1790_43b`, CONSTRAINT `FKslnu0j8f46h0ojbyjt077mrm4` FOREIGN KEY (`annee_id`, `employeur_id`) REFERENCES `entreprise` (`Anneeid`, `Employeurid`))]
org.hibernate.tool.schema.spi.CommandAcceptanceException: Error executing DDL "alter table prixclient add constraint FKslnu0j8f46h0ojbyjt077mrm4 foreign key (annee_id, employeur_id) references entreprise (anneeid, employeurid)" via JDBC [Cannot add or update a child row: a foreign key constraint fails (`librairie`.`#sql-1790_43b`, CONSTRAINT `FKslnu0j8f46h0ojbyjt077mrm4` FOREIGN KEY (`annee_id`, `employeur_id`) REFERENCES `entreprise` (`Anneeid`, `Employeurid`))]
	at org.hibernate.tool.schema.internal.exec.GenerationTargetToDatabase.accept(GenerationTargetToDatabase.java:94) ~[hibernate-core-6.6.8.Final.jar:6.6.8.Final]
	at org.hibernate.tool.schema.internal.AbstractSchemaMigrator.applySqlString(AbstractSchemaMigrator.java:576) ~[hibernate-core-6.6.8.Final.jar:6.6.8.Final]
	at org.hibernate.tool.schema.internal.AbstractSchemaMigrator.applySqlStrings(AbstractSchemaMigrator.java:516) ~[hibernate-core-6.6.8.Final.jar:6.6.8.Final]
	at org.hibernate.tool.schema.internal.AbstractSchemaMigrator.applyForeignKeys(AbstractSchemaMigrator.java:448) ~[hibernate-core-6.6.8.Final.jar:6.6.8.Final]
	at org.hibernate.tool.schema.internal.AbstractSchemaMigrator.performMigration(AbstractSchemaMigrator.java:269) ~[hibernate-core-6.6.8.Final.jar:6.6.8.Final]
	at org.hibernate.tool.schema.internal.AbstractSchemaMigrator.doMigration(AbstractSchemaMigrator.java:112) ~[hibernate-core-6.6.8.Final.jar:6.6.8.Final]
	at org.hibernate.tool.schema.spi.SchemaManagementToolCoordinator.performDatabaseAction(SchemaManagementToolCoordinator.java:280) ~[hibernate-core-6.6.8.Final.jar:6.6.8.Final]
	at org.hibernate.tool.schema.spi.SchemaManagementToolCoordinator.lambda$process$5(SchemaManagementToolCoordinator.java:144) ~[hibernate-core-6.6.8.Final.jar:6.6.8.Final]
	at java.base/java.util.HashMap.forEach(HashMap.java:1429) ~[na:na]
	at org.hibernate.tool.schema.spi.SchemaManagementToolCoordinator.process(SchemaManagementToolCoordinator.java:141) ~[hibernate-core-6.6.8.Final.jar:6.6.8.Final]
	at org.hibernate.boot.internal.SessionFactoryObserverForSchemaExport.sessionFactoryCreated(SessionFactoryObserverForSchemaExport.java:37) ~[hibernate-core-6.6.8.Final.jar:6.6.8.Final]
	at org.hibernate.internal.SessionFactoryObserverChain.sessionFactoryCreated(SessionFactoryObserverChain.java:35) ~[hibernate-core-6.6.8.Final.jar:6.6.8.Final]
	at org.hibernate.internal.SessionFactoryImpl.<init>(SessionFactoryImpl.java:324) ~[hibernate-core-6.6.8.Final.jar:6.6.8.Final]
	at org.hibernate.boot.internal.SessionFactoryBuilderImpl.build(SessionFactoryBuilderImpl.java:463) ~[hibernate-core-6.6.8.Final.jar:6.6.8.Final]
	at org.hibernate.jpa.boot.internal.EntityManagerFactoryBuilderImpl.build(EntityManagerFactoryBuilderImpl.java:1517) ~[hibernate-core-6.6.8.Final.jar:6.6.8.Final]
	at org.springframework.orm.jpa.vendor.SpringHibernateJpaPersistenceProvider.createContainerEntityManagerFactory(SpringHibernateJpaPersistenceProvider.java:66) ~[spring-orm-6.2.3.jar:6.2.3]
	at org.springframework.orm.jpa.LocalContainerEntityManagerFactoryBean.createNativeEntityManagerFactory(LocalContainerEntityManagerFactoryBean.java:390) ~[spring-orm-6.2.3.jar:6.2.3]
	at org.springframework.orm.jpa.AbstractEntityManagerFactoryBean.buildNativeEntityManagerFactory(AbstractEntityManagerFactoryBean.java:419) ~[spring-orm-6.2.3.jar:6.2.3]
	at org.springframework.orm.jpa.AbstractEntityManagerFactoryBean.afterPropertiesSet(AbstractEntityManagerFactoryBean.java:400) ~[spring-orm-6.2.3.jar:6.2.3]
	at org.springframework.orm.jpa.LocalContainerEntityManagerFactoryBean.afterPropertiesSet(LocalContainerEntityManagerFactoryBean.java:366) ~[spring-orm-6.2.3.jar:6.2.3]
	at org.springframework.beans.factory.support.AbstractAutowireCapableBeanFactory.invokeInitMethods(AbstractAutowireCapableBeanFactory.java:1859) ~[spring-beans-6.2.3.jar:6.2.3]
	at org.springframework.beans.factory.support.AbstractAutowireCapableBeanFactory.initializeBean(AbstractAutowireCapableBeanFactory.java:1808) ~[spring-beans-6.2.3.jar:6.2.3]
	at org.springframework.beans.factory.support.AbstractAutowireCapableBeanFactory.doCreateBean(AbstractAutowireCapableBeanFactory.java:601) ~[spring-beans-6.2.3.jar:6.2.3]
	at org.springframework.beans.factory.support.AbstractAutowireCapableBeanFactory.createBean(AbstractAutowireCapableBeanFactory.java:523) ~[spring-beans-6.2.3.jar:6.2.3]
	at org.springframework.beans.factory.support.AbstractBeanFactory.lambda$doGetBean$0(AbstractBeanFactory.java:339) ~[spring-beans-6.2.3.jar:6.2.3]
	at org.springframework.beans.factory.support.DefaultSingletonBeanRegistry.getSingleton(DefaultSingletonBeanRegistry.java:346) ~[spring-beans-6.2.3.jar:6.2.3]
	at org.springframework.beans.factory.support.AbstractBeanFactory.doGetBean(AbstractBeanFactory.java:337) ~[spring-beans-6.2.3.jar:6.2.3]
	at org.springframework.beans.factory.support.AbstractBeanFactory.getBean(AbstractBeanFactory.java:207) ~[spring-beans-6.2.3.jar:6.2.3]
	at org.springframework.context.support.AbstractApplicationContext.finishBeanFactoryInitialization(AbstractApplicationContext.java:970) ~[spring-context-6.2.3.jar:6.2.3]
	at org.springframework.context.support.AbstractApplicationContext.refresh(AbstractApplicationContext.java:627) ~[spring-context-6.2.3.jar:6.2.3]
	at org.springframework.boot.web.servlet.context.ServletWebServerApplicationContext.refresh(ServletWebServerApplicationContext.java:146) ~[spring-boot-3.4.3.jar:3.4.3]
	at org.springframework.boot.SpringApplication.refresh(SpringApplication.java:752) ~[spring-boot-3.4.3.jar:3.4.3]
	at org.springframework.boot.SpringApplication.refreshContext(SpringApplication.java:439) ~[spring-boot-3.4.3.jar:3.4.3]
	at org.springframework.boot.SpringApplication.run(SpringApplication.java:318) ~[spring-boot-3.4.3.jar:3.4.3]
	at org.springframework.boot.SpringApplication.run(SpringApplication.java:1361) ~[spring-boot-3.4.3.jar:3.4.3]
	at org.springframework.boot.SpringApplication.run(SpringApplication.java:1350) ~[spring-boot-3.4.3.jar:3.4.3]
	at com.mproduits.MproduitsApplication.main(MproduitsApplication.java:16) ~[classes/:na]
Caused by: java.sql.SQLIntegrityConstraintViolationException: Cannot add or update a child row: a foreign key constraint fails (`librairie`.`#sql-1790_43b`, CONSTRAINT `FKslnu0j8f46h0ojbyjt077mrm4` FOREIGN KEY (`annee_id`, `employeur_id`) REFERENCES `entreprise` (`Anneeid`, `Employeurid`))
	at com.mysql.cj.jdbc.exceptions.SQLError.createSQLException(SQLError.java:109) ~[mysql-connector-j-9.1.0.jar:9.1.0]
	at com.mysql.cj.jdbc.exceptions.SQLExceptionsMapping.translateException(SQLExceptionsMapping.java:114) ~[mysql-connector-j-9.1.0.jar:9.1.0]
	at com.mysql.cj.jdbc.StatementImpl.executeInternal(StatementImpl.java:837) ~[mysql-connector-j-9.1.0.jar:9.1.0]
	at com.mysql.cj.jdbc.StatementImpl.execute(StatementImpl.java:685) ~[mysql-connector-j-9.1.0.jar:9.1.0]
	at com.zaxxer.hikari.pool.ProxyStatement.execute(ProxyStatement.java:94) ~[HikariCP-5.1.0.jar:na]
	at com.zaxxer.hikari.pool.HikariProxyStatement.execute(HikariProxyStatement.java) ~[HikariCP-5.1.0.jar:na]
	at org.hibernate.tool.schema.internal.exec.GenerationTargetToDatabase.accept(GenerationTargetToDatabase.java:80) ~[hibernate-core-6.6.8.Final.jar:6.6.8.Final]
	... 36 common frames omitted
2026-04-26 05:16:16.910 [main] WARN  o.h.t.s.i.ExceptionHandlerLoggedImpl - GenerationTarget encountered exception accepting command : Error executing DDL "alter table verrouillage add constraint FK4kt7jitkesfr6riqhqouxrvxc foreign key (annee_id, employeur_id) references entreprise (anneeid, employeurid)" via JDBC [Cannot add or update a child row: a foreign key constraint fails (`librairie`.`#sql-1790_43b`, CONSTRAINT `FK4kt7jitkesfr6riqhqouxrvxc` FOREIGN KEY (`annee_id`, `employeur_id`) REFERENCES `entreprise` (`Anneeid`, `Employeurid`))]
org.hibernate.tool.schema.spi.CommandAcceptanceException: Error executing DDL "alter table verrouillage add constraint FK4kt7jitkesfr6riqhqouxrvxc foreign key (annee_id, employeur_id) references entreprise (anneeid, employeurid)" via JDBC [Cannot add or update a child row: a foreign key constraint fails (`librairie`.`#sql-1790_43b`, CONSTRAINT `FK4kt7jitkesfr6riqhqouxrvxc` FOREIGN KEY (`annee_id`, `employeur_id`) REFERENCES `entreprise` (`Anneeid`, `Employeurid`))]
	at org.hibernate.tool.schema.internal.exec.GenerationTargetToDatabase.accept(GenerationTargetToDatabase.java:94) ~[hibernate-core-6.6.8.Final.jar:6.6.8.Final]
	at org.hibernate.tool.schema.internal.AbstractSchemaMigrator.applySqlString(AbstractSchemaMigrator.java:576) ~[hibernate-core-6.6.8.Final.jar:6.6.8.Final]
	at org.hibernate.tool.schema.internal.AbstractSchemaMigrator.applySqlStrings(AbstractSchemaMigrator.java:516) ~[hibernate-core-6.6.8.Final.jar:6.6.8.Final]
	at org.hibernate.tool.schema.internal.AbstractSchemaMigrator.applyForeignKeys(AbstractSchemaMigrator.java:448) ~[hibernate-core-6.6.8.Final.jar:6.6.8.Final]
	at org.hibernate.tool.schema.internal.AbstractSchemaMigrator.performMigration(AbstractSchemaMigrator.java:269) ~[hibernate-core-6.6.8.Final.jar:6.6.8.Final]
	at org.hibernate.tool.schema.internal.AbstractSchemaMigrator.doMigration(AbstractSchemaMigrator.java:112) ~[hibernate-core-6.6.8.Final.jar:6.6.8.Final]
	at org.hibernate.tool.schema.spi.SchemaManagementToolCoordinator.performDatabaseAction(SchemaManagementToolCoordinator.java:280) ~[hibernate-core-6.6.8.Final.jar:6.6.8.Final]
	at org.hibernate.tool.schema.spi.SchemaManagementToolCoordinator.lambda$process$5(SchemaManagementToolCoordinator.java:144) ~[hibernate-core-6.6.8.Final.jar:6.6.8.Final]
	at java.base/java.util.HashMap.forEach(HashMap.java:1429) ~[na:na]
	at org.hibernate.tool.schema.spi.SchemaManagementToolCoordinator.process(SchemaManagementToolCoordinator.java:141) ~[hibernate-core-6.6.8.Final.jar:6.6.8.Final]
	at org.hibernate.boot.internal.SessionFactoryObserverForSchemaExport.sessionFactoryCreated(SessionFactoryObserverForSchemaExport.java:37) ~[hibernate-core-6.6.8.Final.jar:6.6.8.Final]
	at org.hibernate.internal.SessionFactoryObserverChain.sessionFactoryCreated(SessionFactoryObserverChain.java:35) ~[hibernate-core-6.6.8.Final.jar:6.6.8.Final]
	at org.hibernate.internal.SessionFactoryImpl.<init>(SessionFactoryImpl.java:324) ~[hibernate-core-6.6.8.Final.jar:6.6.8.Final]
	at org.hibernate.boot.internal.SessionFactoryBuilderImpl.build(SessionFactoryBuilderImpl.java:463) ~[hibernate-core-6.6.8.Final.jar:6.6.8.Final]
	at org.hibernate.jpa.boot.internal.EntityManagerFactoryBuilderImpl.build(EntityManagerFactoryBuilderImpl.java:1517) ~[hibernate-core-6.6.8.Final.jar:6.6.8.Final]
	at org.springframework.orm.jpa.vendor.SpringHibernateJpaPersistenceProvider.createContainerEntityManagerFactory(SpringHibernateJpaPersistenceProvider.java:66) ~[spring-orm-6.2.3.jar:6.2.3]
	at org.springframework.orm.jpa.LocalContainerEntityManagerFactoryBean.createNativeEntityManagerFactory(LocalContainerEntityManagerFactoryBean.java:390) ~[spring-orm-6.2.3.jar:6.2.3]
	at org.springframework.orm.jpa.AbstractEntityManagerFactoryBean.buildNativeEntityManagerFactory(AbstractEntityManagerFactoryBean.java:419) ~[spring-orm-6.2.3.jar:6.2.3]
	at org.springframework.orm.jpa.AbstractEntityManagerFactoryBean.afterPropertiesSet(AbstractEntityManagerFactoryBean.java:400) ~[spring-orm-6.2.3.jar:6.2.3]
	at org.springframework.orm.jpa.LocalContainerEntityManagerFactoryBean.afterPropertiesSet(LocalContainerEntityManagerFactoryBean.java:366) ~[spring-orm-6.2.3.jar:6.2.3]
	at org.springframework.beans.factory.support.AbstractAutowireCapableBeanFactory.invokeInitMethods(AbstractAutowireCapableBeanFactory.java:1859) ~[spring-beans-6.2.3.jar:6.2.3]
	at org.springframework.beans.factory.support.AbstractAutowireCapableBeanFactory.initializeBean(AbstractAutowireCapableBeanFactory.java:1808) ~[spring-beans-6.2.3.jar:6.2.3]
	at org.springframework.beans.factory.support.AbstractAutowireCapableBeanFactory.doCreateBean(AbstractAutowireCapableBeanFactory.java:601) ~[spring-beans-6.2.3.jar:6.2.3]
	at org.springframework.beans.factory.support.AbstractAutowireCapableBeanFactory.createBean(AbstractAutowireCapableBeanFactory.java:523) ~[spring-beans-6.2.3.jar:6.2.3]
	at org.springframework.beans.factory.support.AbstractBeanFactory.lambda$doGetBean$0(AbstractBeanFactory.java:339) ~[spring-beans-6.2.3.jar:6.2.3]
	at org.springframework.beans.factory.support.DefaultSingletonBeanRegistry.getSingleton(DefaultSingletonBeanRegistry.java:346) ~[spring-beans-6.2.3.jar:6.2.3]
	at org.springframework.beans.factory.support.AbstractBeanFactory.doGetBean(AbstractBeanFactory.java:337) ~[spring-beans-6.2.3.jar:6.2.3]
	at org.springframework.beans.factory.support.AbstractBeanFactory.getBean(AbstractBeanFactory.java:207) ~[spring-beans-6.2.3.jar:6.2.3]
	at org.springframework.context.support.AbstractApplicationContext.finishBeanFactoryInitialization(AbstractApplicationContext.java:970) ~[spring-context-6.2.3.jar:6.2.3]
	at org.springframework.context.support.AbstractApplicationContext.refresh(AbstractApplicationContext.java:627) ~[spring-context-6.2.3.jar:6.2.3]
	at org.springframework.boot.web.servlet.context.ServletWebServerApplicationContext.refresh(ServletWebServerApplicationContext.java:146) ~[spring-boot-3.4.3.jar:3.4.3]
	at org.springframework.boot.SpringApplication.refresh(SpringApplication.java:752) ~[spring-boot-3.4.3.jar:3.4.3]
	at org.springframework.boot.SpringApplication.refreshContext(SpringApplication.java:439) ~[spring-boot-3.4.3.jar:3.4.3]
	at org.springframework.boot.SpringApplication.run(SpringApplication.java:318) ~[spring-boot-3.4.3.jar:3.4.3]
	at org.springframework.boot.SpringApplication.run(SpringApplication.java:1361) ~[spring-boot-3.4.3.jar:3.4.3]
	at org.springframework.boot.SpringApplication.run(SpringApplication.java:1350) ~[spring-boot-3.4.3.jar:3.4.3]
	at com.mproduits.MproduitsApplication.main(MproduitsApplication.java:16) ~[classes/:na]
Caused by: java.sql.SQLIntegrityConstraintViolationException: Cannot add or update a child row: a foreign key constraint fails (`librairie`.`#sql-1790_43b`, CONSTRAINT `FK4kt7jitkesfr6riqhqouxrvxc` FOREIGN KEY (`annee_id`, `employeur_id`) REFERENCES `entreprise` (`Anneeid`, `Employeurid`))
	at com.mysql.cj.jdbc.exceptions.SQLError.createSQLException(SQLError.java:109) ~[mysql-connector-j-9.1.0.jar:9.1.0]
	at com.mysql.cj.jdbc.exceptions.SQLExceptionsMapping.translateException(SQLExceptionsMapping.java:114) ~[mysql-connector-j-9.1.0.jar:9.1.0]
	at com.mysql.cj.jdbc.StatementImpl.executeInternal(StatementImpl.java:837) ~[mysql-connector-j-9.1.0.jar:9.1.0]
	at com.mysql.cj.jdbc.StatementImpl.execute(StatementImpl.java:685) ~[mysql-connector-j-9.1.0.jar:9.1.0]
	at com.zaxxer.hikari.pool.ProxyStatement.execute(ProxyStatement.java:94) ~[HikariCP-5.1.0.jar:na]
	at com.zaxxer.hikari.pool.HikariProxyStatement.execute(HikariProxyStatement.java) ~[HikariCP-5.1.0.jar:na]
	at org.hibernate.tool.schema.internal.exec.GenerationTargetToDatabase.accept(GenerationTargetToDatabase.java:80) ~[hibernate-core-6.6.8.Final.jar:6.6.8.Final]
	... 36 common frames omitted
2026-04-26 05:16:17.295 [main] INFO  o.s.d.j.r.query.QueryEnhancerFactory - Hibernate is in classpath; If applicable, HQL parser will be used.
2026-04-26 05:16:21.231 [main] INFO  com.mproduits.CacheConfig - Configuration du cache manager Caffeine
2026-04-26 05:16:21.414 [main] WARN  o.s.b.a.o.j.JpaBaseConfiguration$JpaWebConfiguration - spring.jpa.open-in-view is enabled by default. Therefore, database queries may be performed during view rendering. Explicitly configure spring.jpa.open-in-view to disable this warning
2026-04-26 05:16:21.474 [main] INFO  o.s.v.b.OptionalValidatorFactoryBean - Failed to set up a Bean Validation provider: jakarta.validation.NoProviderFoundException: Unable to create a Configuration, because no Jakarta Bean Validation provider could be found. Add a provider like Hibernate Validator (RI) to your classpath.
2026-04-26 05:16:22.405 [main] INFO  o.s.c.n.e.c.DiscoveryClientOptionalArgsConfiguration - Eureka HTTP Client uses RestTemplate.
2026-04-26 05:16:22.456 [main] INFO  o.s.b.a.e.web.EndpointLinksResolver - Exposing 3 endpoints beneath base path '/actuator'
2026-04-26 05:16:22.533 [main] INFO  o.s.c.n.eureka.InstanceInfoFactory - Setting initial instance status as: STARTING
2026-04-26 05:16:22.682 [main] INFO  o.s.c.n.e.s.EurekaServiceRegistry - Registering application MICROSERVICE-PRODUITS with eureka with status UP
2026-04-26 05:16:22.702 [main] INFO  o.s.b.w.e.tomcat.TomcatWebServer - Tomcat started on port 9001 (http) with context path '/'
2026-04-26 05:16:22.702 [main] INFO  o.s.c.n.e.s.EurekaAutoServiceRegistration - Updating port to 9001
2026-04-26 05:16:22.726 [main] INFO  com.mproduits.MproduitsApplication - Started MproduitsApplication in 16.191 seconds (process running for 16.642)
2026-04-26 05:16:23.695 [AsyncReporter{ZipkinRestTemplateSender{http://localhost:9411/api/v2/spans}}] WARN  z.r.i.AsyncReporter$BoundedAsyncReporter - Spans were dropped due to exceptions. All subsequent errors will be logged at FINE level.
2026-04-26 05:16:23.695 [AsyncReporter{ZipkinRestTemplateSender{http://localhost:9411/api/v2/spans}}] WARN  z.r.i.AsyncReporter$BoundedAsyncReporter - Dropped 2 spans due to ResourceAccessException(I/O error on POST request for "http://localhost:9411/api/v2/spans": Connect to http://localhost:9411 [localhost/127.0.0.1, localhost/0:0:0:0:0:0:0:1] failed: Connection refused: no further information)
org.springframework.web.client.ResourceAccessException: I/O error on POST request for "http://localhost:9411/api/v2/spans": Connect to http://localhost:9411 [localhost/127.0.0.1, localhost/0:0:0:0:0:0:0:1] failed: Connection refused: no further information
	at org.springframework.web.client.RestTemplate.createResourceAccessException(RestTemplate.java:925) ~[spring-web-6.2.3.jar:6.2.3]
	at org.springframework.web.client.RestTemplate.doExecute(RestTemplate.java:905) ~[spring-web-6.2.3.jar:6.2.3]
	at org.springframework.web.client.RestTemplate.execute(RestTemplate.java:840) ~[spring-web-6.2.3.jar:6.2.3]
	at org.springframework.web.client.RestTemplate.exchange(RestTemplate.java:701) ~[spring-web-6.2.3.jar:6.2.3]
	at org.springframework.boot.actuate.autoconfigure.tracing.zipkin.ZipkinRestTemplateSender.postSpans(ZipkinRestTemplateSender.java:50) ~[spring-boot-actuator-autoconfigure-3.4.3.jar:3.4.3]
	at org.springframework.boot.actuate.autoconfigure.tracing.zipkin.HttpSender.postSpans(HttpSender.java:69) ~[spring-boot-actuator-autoconfigure-3.4.3.jar:3.4.3]
	at org.springframework.boot.actuate.autoconfigure.tracing.zipkin.HttpSender.postSpans(HttpSender.java:41) ~[spring-boot-actuator-autoconfigure-3.4.3.jar:3.4.3]
	at zipkin2.reporter.BaseHttpSender.send(BaseHttpSender.java:123) ~[zipkin-reporter-3.4.3.jar:na]
	at zipkin2.reporter.internal.AsyncReporter$BoundedAsyncReporter.flush(AsyncReporter.java:266) ~[zipkin-reporter-3.4.3.jar:na]
	at zipkin2.reporter.internal.AsyncReporter$Flusher.run(AsyncReporter.java:352) ~[zipkin-reporter-3.4.3.jar:na]
	at java.base/java.lang.Thread.run(Thread.java:1583) ~[na:na]
Caused by: org.apache.hc.client5.http.HttpHostConnectException: Connect to http://localhost:9411 [localhost/127.0.0.1, localhost/0:0:0:0:0:0:0:1] failed: Connection refused: no further information
	at java.base/sun.nio.ch.Net.pollConnect(Native Method) ~[na:na]
	at java.base/sun.nio.ch.Net.pollConnectNow(Net.java:682) ~[na:na]
	at java.base/sun.nio.ch.NioSocketImpl.timedFinishConnect(NioSocketImpl.java:542) ~[na:na]
	at java.base/sun.nio.ch.NioSocketImpl.connect(NioSocketImpl.java:592) ~[na:na]
	at java.base/java.net.SocksSocketImpl.connect(SocksSocketImpl.java:327) ~[na:na]
	at java.base/java.net.Socket.connect(Socket.java:751) ~[na:na]
	at org.apache.hc.client5.http.impl.io.DefaultHttpClientConnectionOperator.connect(DefaultHttpClientConnectionOperator.java:216) ~[httpclient5-5.4.2.jar:5.4.2]
	at org.apache.hc.client5.http.impl.io.PoolingHttpClientConnectionManager.connect(PoolingHttpClientConnectionManager.java:490) ~[httpclient5-5.4.2.jar:5.4.2]
	at org.apache.hc.client5.http.impl.classic.InternalExecRuntime.connectEndpoint(InternalExecRuntime.java:164) ~[httpclient5-5.4.2.jar:5.4.2]
	at org.apache.hc.client5.http.impl.classic.InternalExecRuntime.connectEndpoint(InternalExecRuntime.java:174) ~[httpclient5-5.4.2.jar:5.4.2]
	at org.apache.hc.client5.http.impl.classic.ConnectExec.execute(ConnectExec.java:144) ~[httpclient5-5.4.2.jar:5.4.2]
	at org.apache.hc.client5.http.impl.classic.ExecChainElement.execute(ExecChainElement.java:51) ~[httpclient5-5.4.2.jar:5.4.2]
	at org.apache.hc.client5.http.impl.classic.ProtocolExec.execute(ProtocolExec.java:192) ~[httpclient5-5.4.2.jar:5.4.2]
	at org.apache.hc.client5.http.impl.classic.ExecChainElement.execute(ExecChainElement.java:51) ~[httpclient5-5.4.2.jar:5.4.2]
	at org.apache.hc.client5.http.impl.classic.ContentCompressionExec.execute(ContentCompressionExec.java:150) ~[httpclient5-5.4.2.jar:5.4.2]
	at org.apache.hc.client5.http.impl.classic.ExecChainElement.execute(ExecChainElement.java:51) ~[httpclient5-5.4.2.jar:5.4.2]
	at org.apache.hc.client5.http.impl.classic.HttpRequestRetryExec.execute(HttpRequestRetryExec.java:113) ~[httpclient5-5.4.2.jar:5.4.2]
	at org.apache.hc.client5.http.impl.classic.ExecChainElement.execute(ExecChainElement.java:51) ~[httpclient5-5.4.2.jar:5.4.2]
	at org.apache.hc.client5.http.impl.classic.RedirectExec.execute(RedirectExec.java:110) ~[httpclient5-5.4.2.jar:5.4.2]
	at org.apache.hc.client5.http.impl.classic.ExecChainElement.execute(ExecChainElement.java:51) ~[httpclient5-5.4.2.jar:5.4.2]
	at org.apache.hc.client5.http.impl.classic.InternalHttpClient.doExecute(InternalHttpClient.java:174) ~[httpclient5-5.4.2.jar:5.4.2]
	at org.apache.hc.client5.http.impl.classic.CloseableHttpClient.execute(CloseableHttpClient.java:87) ~[httpclient5-5.4.2.jar:5.4.2]
	at org.apache.hc.client5.http.impl.classic.CloseableHttpClient.execute(CloseableHttpClient.java:55) ~[httpclient5-5.4.2.jar:5.4.2]
	at org.apache.hc.client5.http.classic.HttpClient.executeOpen(HttpClient.java:183) ~[httpclient5-5.4.2.jar:5.4.2]
	at org.springframework.http.client.HttpComponentsClientHttpRequest.executeInternal(HttpComponentsClientHttpRequest.java:99) ~[spring-web-6.2.3.jar:6.2.3]
	at org.springframework.http.client.AbstractStreamingClientHttpRequest.executeInternal(AbstractStreamingClientHttpRequest.java:71) ~[spring-web-6.2.3.jar:6.2.3]
	at org.springframework.http.client.AbstractClientHttpRequest.execute(AbstractClientHttpRequest.java:81) ~[spring-web-6.2.3.jar:6.2.3]
	at org.springframework.web.client.RestTemplate.doExecute(RestTemplate.java:899) ~[spring-web-6.2.3.jar:6.2.3]
	... 9 common frames omitted
2026-04-26 05:16:43.291 [http-nio-9001-exec-1] INFO  c.m.w.c.ControleVenteController - Requête de génération du contrôle des ventes - Mois: 1, Entreprise: 2026
2026-04-26 05:16:43.297 [http-nio-9001-exec-1] INFO  c.m.services.ControleVenteService - Génération du contrôle des ventes - Mois: 1, Entreprise: 2026
2026-04-26 05:16:43.481 [http-nio-9001-exec-1] DEBUG c.m.services.ControleVenteService - Collecte de 21 dates distinctes avec opérations
2026-04-26 05:16:43.481 [http-nio-9001-exec-1] DEBUG c.m.services.ControleVenteService - Génération du contrôle pour la date : 2026-01-30
2026-04-26 05:16:43.493 [http-nio-9001-exec-1] DEBUG c.m.services.ControleVenteService - Génération du contrôle pour la date : 2026-01-27
2026-04-26 05:16:43.507 [http-nio-9001-exec-1] DEBUG c.m.services.ControleVenteService - Génération du contrôle pour la date : 2026-01-26
2026-04-26 05:16:43.517 [http-nio-9001-exec-1] DEBUG c.m.services.ControleVenteService - Génération du contrôle pour la date : 2026-01-25
2026-04-26 05:16:43.524 [http-nio-9001-exec-1] DEBUG c.m.services.ControleVenteService - Génération du contrôle pour la date : 2026-01-24
2026-04-26 05:16:43.531 [http-nio-9001-exec-1] DEBUG c.m.services.ControleVenteService - Génération du contrôle pour la date : 2026-01-23
2026-04-26 05:16:43.538 [http-nio-9001-exec-1] DEBUG c.m.services.ControleVenteService - Génération du contrôle pour la date : 2026-01-22
2026-04-26 05:16:43.549 [http-nio-9001-exec-1] DEBUG c.m.services.ControleVenteService - Génération du contrôle pour la date : 2026-01-21
2026-04-26 05:16:43.558 [http-nio-9001-exec-1] DEBUG c.m.services.ControleVenteService - Génération du contrôle pour la date : 2026-01-20
2026-04-26 05:16:43.569 [http-nio-9001-exec-1] DEBUG c.m.services.ControleVenteService - Génération du contrôle pour la date : 2026-01-19
2026-04-26 05:16:43.575 [http-nio-9001-exec-1] DEBUG c.m.services.ControleVenteService - Génération du contrôle pour la date : 2026-01-18
2026-04-26 05:16:43.587 [http-nio-9001-exec-1] DEBUG c.m.services.ControleVenteService - Génération du contrôle pour la date : 2026-01-17
2026-04-26 05:16:43.599 [http-nio-9001-exec-1] DEBUG c.m.services.ControleVenteService - Génération du contrôle pour la date : 2026-01-16
2026-04-26 05:16:43.607 [http-nio-9001-exec-1] DEBUG c.m.services.ControleVenteService - Génération du contrôle pour la date : 2026-01-15
2026-04-26 05:16:43.616 [http-nio-9001-exec-1] DEBUG c.m.services.ControleVenteService - Génération du contrôle pour la date : 2026-01-14
2026-04-26 05:16:43.624 [http-nio-9001-exec-1] DEBUG c.m.services.ControleVenteService - Génération du contrôle pour la date : 2026-01-13
2026-04-26 05:16:43.632 [http-nio-9001-exec-1] DEBUG c.m.services.ControleVenteService - Génération du contrôle pour la date : 2026-01-12
2026-04-26 05:16:43.641 [http-nio-9001-exec-1] DEBUG c.m.services.ControleVenteService - Génération du contrôle pour la date : 2026-01-10
2026-04-26 05:16:43.651 [http-nio-9001-exec-1] DEBUG c.m.services.ControleVenteService - Génération du contrôle pour la date : 2026-01-09
2026-04-26 05:16:43.659 [http-nio-9001-exec-1] DEBUG c.m.services.ControleVenteService - Génération du contrôle pour la date : 2026-01-08
2026-04-26 05:16:43.665 [http-nio-9001-exec-1] DEBUG c.m.services.ControleVenteService - Génération du contrôle pour la date : 2026-01-07
2026-04-26 05:16:43.681 [http-nio-9001-exec-1] INFO  c.m.services.ControleVenteService - Contrôle des ventes généré : 21 jours avec des opérations
2026-04-26 05:16:43.711 [http-nio-9001-exec-2] ERROR c.m.e.GlobalExceptionHandler - Erreur serveur
org.springframework.web.bind.MissingServletRequestParameterException: Required request parameter 'anneeid' for method parameter type int is not present
	at org.springframework.web.method.annotation.RequestParamMethodArgumentResolver.handleMissingValueInternal(RequestParamMethodArgumentResolver.java:220) ~[spring-web-6.2.3.jar:6.2.3]
	at org.springframework.web.method.annotation.RequestParamMethodArgumentResolver.handleMissingValue(RequestParamMethodArgumentResolver.java:196) ~[spring-web-6.2.3.jar:6.2.3]
	at org.springframework.web.method.annotation.AbstractNamedValueMethodArgumentResolver.resolveArgument(AbstractNamedValueMethodArgumentResolver.java:125) ~[spring-web-6.2.3.jar:6.2.3]
	at org.springframework.web.method.support.HandlerMethodArgumentResolverComposite.resolveArgument(HandlerMethodArgumentResolverComposite.java:122) ~[spring-web-6.2.3.jar:6.2.3]
	at org.springframework.web.method.support.InvocableHandlerMethod.getMethodArgumentValues(InvocableHandlerMethod.java:226) ~[spring-web-6.2.3.jar:6.2.3]
	at org.springframework.web.method.support.InvocableHandlerMethod.invokeForRequest(InvocableHandlerMethod.java:180) ~[spring-web-6.2.3.jar:6.2.3]
	at org.springframework.web.servlet.mvc.method.annotation.ServletInvocableHandlerMethod.invokeAndHandle(ServletInvocableHandlerMethod.java:118) ~[spring-webmvc-6.2.3.jar:6.2.3]
	at org.springframework.web.servlet.mvc.method.annotation.RequestMappingHandlerAdapter.invokeHandlerMethod(RequestMappingHandlerAdapter.java:986) ~[spring-webmvc-6.2.3.jar:6.2.3]
	at org.springframework.web.servlet.mvc.method.annotation.RequestMappingHandlerAdapter.handleInternal(RequestMappingHandlerAdapter.java:891) ~[spring-webmvc-6.2.3.jar:6.2.3]
	at org.springframework.web.servlet.mvc.method.AbstractHandlerMethodAdapter.handle(AbstractHandlerMethodAdapter.java:87) ~[spring-webmvc-6.2.3.jar:6.2.3]
	at org.springframework.web.servlet.DispatcherServlet.doDispatch(DispatcherServlet.java:1088) ~[spring-webmvc-6.2.3.jar:6.2.3]
	at org.springframework.web.servlet.DispatcherServlet.doService(DispatcherServlet.java:978) ~[spring-webmvc-6.2.3.jar:6.2.3]
	at org.springframework.web.servlet.FrameworkServlet.processRequest(FrameworkServlet.java:1014) ~[spring-webmvc-6.2.3.jar:6.2.3]
	at org.springframework.web.servlet.FrameworkServlet.doGet(FrameworkServlet.java:903) ~[spring-webmvc-6.2.3.jar:6.2.3]
	at jakarta.servlet.http.HttpServlet.service(HttpServlet.java:564) ~[tomcat-embed-core-10.1.36.jar:6.0]
	at org.springframework.web.servlet.FrameworkServlet.service(FrameworkServlet.java:885) ~[spring-webmvc-6.2.3.jar:6.2.3]
	at jakarta.servlet.http.HttpServlet.service(HttpServlet.java:658) ~[tomcat-embed-core-10.1.36.jar:6.0]
	at org.apache.catalina.core.ApplicationFilterChain.internalDoFilter(ApplicationFilterChain.java:195) ~[tomcat-embed-core-10.1.36.jar:10.1.36]
	at org.apache.catalina.core.ApplicationFilterChain.doFilter(ApplicationFilterChain.java:140) ~[tomcat-embed-core-10.1.36.jar:10.1.36]
	at org.apache.tomcat.websocket.server.WsFilter.doFilter(WsFilter.java:51) ~[tomcat-embed-websocket-10.1.36.jar:10.1.36]
	at org.apache.catalina.core.ApplicationFilterChain.internalDoFilter(ApplicationFilterChain.java:164) ~[tomcat-embed-core-10.1.36.jar:10.1.36]
	at org.apache.catalina.core.ApplicationFilterChain.doFilter(ApplicationFilterChain.java:140) ~[tomcat-embed-core-10.1.36.jar:10.1.36]
	at org.springframework.web.filter.RequestContextFilter.doFilterInternal(RequestContextFilter.java:100) ~[spring-web-6.2.3.jar:6.2.3]
	at org.springframework.web.filter.OncePerRequestFilter.doFilter(OncePerRequestFilter.java:116) ~[spring-web-6.2.3.jar:6.2.3]
	at org.apache.catalina.core.ApplicationFilterChain.internalDoFilter(ApplicationFilterChain.java:164) ~[tomcat-embed-core-10.1.36.jar:10.1.36]
	at org.apache.catalina.core.ApplicationFilterChain.doFilter(ApplicationFilterChain.java:140) ~[tomcat-embed-core-10.1.36.jar:10.1.36]
	at org.springframework.web.filter.FormContentFilter.doFilterInternal(FormContentFilter.java:93) ~[spring-web-6.2.3.jar:6.2.3]
	at org.springframework.web.filter.OncePerRequestFilter.doFilter(OncePerRequestFilter.java:116) ~[spring-web-6.2.3.jar:6.2.3]
	at org.apache.catalina.core.ApplicationFilterChain.internalDoFilter(ApplicationFilterChain.java:164) ~[tomcat-embed-core-10.1.36.jar:10.1.36]
	at org.apache.catalina.core.ApplicationFilterChain.doFilter(ApplicationFilterChain.java:140) ~[tomcat-embed-core-10.1.36.jar:10.1.36]
	at org.springframework.web.filter.ServerHttpObservationFilter.doFilterInternal(ServerHttpObservationFilter.java:114) ~[spring-web-6.2.3.jar:6.2.3]
	at org.springframework.web.filter.OncePerRequestFilter.doFilter(OncePerRequestFilter.java:116) ~[spring-web-6.2.3.jar:6.2.3]
	at org.apache.catalina.core.ApplicationFilterChain.internalDoFilter(ApplicationFilterChain.java:164) ~[tomcat-embed-core-10.1.36.jar:10.1.36]
	at org.apache.catalina.core.ApplicationFilterChain.doFilter(ApplicationFilterChain.java:140) ~[tomcat-embed-core-10.1.36.jar:10.1.36]
	at org.springframework.web.filter.CharacterEncodingFilter.doFilterInternal(CharacterEncodingFilter.java:201) ~[spring-web-6.2.3.jar:6.2.3]
	at org.springframework.web.filter.OncePerRequestFilter.doFilter(OncePerRequestFilter.java:116) ~[spring-web-6.2.3.jar:6.2.3]
	at org.apache.catalina.core.ApplicationFilterChain.internalDoFilter(ApplicationFilterChain.java:164) ~[tomcat-embed-core-10.1.36.jar:10.1.36]
	at org.apache.catalina.core.ApplicationFilterChain.doFilter(ApplicationFilterChain.java:140) ~[tomcat-embed-core-10.1.36.jar:10.1.36]
	at org.apache.catalina.core.StandardWrapperValve.invoke(StandardWrapperValve.java:167) ~[tomcat-embed-core-10.1.36.jar:10.1.36]
	at org.apache.catalina.core.StandardContextValve.invoke(StandardContextValve.java:90) ~[tomcat-embed-core-10.1.36.jar:10.1.36]
	at org.apache.catalina.authenticator.AuthenticatorBase.invoke(AuthenticatorBase.java:483) ~[tomcat-embed-core-10.1.36.jar:10.1.36]
	at org.apache.catalina.core.StandardHostValve.invoke(StandardHostValve.java:115) ~[tomcat-embed-core-10.1.36.jar:10.1.36]
	at org.apache.catalina.valves.ErrorReportValve.invoke(ErrorReportValve.java:93) ~[tomcat-embed-core-10.1.36.jar:10.1.36]
	at org.apache.catalina.core.StandardEngineValve.invoke(StandardEngineValve.java:74) ~[tomcat-embed-core-10.1.36.jar:10.1.36]
	at org.apache.catalina.connector.CoyoteAdapter.service(CoyoteAdapter.java:344) ~[tomcat-embed-core-10.1.36.jar:10.1.36]
	at org.apache.coyote.http11.Http11Processor.service(Http11Processor.java:397) ~[tomcat-embed-core-10.1.36.jar:10.1.36]
	at org.apache.coyote.AbstractProcessorLight.process(AbstractProcessorLight.java:63) ~[tomcat-embed-core-10.1.36.jar:10.1.36]
	at org.apache.coyote.AbstractProtocol$ConnectionHandler.process(AbstractProtocol.java:905) ~[tomcat-embed-core-10.1.36.jar:10.1.36]
	at org.apache.tomcat.util.net.NioEndpoint$SocketProcessor.doRun(NioEndpoint.java:1743) ~[tomcat-embed-core-10.1.36.jar:10.1.36]
	at org.apache.tomcat.util.net.SocketProcessorBase.run(SocketProcessorBase.java:52) ~[tomcat-embed-core-10.1.36.jar:10.1.36]
	at org.apache.tomcat.util.threads.ThreadPoolExecutor.runWorker(ThreadPoolExecutor.java:1190) ~[tomcat-embed-core-10.1.36.jar:10.1.36]
	at org.apache.tomcat.util.threads.ThreadPoolExecutor$Worker.run(ThreadPoolExecutor.java:659) ~[tomcat-embed-core-10.1.36.jar:10.1.36]
	at org.apache.tomcat.util.threads.TaskThread$WrappingRunnable.run(TaskThread.java:63) ~[tomcat-embed-core-10.1.36.jar:10.1.36]
	at java.base/java.lang.Thread.run(Thread.java:1583) ~[na:na]
2026-04-26 05:19:17.817 [main] INFO  o.s.c.c.c.ConfigServicePropertySourceLocator - Fetching config from server at : http://localhost:9101
2026-04-26 05:19:19.668 [main] INFO  o.s.c.c.c.ConfigServicePropertySourceLocator - Located environment: name=microservice-produits, profiles=[default], label=null, version=a6dc47ce0a6649886d252a94df0b43378c8a5cce, state=
2026-04-26 05:19:19.670 [main] INFO  o.s.c.b.c.PropertySourceBootstrapConfiguration - Located property source: [BootstrapPropertySource {name='bootstrapProperties-configClient'}, BootstrapPropertySource {name='bootstrapProperties-https://github.com/ESPHEREAPI/cloud-config-gescom.git/microservice-produits.properties'}]
2026-04-26 05:19:19.705 [main] INFO  com.mproduits.MproduitsApplication - No active profile set, falling back to 1 default profile: "default"
2026-04-26 05:19:21.580 [main] INFO  o.s.d.r.c.RepositoryConfigurationDelegate - Bootstrapping Spring Data JPA repositories in DEFAULT mode.
2026-04-26 05:19:21.937 [main] INFO  o.s.d.r.c.RepositoryConfigurationDelegate - Finished Spring Data repository scanning in 343 ms. Found 56 JPA repository interfaces.
2026-04-26 05:19:22.272 [main] INFO  o.s.cloud.context.scope.GenericScope - BeanFactory id=33a517d9-b132-366e-8c6a-7f776a6e3bf8
2026-04-26 05:19:23.083 [main] INFO  o.s.b.w.e.tomcat.TomcatWebServer - Tomcat initialized with port 9001 (http)
2026-04-26 05:19:23.179 [main] INFO  o.s.b.w.s.c.ServletWebServerApplicationContext - Root WebApplicationContext: initialization completed in 3445 ms
2026-04-26 05:19:24.883 [main] WARN  org.hibernate.orm.deprecation - HHH90000025: MySQL8Dialect does not need to be specified explicitly using 'hibernate.dialect' (remove the property setting and it will be selected by default)
2026-04-26 05:19:24.886 [main] WARN  org.hibernate.orm.deprecation - HHH90000026: MySQL8Dialect has been deprecated; use org.hibernate.dialect.MySQLDialect instead
2026-04-26 05:19:28.140 [main] WARN  o.h.t.s.i.ExceptionHandlerLoggedImpl - GenerationTarget encountered exception accepting command : Error executing DDL "alter table employeur modify column logos tinyblob" via JDBC [Data truncation: Data too long for column 'logos' at row 1]
org.hibernate.tool.schema.spi.CommandAcceptanceException: Error executing DDL "alter table employeur modify column logos tinyblob" via JDBC [Data truncation: Data too long for column 'logos' at row 1]
	at org.hibernate.tool.schema.internal.exec.GenerationTargetToDatabase.accept(GenerationTargetToDatabase.java:94) ~[hibernate-core-6.6.8.Final.jar:6.6.8.Final]
	at org.hibernate.tool.schema.internal.AbstractSchemaMigrator.applySqlString(AbstractSchemaMigrator.java:576) ~[hibernate-core-6.6.8.Final.jar:6.6.8.Final]
	at org.hibernate.tool.schema.internal.AbstractSchemaMigrator.applySqlStrings(AbstractSchemaMigrator.java:516) ~[hibernate-core-6.6.8.Final.jar:6.6.8.Final]
	at org.hibernate.tool.schema.internal.AbstractSchemaMigrator.migrateTable(AbstractSchemaMigrator.java:334) ~[hibernate-core-6.6.8.Final.jar:6.6.8.Final]
	at org.hibernate.tool.schema.internal.GroupedSchemaMigratorImpl.performTablesMigration(GroupedSchemaMigratorImpl.java:84) ~[hibernate-core-6.6.8.Final.jar:6.6.8.Final]
	at org.hibernate.tool.schema.internal.AbstractSchemaMigrator.performMigration(AbstractSchemaMigrator.java:233) ~[hibernate-core-6.6.8.Final.jar:6.6.8.Final]
	at org.hibernate.tool.schema.internal.AbstractSchemaMigrator.doMigration(AbstractSchemaMigrator.java:112) ~[hibernate-core-6.6.8.Final.jar:6.6.8.Final]
	at org.hibernate.tool.schema.spi.SchemaManagementToolCoordinator.performDatabaseAction(SchemaManagementToolCoordinator.java:280) ~[hibernate-core-6.6.8.Final.jar:6.6.8.Final]
	at org.hibernate.tool.schema.spi.SchemaManagementToolCoordinator.lambda$process$5(SchemaManagementToolCoordinator.java:144) ~[hibernate-core-6.6.8.Final.jar:6.6.8.Final]
	at java.base/java.util.HashMap.forEach(HashMap.java:1429) ~[na:na]
	at org.hibernate.tool.schema.spi.SchemaManagementToolCoordinator.process(SchemaManagementToolCoordinator.java:141) ~[hibernate-core-6.6.8.Final.jar:6.6.8.Final]
	at org.hibernate.boot.internal.SessionFactoryObserverForSchemaExport.sessionFactoryCreated(SessionFactoryObserverForSchemaExport.java:37) ~[hibernate-core-6.6.8.Final.jar:6.6.8.Final]
	at org.hibernate.internal.SessionFactoryObserverChain.sessionFactoryCreated(SessionFactoryObserverChain.java:35) ~[hibernate-core-6.6.8.Final.jar:6.6.8.Final]
	at org.hibernate.internal.SessionFactoryImpl.<init>(SessionFactoryImpl.java:324) ~[hibernate-core-6.6.8.Final.jar:6.6.8.Final]
	at org.hibernate.boot.internal.SessionFactoryBuilderImpl.build(SessionFactoryBuilderImpl.java:463) ~[hibernate-core-6.6.8.Final.jar:6.6.8.Final]
	at org.hibernate.jpa.boot.internal.EntityManagerFactoryBuilderImpl.build(EntityManagerFactoryBuilderImpl.java:1517) ~[hibernate-core-6.6.8.Final.jar:6.6.8.Final]
	at org.springframework.orm.jpa.vendor.SpringHibernateJpaPersistenceProvider.createContainerEntityManagerFactory(SpringHibernateJpaPersistenceProvider.java:66) ~[spring-orm-6.2.3.jar:6.2.3]
	at org.springframework.orm.jpa.LocalContainerEntityManagerFactoryBean.createNativeEntityManagerFactory(LocalContainerEntityManagerFactoryBean.java:390) ~[spring-orm-6.2.3.jar:6.2.3]
	at org.springframework.orm.jpa.AbstractEntityManagerFactoryBean.buildNativeEntityManagerFactory(AbstractEntityManagerFactoryBean.java:419) ~[spring-orm-6.2.3.jar:6.2.3]
	at org.springframework.orm.jpa.AbstractEntityManagerFactoryBean.afterPropertiesSet(AbstractEntityManagerFactoryBean.java:400) ~[spring-orm-6.2.3.jar:6.2.3]
	at org.springframework.orm.jpa.LocalContainerEntityManagerFactoryBean.afterPropertiesSet(LocalContainerEntityManagerFactoryBean.java:366) ~[spring-orm-6.2.3.jar:6.2.3]
	at org.springframework.beans.factory.support.AbstractAutowireCapableBeanFactory.invokeInitMethods(AbstractAutowireCapableBeanFactory.java:1859) ~[spring-beans-6.2.3.jar:6.2.3]
	at org.springframework.beans.factory.support.AbstractAutowireCapableBeanFactory.initializeBean(AbstractAutowireCapableBeanFactory.java:1808) ~[spring-beans-6.2.3.jar:6.2.3]
	at org.springframework.beans.factory.support.AbstractAutowireCapableBeanFactory.doCreateBean(AbstractAutowireCapableBeanFactory.java:601) ~[spring-beans-6.2.3.jar:6.2.3]
	at org.springframework.beans.factory.support.AbstractAutowireCapableBeanFactory.createBean(AbstractAutowireCapableBeanFactory.java:523) ~[spring-beans-6.2.3.jar:6.2.3]
	at org.springframework.beans.factory.support.AbstractBeanFactory.lambda$doGetBean$0(AbstractBeanFactory.java:339) ~[spring-beans-6.2.3.jar:6.2.3]
	at org.springframework.beans.factory.support.DefaultSingletonBeanRegistry.getSingleton(DefaultSingletonBeanRegistry.java:346) ~[spring-beans-6.2.3.jar:6.2.3]
	at org.springframework.beans.factory.support.AbstractBeanFactory.doGetBean(AbstractBeanFactory.java:337) ~[spring-beans-6.2.3.jar:6.2.3]
	at org.springframework.beans.factory.support.AbstractBeanFactory.getBean(AbstractBeanFactory.java:207) ~[spring-beans-6.2.3.jar:6.2.3]
	at org.springframework.context.support.AbstractApplicationContext.finishBeanFactoryInitialization(AbstractApplicationContext.java:970) ~[spring-context-6.2.3.jar:6.2.3]
	at org.springframework.context.support.AbstractApplicationContext.refresh(AbstractApplicationContext.java:627) ~[spring-context-6.2.3.jar:6.2.3]
	at org.springframework.boot.web.servlet.context.ServletWebServerApplicationContext.refresh(ServletWebServerApplicationContext.java:146) ~[spring-boot-3.4.3.jar:3.4.3]
	at org.springframework.boot.SpringApplication.refresh(SpringApplication.java:752) ~[spring-boot-3.4.3.jar:3.4.3]
	at org.springframework.boot.SpringApplication.refreshContext(SpringApplication.java:439) ~[spring-boot-3.4.3.jar:3.4.3]
	at org.springframework.boot.SpringApplication.run(SpringApplication.java:318) ~[spring-boot-3.4.3.jar:3.4.3]
	at org.springframework.boot.SpringApplication.run(SpringApplication.java:1361) ~[spring-boot-3.4.3.jar:3.4.3]
	at org.springframework.boot.SpringApplication.run(SpringApplication.java:1350) ~[spring-boot-3.4.3.jar:3.4.3]
	at com.mproduits.MproduitsApplication.main(MproduitsApplication.java:16) ~[classes/:na]
Caused by: com.mysql.cj.jdbc.exceptions.MysqlDataTruncation: Data truncation: Data too long for column 'logos' at row 1
	at com.mysql.cj.jdbc.exceptions.SQLExceptionsMapping.translateException(SQLExceptionsMapping.java:96) ~[mysql-connector-j-9.1.0.jar:9.1.0]
	at com.mysql.cj.jdbc.StatementImpl.executeInternal(StatementImpl.java:837) ~[mysql-connector-j-9.1.0.jar:9.1.0]
	at com.mysql.cj.jdbc.StatementImpl.execute(StatementImpl.java:685) ~[mysql-connector-j-9.1.0.jar:9.1.0]
	at com.zaxxer.hikari.pool.ProxyStatement.execute(ProxyStatement.java:94) ~[HikariCP-5.1.0.jar:na]
	at com.zaxxer.hikari.pool.HikariProxyStatement.execute(HikariProxyStatement.java) ~[HikariCP-5.1.0.jar:na]
	at org.hibernate.tool.schema.internal.exec.GenerationTargetToDatabase.accept(GenerationTargetToDatabase.java:80) ~[hibernate-core-6.6.8.Final.jar:6.6.8.Final]
	... 37 common frames omitted
2026-04-26 05:19:28.361 [main] WARN  o.h.t.s.i.ExceptionHandlerLoggedImpl - GenerationTarget encountered exception accepting command : Error executing DDL "alter table barcodeproduit add constraint FKny3wl2rnyjufrud0kb9jvr55s foreign key (prixarticlesid) references prixarticles_easy (id)" via JDBC [Cannot add or update a child row: a foreign key constraint fails (`librairie`.`#sql-1790_450`, CONSTRAINT `FKny3wl2rnyjufrud0kb9jvr55s` FOREIGN KEY (`Prixarticlesid`) REFERENCES `prixarticles_easy` (`id`))]
org.hibernate.tool.schema.spi.CommandAcceptanceException: Error executing DDL "alter table barcodeproduit add constraint FKny3wl2rnyjufrud0kb9jvr55s foreign key (prixarticlesid) references prixarticles_easy (id)" via JDBC [Cannot add or update a child row: a foreign key constraint fails (`librairie`.`#sql-1790_450`, CONSTRAINT `FKny3wl2rnyjufrud0kb9jvr55s` FOREIGN KEY (`Prixarticlesid`) REFERENCES `prixarticles_easy` (`id`))]
	at org.hibernate.tool.schema.internal.exec.GenerationTargetToDatabase.accept(GenerationTargetToDatabase.java:94) ~[hibernate-core-6.6.8.Final.jar:6.6.8.Final]
	at org.hibernate.tool.schema.internal.AbstractSchemaMigrator.applySqlString(AbstractSchemaMigrator.java:576) ~[hibernate-core-6.6.8.Final.jar:6.6.8.Final]
	at org.hibernate.tool.schema.internal.AbstractSchemaMigrator.applySqlStrings(AbstractSchemaMigrator.java:516) ~[hibernate-core-6.6.8.Final.jar:6.6.8.Final]
	at org.hibernate.tool.schema.internal.AbstractSchemaMigrator.applyForeignKeys(AbstractSchemaMigrator.java:448) ~[hibernate-core-6.6.8.Final.jar:6.6.8.Final]
	at org.hibernate.tool.schema.internal.AbstractSchemaMigrator.performMigration(AbstractSchemaMigrator.java:269) ~[hibernate-core-6.6.8.Final.jar:6.6.8.Final]
	at org.hibernate.tool.schema.internal.AbstractSchemaMigrator.doMigration(AbstractSchemaMigrator.java:112) ~[hibernate-core-6.6.8.Final.jar:6.6.8.Final]
	at org.hibernate.tool.schema.spi.SchemaManagementToolCoordinator.performDatabaseAction(SchemaManagementToolCoordinator.java:280) ~[hibernate-core-6.6.8.Final.jar:6.6.8.Final]
	at org.hibernate.tool.schema.spi.SchemaManagementToolCoordinator.lambda$process$5(SchemaManagementToolCoordinator.java:144) ~[hibernate-core-6.6.8.Final.jar:6.6.8.Final]
	at java.base/java.util.HashMap.forEach(HashMap.java:1429) ~[na:na]
	at org.hibernate.tool.schema.spi.SchemaManagementToolCoordinator.process(SchemaManagementToolCoordinator.java:141) ~[hibernate-core-6.6.8.Final.jar:6.6.8.Final]
	at org.hibernate.boot.internal.SessionFactoryObserverForSchemaExport.sessionFactoryCreated(SessionFactoryObserverForSchemaExport.java:37) ~[hibernate-core-6.6.8.Final.jar:6.6.8.Final]
	at org.hibernate.internal.SessionFactoryObserverChain.sessionFactoryCreated(SessionFactoryObserverChain.java:35) ~[hibernate-core-6.6.8.Final.jar:6.6.8.Final]
	at org.hibernate.internal.SessionFactoryImpl.<init>(SessionFactoryImpl.java:324) ~[hibernate-core-6.6.8.Final.jar:6.6.8.Final]
	at org.hibernate.boot.internal.SessionFactoryBuilderImpl.build(SessionFactoryBuilderImpl.java:463) ~[hibernate-core-6.6.8.Final.jar:6.6.8.Final]
	at org.hibernate.jpa.boot.internal.EntityManagerFactoryBuilderImpl.build(EntityManagerFactoryBuilderImpl.java:1517) ~[hibernate-core-6.6.8.Final.jar:6.6.8.Final]
	at org.springframework.orm.jpa.vendor.SpringHibernateJpaPersistenceProvider.createContainerEntityManagerFactory(SpringHibernateJpaPersistenceProvider.java:66) ~[spring-orm-6.2.3.jar:6.2.3]
	at org.springframework.orm.jpa.LocalContainerEntityManagerFactoryBean.createNativeEntityManagerFactory(LocalContainerEntityManagerFactoryBean.java:390) ~[spring-orm-6.2.3.jar:6.2.3]
	at org.springframework.orm.jpa.AbstractEntityManagerFactoryBean.buildNativeEntityManagerFactory(AbstractEntityManagerFactoryBean.java:419) ~[spring-orm-6.2.3.jar:6.2.3]
	at org.springframework.orm.jpa.AbstractEntityManagerFactoryBean.afterPropertiesSet(AbstractEntityManagerFactoryBean.java:400) ~[spring-orm-6.2.3.jar:6.2.3]
	at org.springframework.orm.jpa.LocalContainerEntityManagerFactoryBean.afterPropertiesSet(LocalContainerEntityManagerFactoryBean.java:366) ~[spring-orm-6.2.3.jar:6.2.3]
	at org.springframework.beans.factory.support.AbstractAutowireCapableBeanFactory.invokeInitMethods(AbstractAutowireCapableBeanFactory.java:1859) ~[spring-beans-6.2.3.jar:6.2.3]
	at org.springframework.beans.factory.support.AbstractAutowireCapableBeanFactory.initializeBean(AbstractAutowireCapableBeanFactory.java:1808) ~[spring-beans-6.2.3.jar:6.2.3]
	at org.springframework.beans.factory.support.AbstractAutowireCapableBeanFactory.doCreateBean(AbstractAutowireCapableBeanFactory.java:601) ~[spring-beans-6.2.3.jar:6.2.3]
	at org.springframework.beans.factory.support.AbstractAutowireCapableBeanFactory.createBean(AbstractAutowireCapableBeanFactory.java:523) ~[spring-beans-6.2.3.jar:6.2.3]
	at org.springframework.beans.factory.support.AbstractBeanFactory.lambda$doGetBean$0(AbstractBeanFactory.java:339) ~[spring-beans-6.2.3.jar:6.2.3]
	at org.springframework.beans.factory.support.DefaultSingletonBeanRegistry.getSingleton(DefaultSingletonBeanRegistry.java:346) ~[spring-beans-6.2.3.jar:6.2.3]
	at org.springframework.beans.factory.support.AbstractBeanFactory.doGetBean(AbstractBeanFactory.java:337) ~[spring-beans-6.2.3.jar:6.2.3]
	at org.springframework.beans.factory.support.AbstractBeanFactory.getBean(AbstractBeanFactory.java:207) ~[spring-beans-6.2.3.jar:6.2.3]
	at org.springframework.context.support.AbstractApplicationContext.finishBeanFactoryInitialization(AbstractApplicationContext.java:970) ~[spring-context-6.2.3.jar:6.2.3]
	at org.springframework.context.support.AbstractApplicationContext.refresh(AbstractApplicationContext.java:627) ~[spring-context-6.2.3.jar:6.2.3]
	at org.springframework.boot.web.servlet.context.ServletWebServerApplicationContext.refresh(ServletWebServerApplicationContext.java:146) ~[spring-boot-3.4.3.jar:3.4.3]
	at org.springframework.boot.SpringApplication.refresh(SpringApplication.java:752) ~[spring-boot-3.4.3.jar:3.4.3]
	at org.springframework.boot.SpringApplication.refreshContext(SpringApplication.java:439) ~[spring-boot-3.4.3.jar:3.4.3]
	at org.springframework.boot.SpringApplication.run(SpringApplication.java:318) ~[spring-boot-3.4.3.jar:3.4.3]
	at org.springframework.boot.SpringApplication.run(SpringApplication.java:1361) ~[spring-boot-3.4.3.jar:3.4.3]
	at org.springframework.boot.SpringApplication.run(SpringApplication.java:1350) ~[spring-boot-3.4.3.jar:3.4.3]
	at com.mproduits.MproduitsApplication.main(MproduitsApplication.java:16) ~[classes/:na]
Caused by: java.sql.SQLIntegrityConstraintViolationException: Cannot add or update a child row: a foreign key constraint fails (`librairie`.`#sql-1790_450`, CONSTRAINT `FKny3wl2rnyjufrud0kb9jvr55s` FOREIGN KEY (`Prixarticlesid`) REFERENCES `prixarticles_easy` (`id`))
	at com.mysql.cj.jdbc.exceptions.SQLError.createSQLException(SQLError.java:109) ~[mysql-connector-j-9.1.0.jar:9.1.0]
	at com.mysql.cj.jdbc.exceptions.SQLExceptionsMapping.translateException(SQLExceptionsMapping.java:114) ~[mysql-connector-j-9.1.0.jar:9.1.0]
	at com.mysql.cj.jdbc.StatementImpl.executeInternal(StatementImpl.java:837) ~[mysql-connector-j-9.1.0.jar:9.1.0]
	at com.mysql.cj.jdbc.StatementImpl.execute(StatementImpl.java:685) ~[mysql-connector-j-9.1.0.jar:9.1.0]
	at com.zaxxer.hikari.pool.ProxyStatement.execute(ProxyStatement.java:94) ~[HikariCP-5.1.0.jar:na]
	at com.zaxxer.hikari.pool.HikariProxyStatement.execute(HikariProxyStatement.java) ~[HikariCP-5.1.0.jar:na]
	at org.hibernate.tool.schema.internal.exec.GenerationTargetToDatabase.accept(GenerationTargetToDatabase.java:80) ~[hibernate-core-6.6.8.Final.jar:6.6.8.Final]
	... 36 common frames omitted
2026-04-26 05:19:28.450 [main] WARN  o.h.t.s.i.ExceptionHandlerLoggedImpl - GenerationTarget encountered exception accepting command : Error executing DDL "alter table devis add constraint FKo9xhohtswfxk6ft1djfy1yp0n foreign key (boutiqueid) references boutique (id)" via JDBC [Cannot add or update a child row: a foreign key constraint fails (`librairie`.`#sql-1790_450`, CONSTRAINT `FKo9xhohtswfxk6ft1djfy1yp0n` FOREIGN KEY (`boutiqueid`) REFERENCES `boutique` (`id`))]
org.hibernate.tool.schema.spi.CommandAcceptanceException: Error executing DDL "alter table devis add constraint FKo9xhohtswfxk6ft1djfy1yp0n foreign key (boutiqueid) references boutique (id)" via JDBC [Cannot add or update a child row: a foreign key constraint fails (`librairie`.`#sql-1790_450`, CONSTRAINT `FKo9xhohtswfxk6ft1djfy1yp0n` FOREIGN KEY (`boutiqueid`) REFERENCES `boutique` (`id`))]
	at org.hibernate.tool.schema.internal.exec.GenerationTargetToDatabase.accept(GenerationTargetToDatabase.java:94) ~[hibernate-core-6.6.8.Final.jar:6.6.8.Final]
	at org.hibernate.tool.schema.internal.AbstractSchemaMigrator.applySqlString(AbstractSchemaMigrator.java:576) ~[hibernate-core-6.6.8.Final.jar:6.6.8.Final]
	at org.hibernate.tool.schema.internal.AbstractSchemaMigrator.applySqlStrings(AbstractSchemaMigrator.java:516) ~[hibernate-core-6.6.8.Final.jar:6.6.8.Final]
	at org.hibernate.tool.schema.internal.AbstractSchemaMigrator.applyForeignKeys(AbstractSchemaMigrator.java:448) ~[hibernate-core-6.6.8.Final.jar:6.6.8.Final]
	at org.hibernate.tool.schema.internal.AbstractSchemaMigrator.performMigration(AbstractSchemaMigrator.java:269) ~[hibernate-core-6.6.8.Final.jar:6.6.8.Final]
	at org.hibernate.tool.schema.internal.AbstractSchemaMigrator.doMigration(AbstractSchemaMigrator.java:112) ~[hibernate-core-6.6.8.Final.jar:6.6.8.Final]
	at org.hibernate.tool.schema.spi.SchemaManagementToolCoordinator.performDatabaseAction(SchemaManagementToolCoordinator.java:280) ~[hibernate-core-6.6.8.Final.jar:6.6.8.Final]
	at org.hibernate.tool.schema.spi.SchemaManagementToolCoordinator.lambda$process$5(SchemaManagementToolCoordinator.java:144) ~[hibernate-core-6.6.8.Final.jar:6.6.8.Final]
	at java.base/java.util.HashMap.forEach(HashMap.java:1429) ~[na:na]
	at org.hibernate.tool.schema.spi.SchemaManagementToolCoordinator.process(SchemaManagementToolCoordinator.java:141) ~[hibernate-core-6.6.8.Final.jar:6.6.8.Final]
	at org.hibernate.boot.internal.SessionFactoryObserverForSchemaExport.sessionFactoryCreated(SessionFactoryObserverForSchemaExport.java:37) ~[hibernate-core-6.6.8.Final.jar:6.6.8.Final]
	at org.hibernate.internal.SessionFactoryObserverChain.sessionFactoryCreated(SessionFactoryObserverChain.java:35) ~[hibernate-core-6.6.8.Final.jar:6.6.8.Final]
	at org.hibernate.internal.SessionFactoryImpl.<init>(SessionFactoryImpl.java:324) ~[hibernate-core-6.6.8.Final.jar:6.6.8.Final]
	at org.hibernate.boot.internal.SessionFactoryBuilderImpl.build(SessionFactoryBuilderImpl.java:463) ~[hibernate-core-6.6.8.Final.jar:6.6.8.Final]
	at org.hibernate.jpa.boot.internal.EntityManagerFactoryBuilderImpl.build(EntityManagerFactoryBuilderImpl.java:1517) ~[hibernate-core-6.6.8.Final.jar:6.6.8.Final]
	at org.springframework.orm.jpa.vendor.SpringHibernateJpaPersistenceProvider.createContainerEntityManagerFactory(SpringHibernateJpaPersistenceProvider.java:66) ~[spring-orm-6.2.3.jar:6.2.3]
	at org.springframework.orm.jpa.LocalContainerEntityManagerFactoryBean.createNativeEntityManagerFactory(LocalContainerEntityManagerFactoryBean.java:390) ~[spring-orm-6.2.3.jar:6.2.3]
	at org.springframework.orm.jpa.AbstractEntityManagerFactoryBean.buildNativeEntityManagerFactory(AbstractEntityManagerFactoryBean.java:419) ~[spring-orm-6.2.3.jar:6.2.3]
	at org.springframework.orm.jpa.AbstractEntityManagerFactoryBean.afterPropertiesSet(AbstractEntityManagerFactoryBean.java:400) ~[spring-orm-6.2.3.jar:6.2.3]
	at org.springframework.orm.jpa.LocalContainerEntityManagerFactoryBean.afterPropertiesSet(LocalContainerEntityManagerFactoryBean.java:366) ~[spring-orm-6.2.3.jar:6.2.3]
	at org.springframework.beans.factory.support.AbstractAutowireCapableBeanFactory.invokeInitMethods(AbstractAutowireCapableBeanFactory.java:1859) ~[spring-beans-6.2.3.jar:6.2.3]
	at org.springframework.beans.factory.support.AbstractAutowireCapableBeanFactory.initializeBean(AbstractAutowireCapableBeanFactory.java:1808) ~[spring-beans-6.2.3.jar:6.2.3]
	at org.springframework.beans.factory.support.AbstractAutowireCapableBeanFactory.doCreateBean(AbstractAutowireCapableBeanFactory.java:601) ~[spring-beans-6.2.3.jar:6.2.3]
	at org.springframework.beans.factory.support.AbstractAutowireCapableBeanFactory.createBean(AbstractAutowireCapableBeanFactory.java:523) ~[spring-beans-6.2.3.jar:6.2.3]
	at org.springframework.beans.factory.support.AbstractBeanFactory.lambda$doGetBean$0(AbstractBeanFactory.java:339) ~[spring-beans-6.2.3.jar:6.2.3]
	at org.springframework.beans.factory.support.DefaultSingletonBeanRegistry.getSingleton(DefaultSingletonBeanRegistry.java:346) ~[spring-beans-6.2.3.jar:6.2.3]
	at org.springframework.beans.factory.support.AbstractBeanFactory.doGetBean(AbstractBeanFactory.java:337) ~[spring-beans-6.2.3.jar:6.2.3]
	at org.springframework.beans.factory.support.AbstractBeanFactory.getBean(AbstractBeanFactory.java:207) ~[spring-beans-6.2.3.jar:6.2.3]
	at org.springframework.context.support.AbstractApplicationContext.finishBeanFactoryInitialization(AbstractApplicationContext.java:970) ~[spring-context-6.2.3.jar:6.2.3]
	at org.springframework.context.support.AbstractApplicationContext.refresh(AbstractApplicationContext.java:627) ~[spring-context-6.2.3.jar:6.2.3]
	at org.springframework.boot.web.servlet.context.ServletWebServerApplicationContext.refresh(ServletWebServerApplicationContext.java:146) ~[spring-boot-3.4.3.jar:3.4.3]
	at org.springframework.boot.SpringApplication.refresh(SpringApplication.java:752) ~[spring-boot-3.4.3.jar:3.4.3]
	at org.springframework.boot.SpringApplication.refreshContext(SpringApplication.java:439) ~[spring-boot-3.4.3.jar:3.4.3]
	at org.springframework.boot.SpringApplication.run(SpringApplication.java:318) ~[spring-boot-3.4.3.jar:3.4.3]
	at org.springframework.boot.SpringApplication.run(SpringApplication.java:1361) ~[spring-boot-3.4.3.jar:3.4.3]
	at org.springframework.boot.SpringApplication.run(SpringApplication.java:1350) ~[spring-boot-3.4.3.jar:3.4.3]
	at com.mproduits.MproduitsApplication.main(MproduitsApplication.java:16) ~[classes/:na]
Caused by: java.sql.SQLIntegrityConstraintViolationException: Cannot add or update a child row: a foreign key constraint fails (`librairie`.`#sql-1790_450`, CONSTRAINT `FKo9xhohtswfxk6ft1djfy1yp0n` FOREIGN KEY (`boutiqueid`) REFERENCES `boutique` (`id`))
	at com.mysql.cj.jdbc.exceptions.SQLError.createSQLException(SQLError.java:109) ~[mysql-connector-j-9.1.0.jar:9.1.0]
	at com.mysql.cj.jdbc.exceptions.SQLExceptionsMapping.translateException(SQLExceptionsMapping.java:114) ~[mysql-connector-j-9.1.0.jar:9.1.0]
	at com.mysql.cj.jdbc.StatementImpl.executeInternal(StatementImpl.java:837) ~[mysql-connector-j-9.1.0.jar:9.1.0]
	at com.mysql.cj.jdbc.StatementImpl.execute(StatementImpl.java:685) ~[mysql-connector-j-9.1.0.jar:9.1.0]
	at com.zaxxer.hikari.pool.ProxyStatement.execute(ProxyStatement.java:94) ~[HikariCP-5.1.0.jar:na]
	at com.zaxxer.hikari.pool.HikariProxyStatement.execute(HikariProxyStatement.java) ~[HikariCP-5.1.0.jar:na]
	at org.hibernate.tool.schema.internal.exec.GenerationTargetToDatabase.accept(GenerationTargetToDatabase.java:80) ~[hibernate-core-6.6.8.Final.jar:6.6.8.Final]
	... 36 common frames omitted
2026-04-26 05:19:28.690 [main] WARN  o.h.t.s.i.ExceptionHandlerLoggedImpl - GenerationTarget encountered exception accepting command : Error executing DDL "alter table prixclient add constraint FKslnu0j8f46h0ojbyjt077mrm4 foreign key (annee_id, employeur_id) references entreprise (anneeid, employeurid)" via JDBC [Cannot add or update a child row: a foreign key constraint fails (`librairie`.`#sql-1790_450`, CONSTRAINT `FKslnu0j8f46h0ojbyjt077mrm4` FOREIGN KEY (`annee_id`, `employeur_id`) REFERENCES `entreprise` (`Anneeid`, `Employeurid`))]
org.hibernate.tool.schema.spi.CommandAcceptanceException: Error executing DDL "alter table prixclient add constraint FKslnu0j8f46h0ojbyjt077mrm4 foreign key (annee_id, employeur_id) references entreprise (anneeid, employeurid)" via JDBC [Cannot add or update a child row: a foreign key constraint fails (`librairie`.`#sql-1790_450`, CONSTRAINT `FKslnu0j8f46h0ojbyjt077mrm4` FOREIGN KEY (`annee_id`, `employeur_id`) REFERENCES `entreprise` (`Anneeid`, `Employeurid`))]
	at org.hibernate.tool.schema.internal.exec.GenerationTargetToDatabase.accept(GenerationTargetToDatabase.java:94) ~[hibernate-core-6.6.8.Final.jar:6.6.8.Final]
	at org.hibernate.tool.schema.internal.AbstractSchemaMigrator.applySqlString(AbstractSchemaMigrator.java:576) ~[hibernate-core-6.6.8.Final.jar:6.6.8.Final]
	at org.hibernate.tool.schema.internal.AbstractSchemaMigrator.applySqlStrings(AbstractSchemaMigrator.java:516) ~[hibernate-core-6.6.8.Final.jar:6.6.8.Final]
	at org.hibernate.tool.schema.internal.AbstractSchemaMigrator.applyForeignKeys(AbstractSchemaMigrator.java:448) ~[hibernate-core-6.6.8.Final.jar:6.6.8.Final]
	at org.hibernate.tool.schema.internal.AbstractSchemaMigrator.performMigration(AbstractSchemaMigrator.java:269) ~[hibernate-core-6.6.8.Final.jar:6.6.8.Final]
	at org.hibernate.tool.schema.internal.AbstractSchemaMigrator.doMigration(AbstractSchemaMigrator.java:112) ~[hibernate-core-6.6.8.Final.jar:6.6.8.Final]
	at org.hibernate.tool.schema.spi.SchemaManagementToolCoordinator.performDatabaseAction(SchemaManagementToolCoordinator.java:280) ~[hibernate-core-6.6.8.Final.jar:6.6.8.Final]
	at org.hibernate.tool.schema.spi.SchemaManagementToolCoordinator.lambda$process$5(SchemaManagementToolCoordinator.java:144) ~[hibernate-core-6.6.8.Final.jar:6.6.8.Final]
	at java.base/java.util.HashMap.forEach(HashMap.java:1429) ~[na:na]
	at org.hibernate.tool.schema.spi.SchemaManagementToolCoordinator.process(SchemaManagementToolCoordinator.java:141) ~[hibernate-core-6.6.8.Final.jar:6.6.8.Final]
	at org.hibernate.boot.internal.SessionFactoryObserverForSchemaExport.sessionFactoryCreated(SessionFactoryObserverForSchemaExport.java:37) ~[hibernate-core-6.6.8.Final.jar:6.6.8.Final]
	at org.hibernate.internal.SessionFactoryObserverChain.sessionFactoryCreated(SessionFactoryObserverChain.java:35) ~[hibernate-core-6.6.8.Final.jar:6.6.8.Final]
	at org.hibernate.internal.SessionFactoryImpl.<init>(SessionFactoryImpl.java:324) ~[hibernate-core-6.6.8.Final.jar:6.6.8.Final]
	at org.hibernate.boot.internal.SessionFactoryBuilderImpl.build(SessionFactoryBuilderImpl.java:463) ~[hibernate-core-6.6.8.Final.jar:6.6.8.Final]
	at org.hibernate.jpa.boot.internal.EntityManagerFactoryBuilderImpl.build(EntityManagerFactoryBuilderImpl.java:1517) ~[hibernate-core-6.6.8.Final.jar:6.6.8.Final]
	at org.springframework.orm.jpa.vendor.SpringHibernateJpaPersistenceProvider.createContainerEntityManagerFactory(SpringHibernateJpaPersistenceProvider.java:66) ~[spring-orm-6.2.3.jar:6.2.3]
	at org.springframework.orm.jpa.LocalContainerEntityManagerFactoryBean.createNativeEntityManagerFactory(LocalContainerEntityManagerFactoryBean.java:390) ~[spring-orm-6.2.3.jar:6.2.3]
	at org.springframework.orm.jpa.AbstractEntityManagerFactoryBean.buildNativeEntityManagerFactory(AbstractEntityManagerFactoryBean.java:419) ~[spring-orm-6.2.3.jar:6.2.3]
	at org.springframework.orm.jpa.AbstractEntityManagerFactoryBean.afterPropertiesSet(AbstractEntityManagerFactoryBean.java:400) ~[spring-orm-6.2.3.jar:6.2.3]
	at org.springframework.orm.jpa.LocalContainerEntityManagerFactoryBean.afterPropertiesSet(LocalContainerEntityManagerFactoryBean.java:366) ~[spring-orm-6.2.3.jar:6.2.3]
	at org.springframework.beans.factory.support.AbstractAutowireCapableBeanFactory.invokeInitMethods(AbstractAutowireCapableBeanFactory.java:1859) ~[spring-beans-6.2.3.jar:6.2.3]
	at org.springframework.beans.factory.support.AbstractAutowireCapableBeanFactory.initializeBean(AbstractAutowireCapableBeanFactory.java:1808) ~[spring-beans-6.2.3.jar:6.2.3]
	at org.springframework.beans.factory.support.AbstractAutowireCapableBeanFactory.doCreateBean(AbstractAutowireCapableBeanFactory.java:601) ~[spring-beans-6.2.3.jar:6.2.3]
	at org.springframework.beans.factory.support.AbstractAutowireCapableBeanFactory.createBean(AbstractAutowireCapableBeanFactory.java:523) ~[spring-beans-6.2.3.jar:6.2.3]
	at org.springframework.beans.factory.support.AbstractBeanFactory.lambda$doGetBean$0(AbstractBeanFactory.java:339) ~[spring-beans-6.2.3.jar:6.2.3]
	at org.springframework.beans.factory.support.DefaultSingletonBeanRegistry.getSingleton(DefaultSingletonBeanRegistry.java:346) ~[spring-beans-6.2.3.jar:6.2.3]
	at org.springframework.beans.factory.support.AbstractBeanFactory.doGetBean(AbstractBeanFactory.java:337) ~[spring-beans-6.2.3.jar:6.2.3]
	at org.springframework.beans.factory.support.AbstractBeanFactory.getBean(AbstractBeanFactory.java:207) ~[spring-beans-6.2.3.jar:6.2.3]
	at org.springframework.context.support.AbstractApplicationContext.finishBeanFactoryInitialization(AbstractApplicationContext.java:970) ~[spring-context-6.2.3.jar:6.2.3]
	at org.springframework.context.support.AbstractApplicationContext.refresh(AbstractApplicationContext.java:627) ~[spring-context-6.2.3.jar:6.2.3]
	at org.springframework.boot.web.servlet.context.ServletWebServerApplicationContext.refresh(ServletWebServerApplicationContext.java:146) ~[spring-boot-3.4.3.jar:3.4.3]
	at org.springframework.boot.SpringApplication.refresh(SpringApplication.java:752) ~[spring-boot-3.4.3.jar:3.4.3]
	at org.springframework.boot.SpringApplication.refreshContext(SpringApplication.java:439) ~[spring-boot-3.4.3.jar:3.4.3]
	at org.springframework.boot.SpringApplication.run(SpringApplication.java:318) ~[spring-boot-3.4.3.jar:3.4.3]
	at org.springframework.boot.SpringApplication.run(SpringApplication.java:1361) ~[spring-boot-3.4.3.jar:3.4.3]
	at org.springframework.boot.SpringApplication.run(SpringApplication.java:1350) ~[spring-boot-3.4.3.jar:3.4.3]
	at com.mproduits.MproduitsApplication.main(MproduitsApplication.java:16) ~[classes/:na]
Caused by: java.sql.SQLIntegrityConstraintViolationException: Cannot add or update a child row: a foreign key constraint fails (`librairie`.`#sql-1790_450`, CONSTRAINT `FKslnu0j8f46h0ojbyjt077mrm4` FOREIGN KEY (`annee_id`, `employeur_id`) REFERENCES `entreprise` (`Anneeid`, `Employeurid`))
	at com.mysql.cj.jdbc.exceptions.SQLError.createSQLException(SQLError.java:109) ~[mysql-connector-j-9.1.0.jar:9.1.0]
	at com.mysql.cj.jdbc.exceptions.SQLExceptionsMapping.translateException(SQLExceptionsMapping.java:114) ~[mysql-connector-j-9.1.0.jar:9.1.0]
	at com.mysql.cj.jdbc.StatementImpl.executeInternal(StatementImpl.java:837) ~[mysql-connector-j-9.1.0.jar:9.1.0]
	at com.mysql.cj.jdbc.StatementImpl.execute(StatementImpl.java:685) ~[mysql-connector-j-9.1.0.jar:9.1.0]
	at com.zaxxer.hikari.pool.ProxyStatement.execute(ProxyStatement.java:94) ~[HikariCP-5.1.0.jar:na]
	at com.zaxxer.hikari.pool.HikariProxyStatement.execute(HikariProxyStatement.java) ~[HikariCP-5.1.0.jar:na]
	at org.hibernate.tool.schema.internal.exec.GenerationTargetToDatabase.accept(GenerationTargetToDatabase.java:80) ~[hibernate-core-6.6.8.Final.jar:6.6.8.Final]
	... 36 common frames omitted
2026-04-26 05:19:28.792 [main] WARN  o.h.t.s.i.ExceptionHandlerLoggedImpl - GenerationTarget encountered exception accepting command : Error executing DDL "alter table verrouillage add constraint FK4kt7jitkesfr6riqhqouxrvxc foreign key (annee_id, employeur_id) references entreprise (anneeid, employeurid)" via JDBC [Cannot add or update a child row: a foreign key constraint fails (`librairie`.`#sql-1790_450`, CONSTRAINT `FK4kt7jitkesfr6riqhqouxrvxc` FOREIGN KEY (`annee_id`, `employeur_id`) REFERENCES `entreprise` (`Anneeid`, `Employeurid`))]
org.hibernate.tool.schema.spi.CommandAcceptanceException: Error executing DDL "alter table verrouillage add constraint FK4kt7jitkesfr6riqhqouxrvxc foreign key (annee_id, employeur_id) references entreprise (anneeid, employeurid)" via JDBC [Cannot add or update a child row: a foreign key constraint fails (`librairie`.`#sql-1790_450`, CONSTRAINT `FK4kt7jitkesfr6riqhqouxrvxc` FOREIGN KEY (`annee_id`, `employeur_id`) REFERENCES `entreprise` (`Anneeid`, `Employeurid`))]
	at org.hibernate.tool.schema.internal.exec.GenerationTargetToDatabase.accept(GenerationTargetToDatabase.java:94) ~[hibernate-core-6.6.8.Final.jar:6.6.8.Final]
	at org.hibernate.tool.schema.internal.AbstractSchemaMigrator.applySqlString(AbstractSchemaMigrator.java:576) ~[hibernate-core-6.6.8.Final.jar:6.6.8.Final]
	at org.hibernate.tool.schema.internal.AbstractSchemaMigrator.applySqlStrings(AbstractSchemaMigrator.java:516) ~[hibernate-core-6.6.8.Final.jar:6.6.8.Final]
	at org.hibernate.tool.schema.internal.AbstractSchemaMigrator.applyForeignKeys(AbstractSchemaMigrator.java:448) ~[hibernate-core-6.6.8.Final.jar:6.6.8.Final]
	at org.hibernate.tool.schema.internal.AbstractSchemaMigrator.performMigration(AbstractSchemaMigrator.java:269) ~[hibernate-core-6.6.8.Final.jar:6.6.8.Final]
	at org.hibernate.tool.schema.internal.AbstractSchemaMigrator.doMigration(AbstractSchemaMigrator.java:112) ~[hibernate-core-6.6.8.Final.jar:6.6.8.Final]
	at org.hibernate.tool.schema.spi.SchemaManagementToolCoordinator.performDatabaseAction(SchemaManagementToolCoordinator.java:280) ~[hibernate-core-6.6.8.Final.jar:6.6.8.Final]
	at org.hibernate.tool.schema.spi.SchemaManagementToolCoordinator.lambda$process$5(SchemaManagementToolCoordinator.java:144) ~[hibernate-core-6.6.8.Final.jar:6.6.8.Final]
	at java.base/java.util.HashMap.forEach(HashMap.java:1429) ~[na:na]
	at org.hibernate.tool.schema.spi.SchemaManagementToolCoordinator.process(SchemaManagementToolCoordinator.java:141) ~[hibernate-core-6.6.8.Final.jar:6.6.8.Final]
	at org.hibernate.boot.internal.SessionFactoryObserverForSchemaExport.sessionFactoryCreated(SessionFactoryObserverForSchemaExport.java:37) ~[hibernate-core-6.6.8.Final.jar:6.6.8.Final]
	at org.hibernate.internal.SessionFactoryObserverChain.sessionFactoryCreated(SessionFactoryObserverChain.java:35) ~[hibernate-core-6.6.8.Final.jar:6.6.8.Final]
	at org.hibernate.internal.SessionFactoryImpl.<init>(SessionFactoryImpl.java:324) ~[hibernate-core-6.6.8.Final.jar:6.6.8.Final]
	at org.hibernate.boot.internal.SessionFactoryBuilderImpl.build(SessionFactoryBuilderImpl.java:463) ~[hibernate-core-6.6.8.Final.jar:6.6.8.Final]
	at org.hibernate.jpa.boot.internal.EntityManagerFactoryBuilderImpl.build(EntityManagerFactoryBuilderImpl.java:1517) ~[hibernate-core-6.6.8.Final.jar:6.6.8.Final]
	at org.springframework.orm.jpa.vendor.SpringHibernateJpaPersistenceProvider.createContainerEntityManagerFactory(SpringHibernateJpaPersistenceProvider.java:66) ~[spring-orm-6.2.3.jar:6.2.3]
	at org.springframework.orm.jpa.LocalContainerEntityManagerFactoryBean.createNativeEntityManagerFactory(LocalContainerEntityManagerFactoryBean.java:390) ~[spring-orm-6.2.3.jar:6.2.3]
	at org.springframework.orm.jpa.AbstractEntityManagerFactoryBean.buildNativeEntityManagerFactory(AbstractEntityManagerFactoryBean.java:419) ~[spring-orm-6.2.3.jar:6.2.3]
	at org.springframework.orm.jpa.AbstractEntityManagerFactoryBean.afterPropertiesSet(AbstractEntityManagerFactoryBean.java:400) ~[spring-orm-6.2.3.jar:6.2.3]
	at org.springframework.orm.jpa.LocalContainerEntityManagerFactoryBean.afterPropertiesSet(LocalContainerEntityManagerFactoryBean.java:366) ~[spring-orm-6.2.3.jar:6.2.3]
	at org.springframework.beans.factory.support.AbstractAutowireCapableBeanFactory.invokeInitMethods(AbstractAutowireCapableBeanFactory.java:1859) ~[spring-beans-6.2.3.jar:6.2.3]
	at org.springframework.beans.factory.support.AbstractAutowireCapableBeanFactory.initializeBean(AbstractAutowireCapableBeanFactory.java:1808) ~[spring-beans-6.2.3.jar:6.2.3]
	at org.springframework.beans.factory.support.AbstractAutowireCapableBeanFactory.doCreateBean(AbstractAutowireCapableBeanFactory.java:601) ~[spring-beans-6.2.3.jar:6.2.3]
	at org.springframework.beans.factory.support.AbstractAutowireCapableBeanFactory.createBean(AbstractAutowireCapableBeanFactory.java:523) ~[spring-beans-6.2.3.jar:6.2.3]
	at org.springframework.beans.factory.support.AbstractBeanFactory.lambda$doGetBean$0(AbstractBeanFactory.java:339) ~[spring-beans-6.2.3.jar:6.2.3]
	at org.springframework.beans.factory.support.DefaultSingletonBeanRegistry.getSingleton(DefaultSingletonBeanRegistry.java:346) ~[spring-beans-6.2.3.jar:6.2.3]
	at org.springframework.beans.factory.support.AbstractBeanFactory.doGetBean(AbstractBeanFactory.java:337) ~[spring-beans-6.2.3.jar:6.2.3]
	at org.springframework.beans.factory.support.AbstractBeanFactory.getBean(AbstractBeanFactory.java:207) ~[spring-beans-6.2.3.jar:6.2.3]
	at org.springframework.context.support.AbstractApplicationContext.finishBeanFactoryInitialization(AbstractApplicationContext.java:970) ~[spring-context-6.2.3.jar:6.2.3]
	at org.springframework.context.support.AbstractApplicationContext.refresh(AbstractApplicationContext.java:627) ~[spring-context-6.2.3.jar:6.2.3]
	at org.springframework.boot.web.servlet.context.ServletWebServerApplicationContext.refresh(ServletWebServerApplicationContext.java:146) ~[spring-boot-3.4.3.jar:3.4.3]
	at org.springframework.boot.SpringApplication.refresh(SpringApplication.java:752) ~[spring-boot-3.4.3.jar:3.4.3]
	at org.springframework.boot.SpringApplication.refreshContext(SpringApplication.java:439) ~[spring-boot-3.4.3.jar:3.4.3]
	at org.springframework.boot.SpringApplication.run(SpringApplication.java:318) ~[spring-boot-3.4.3.jar:3.4.3]
	at org.springframework.boot.SpringApplication.run(SpringApplication.java:1361) ~[spring-boot-3.4.3.jar:3.4.3]
	at org.springframework.boot.SpringApplication.run(SpringApplication.java:1350) ~[spring-boot-3.4.3.jar:3.4.3]
	at com.mproduits.MproduitsApplication.main(MproduitsApplication.java:16) ~[classes/:na]
Caused by: java.sql.SQLIntegrityConstraintViolationException: Cannot add or update a child row: a foreign key constraint fails (`librairie`.`#sql-1790_450`, CONSTRAINT `FK4kt7jitkesfr6riqhqouxrvxc` FOREIGN KEY (`annee_id`, `employeur_id`) REFERENCES `entreprise` (`Anneeid`, `Employeurid`))
	at com.mysql.cj.jdbc.exceptions.SQLError.createSQLException(SQLError.java:109) ~[mysql-connector-j-9.1.0.jar:9.1.0]
	at com.mysql.cj.jdbc.exceptions.SQLExceptionsMapping.translateException(SQLExceptionsMapping.java:114) ~[mysql-connector-j-9.1.0.jar:9.1.0]
	at com.mysql.cj.jdbc.StatementImpl.executeInternal(StatementImpl.java:837) ~[mysql-connector-j-9.1.0.jar:9.1.0]
	at com.mysql.cj.jdbc.StatementImpl.execute(StatementImpl.java:685) ~[mysql-connector-j-9.1.0.jar:9.1.0]
	at com.zaxxer.hikari.pool.ProxyStatement.execute(ProxyStatement.java:94) ~[HikariCP-5.1.0.jar:na]
	at com.zaxxer.hikari.pool.HikariProxyStatement.execute(HikariProxyStatement.java) ~[HikariCP-5.1.0.jar:na]
	at org.hibernate.tool.schema.internal.exec.GenerationTargetToDatabase.accept(GenerationTargetToDatabase.java:80) ~[hibernate-core-6.6.8.Final.jar:6.6.8.Final]
	... 36 common frames omitted
2026-04-26 05:19:29.133 [main] INFO  o.s.d.j.r.query.QueryEnhancerFactory - Hibernate is in classpath; If applicable, HQL parser will be used.
2026-04-26 05:19:34.096 [main] INFO  com.mproduits.CacheConfig - Configuration du cache manager Caffeine
2026-04-26 05:19:34.264 [main] WARN  o.s.b.a.o.j.JpaBaseConfiguration$JpaWebConfiguration - spring.jpa.open-in-view is enabled by default. Therefore, database queries may be performed during view rendering. Explicitly configure spring.jpa.open-in-view to disable this warning
2026-04-26 05:19:34.317 [main] INFO  o.s.v.b.OptionalValidatorFactoryBean - Failed to set up a Bean Validation provider: jakarta.validation.NoProviderFoundException: Unable to create a Configuration, because no Jakarta Bean Validation provider could be found. Add a provider like Hibernate Validator (RI) to your classpath.
2026-04-26 05:19:35.554 [main] INFO  o.s.c.n.e.c.DiscoveryClientOptionalArgsConfiguration - Eureka HTTP Client uses RestTemplate.
2026-04-26 05:19:35.639 [main] INFO  o.s.b.a.e.web.EndpointLinksResolver - Exposing 3 endpoints beneath base path '/actuator'
2026-04-26 05:19:35.769 [main] INFO  o.s.c.n.eureka.InstanceInfoFactory - Setting initial instance status as: STARTING
2026-04-26 05:19:36.113 [main] INFO  o.s.c.n.e.s.EurekaServiceRegistry - Registering application MICROSERVICE-PRODUITS with eureka with status UP
2026-04-26 05:19:36.143 [main] INFO  o.s.b.w.e.tomcat.TomcatWebServer - Tomcat started on port 9001 (http) with context path '/'
2026-04-26 05:19:36.145 [main] INFO  o.s.c.n.e.s.EurekaAutoServiceRegistration - Updating port to 9001
2026-04-26 05:19:36.186 [main] INFO  com.mproduits.MproduitsApplication - Started MproduitsApplication in 19.276 seconds (process running for 19.796)
2026-04-26 05:19:37.110 [AsyncReporter{ZipkinRestTemplateSender{http://localhost:9411/api/v2/spans}}] WARN  z.r.i.AsyncReporter$BoundedAsyncReporter - Spans were dropped due to exceptions. All subsequent errors will be logged at FINE level.
2026-04-26 05:19:37.111 [AsyncReporter{ZipkinRestTemplateSender{http://localhost:9411/api/v2/spans}}] WARN  z.r.i.AsyncReporter$BoundedAsyncReporter - Dropped 2 spans due to ResourceAccessException(I/O error on POST request for "http://localhost:9411/api/v2/spans": Connect to http://localhost:9411 [localhost/127.0.0.1, localhost/0:0:0:0:0:0:0:1] failed: Connection refused: no further information)
org.springframework.web.client.ResourceAccessException: I/O error on POST request for "http://localhost:9411/api/v2/spans": Connect to http://localhost:9411 [localhost/127.0.0.1, localhost/0:0:0:0:0:0:0:1] failed: Connection refused: no further information
	at org.springframework.web.client.RestTemplate.createResourceAccessException(RestTemplate.java:925) ~[spring-web-6.2.3.jar:6.2.3]
	at org.springframework.web.client.RestTemplate.doExecute(RestTemplate.java:905) ~[spring-web-6.2.3.jar:6.2.3]
	at org.springframework.web.client.RestTemplate.execute(RestTemplate.java:840) ~[spring-web-6.2.3.jar:6.2.3]
	at org.springframework.web.client.RestTemplate.exchange(RestTemplate.java:701) ~[spring-web-6.2.3.jar:6.2.3]
	at org.springframework.boot.actuate.autoconfigure.tracing.zipkin.ZipkinRestTemplateSender.postSpans(ZipkinRestTemplateSender.java:50) ~[spring-boot-actuator-autoconfigure-3.4.3.jar:3.4.3]
	at org.springframework.boot.actuate.autoconfigure.tracing.zipkin.HttpSender.postSpans(HttpSender.java:69) ~[spring-boot-actuator-autoconfigure-3.4.3.jar:3.4.3]
	at org.springframework.boot.actuate.autoconfigure.tracing.zipkin.HttpSender.postSpans(HttpSender.java:41) ~[spring-boot-actuator-autoconfigure-3.4.3.jar:3.4.3]
	at zipkin2.reporter.BaseHttpSender.send(BaseHttpSender.java:123) ~[zipkin-reporter-3.4.3.jar:na]
	at zipkin2.reporter.internal.AsyncReporter$BoundedAsyncReporter.flush(AsyncReporter.java:266) ~[zipkin-reporter-3.4.3.jar:na]
	at zipkin2.reporter.internal.AsyncReporter$Flusher.run(AsyncReporter.java:352) ~[zipkin-reporter-3.4.3.jar:na]
	at java.base/java.lang.Thread.run(Thread.java:1583) ~[na:na]
Caused by: org.apache.hc.client5.http.HttpHostConnectException: Connect to http://localhost:9411 [localhost/127.0.0.1, localhost/0:0:0:0:0:0:0:1] failed: Connection refused: no further information
	at java.base/sun.nio.ch.Net.pollConnect(Native Method) ~[na:na]
	at java.base/sun.nio.ch.Net.pollConnectNow(Net.java:682) ~[na:na]
	at java.base/sun.nio.ch.NioSocketImpl.timedFinishConnect(NioSocketImpl.java:542) ~[na:na]
	at java.base/sun.nio.ch.NioSocketImpl.connect(NioSocketImpl.java:592) ~[na:na]
	at java.base/java.net.SocksSocketImpl.connect(SocksSocketImpl.java:327) ~[na:na]
	at java.base/java.net.Socket.connect(Socket.java:751) ~[na:na]
	at org.apache.hc.client5.http.impl.io.DefaultHttpClientConnectionOperator.connect(DefaultHttpClientConnectionOperator.java:216) ~[httpclient5-5.4.2.jar:5.4.2]
	at org.apache.hc.client5.http.impl.io.PoolingHttpClientConnectionManager.connect(PoolingHttpClientConnectionManager.java:490) ~[httpclient5-5.4.2.jar:5.4.2]
	at org.apache.hc.client5.http.impl.classic.InternalExecRuntime.connectEndpoint(InternalExecRuntime.java:164) ~[httpclient5-5.4.2.jar:5.4.2]
	at org.apache.hc.client5.http.impl.classic.InternalExecRuntime.connectEndpoint(InternalExecRuntime.java:174) ~[httpclient5-5.4.2.jar:5.4.2]
	at org.apache.hc.client5.http.impl.classic.ConnectExec.execute(ConnectExec.java:144) ~[httpclient5-5.4.2.jar:5.4.2]
	at org.apache.hc.client5.http.impl.classic.ExecChainElement.execute(ExecChainElement.java:51) ~[httpclient5-5.4.2.jar:5.4.2]
	at org.apache.hc.client5.http.impl.classic.ProtocolExec.execute(ProtocolExec.java:192) ~[httpclient5-5.4.2.jar:5.4.2]
	at org.apache.hc.client5.http.impl.classic.ExecChainElement.execute(ExecChainElement.java:51) ~[httpclient5-5.4.2.jar:5.4.2]
	at org.apache.hc.client5.http.impl.classic.ContentCompressionExec.execute(ContentCompressionExec.java:150) ~[httpclient5-5.4.2.jar:5.4.2]
	at org.apache.hc.client5.http.impl.classic.ExecChainElement.execute(ExecChainElement.java:51) ~[httpclient5-5.4.2.jar:5.4.2]
	at org.apache.hc.client5.http.impl.classic.HttpRequestRetryExec.execute(HttpRequestRetryExec.java:113) ~[httpclient5-5.4.2.jar:5.4.2]
	at org.apache.hc.client5.http.impl.classic.ExecChainElement.execute(ExecChainElement.java:51) ~[httpclient5-5.4.2.jar:5.4.2]
	at org.apache.hc.client5.http.impl.classic.RedirectExec.execute(RedirectExec.java:110) ~[httpclient5-5.4.2.jar:5.4.2]
	at org.apache.hc.client5.http.impl.classic.ExecChainElement.execute(ExecChainElement.java:51) ~[httpclient5-5.4.2.jar:5.4.2]
	at org.apache.hc.client5.http.impl.classic.InternalHttpClient.doExecute(InternalHttpClient.java:174) ~[httpclient5-5.4.2.jar:5.4.2]
	at org.apache.hc.client5.http.impl.classic.CloseableHttpClient.execute(CloseableHttpClient.java:87) ~[httpclient5-5.4.2.jar:5.4.2]
	at org.apache.hc.client5.http.impl.classic.CloseableHttpClient.execute(CloseableHttpClient.java:55) ~[httpclient5-5.4.2.jar:5.4.2]
	at org.apache.hc.client5.http.classic.HttpClient.executeOpen(HttpClient.java:183) ~[httpclient5-5.4.2.jar:5.4.2]
	at org.springframework.http.client.HttpComponentsClientHttpRequest.executeInternal(HttpComponentsClientHttpRequest.java:99) ~[spring-web-6.2.3.jar:6.2.3]
	at org.springframework.http.client.AbstractStreamingClientHttpRequest.executeInternal(AbstractStreamingClientHttpRequest.java:71) ~[spring-web-6.2.3.jar:6.2.3]
	at org.springframework.http.client.AbstractClientHttpRequest.execute(AbstractClientHttpRequest.java:81) ~[spring-web-6.2.3.jar:6.2.3]
	at org.springframework.web.client.RestTemplate.doExecute(RestTemplate.java:899) ~[spring-web-6.2.3.jar:6.2.3]
	... 9 common frames omitted
2026-04-26 05:20:29.743 [http-nio-9001-exec-2] INFO  c.m.w.c.ControleVenteController - Requête de génération du contrôle des ventes - Mois: 1, Entreprise: 2026
2026-04-26 05:20:29.747 [http-nio-9001-exec-2] INFO  c.m.services.ControleVenteService - Génération du contrôle des ventes - Mois: 1, Entreprise: 2026
2026-04-26 05:20:29.940 [http-nio-9001-exec-2] DEBUG c.m.services.ControleVenteService - Collecte de 21 dates distinctes avec opérations
2026-04-26 05:20:29.941 [http-nio-9001-exec-2] DEBUG c.m.services.ControleVenteService - Génération du contrôle pour la date : 2026-01-30
2026-04-26 05:20:29.954 [http-nio-9001-exec-2] DEBUG c.m.services.ControleVenteService - Génération du contrôle pour la date : 2026-01-27
2026-04-26 05:20:29.965 [http-nio-9001-exec-2] DEBUG c.m.services.ControleVenteService - Génération du contrôle pour la date : 2026-01-26
2026-04-26 05:20:29.976 [http-nio-9001-exec-2] DEBUG c.m.services.ControleVenteService - Génération du contrôle pour la date : 2026-01-25
2026-04-26 05:20:29.983 [http-nio-9001-exec-2] DEBUG c.m.services.ControleVenteService - Génération du contrôle pour la date : 2026-01-24
2026-04-26 05:20:29.993 [http-nio-9001-exec-2] DEBUG c.m.services.ControleVenteService - Génération du contrôle pour la date : 2026-01-23
2026-04-26 05:20:30.002 [http-nio-9001-exec-2] DEBUG c.m.services.ControleVenteService - Génération du contrôle pour la date : 2026-01-22
2026-04-26 05:20:30.014 [http-nio-9001-exec-2] DEBUG c.m.services.ControleVenteService - Génération du contrôle pour la date : 2026-01-21
2026-04-26 05:20:30.027 [http-nio-9001-exec-2] DEBUG c.m.services.ControleVenteService - Génération du contrôle pour la date : 2026-01-20
2026-04-26 05:20:30.040 [http-nio-9001-exec-2] DEBUG c.m.services.ControleVenteService - Génération du contrôle pour la date : 2026-01-19
2026-04-26 05:20:30.055 [http-nio-9001-exec-2] DEBUG c.m.services.ControleVenteService - Génération du contrôle pour la date : 2026-01-18
2026-04-26 05:20:30.067 [http-nio-9001-exec-2] DEBUG c.m.services.ControleVenteService - Génération du contrôle pour la date : 2026-01-17
2026-04-26 05:20:30.077 [http-nio-9001-exec-2] DEBUG c.m.services.ControleVenteService - Génération du contrôle pour la date : 2026-01-16
2026-04-26 05:20:30.090 [http-nio-9001-exec-2] DEBUG c.m.services.ControleVenteService - Génération du contrôle pour la date : 2026-01-15
2026-04-26 05:20:30.098 [http-nio-9001-exec-2] DEBUG c.m.services.ControleVenteService - Génération du contrôle pour la date : 2026-01-14
2026-04-26 05:20:30.107 [http-nio-9001-exec-2] DEBUG c.m.services.ControleVenteService - Génération du contrôle pour la date : 2026-01-13
2026-04-26 05:20:30.116 [http-nio-9001-exec-2] DEBUG c.m.services.ControleVenteService - Génération du contrôle pour la date : 2026-01-12
2026-04-26 05:20:30.128 [http-nio-9001-exec-2] DEBUG c.m.services.ControleVenteService - Génération du contrôle pour la date : 2026-01-10
2026-04-26 05:20:30.140 [http-nio-9001-exec-2] DEBUG c.m.services.ControleVenteService - Génération du contrôle pour la date : 2026-01-09
2026-04-26 05:20:30.146 [http-nio-9001-exec-2] DEBUG c.m.services.ControleVenteService - Génération du contrôle pour la date : 2026-01-08
2026-04-26 05:20:30.157 [http-nio-9001-exec-2] DEBUG c.m.services.ControleVenteService - Génération du contrôle pour la date : 2026-01-07
2026-04-26 05:20:30.166 [http-nio-9001-exec-2] INFO  c.m.services.ControleVenteService - Contrôle des ventes généré : 21 jours avec des opérations
2026-04-26 05:20:30.209 [http-nio-9001-exec-1] ERROR c.m.e.GlobalExceptionHandler - Erreur serveur
org.springframework.web.bind.MissingServletRequestParameterException: Required request parameter 'anneeid' for method parameter type int is not present
	at org.springframework.web.method.annotation.RequestParamMethodArgumentResolver.handleMissingValueInternal(RequestParamMethodArgumentResolver.java:220) ~[spring-web-6.2.3.jar:6.2.3]
	at org.springframework.web.method.annotation.RequestParamMethodArgumentResolver.handleMissingValue(RequestParamMethodArgumentResolver.java:196) ~[spring-web-6.2.3.jar:6.2.3]
	at org.springframework.web.method.annotation.AbstractNamedValueMethodArgumentResolver.resolveArgument(AbstractNamedValueMethodArgumentResolver.java:125) ~[spring-web-6.2.3.jar:6.2.3]
	at org.springframework.web.method.support.HandlerMethodArgumentResolverComposite.resolveArgument(HandlerMethodArgumentResolverComposite.java:122) ~[spring-web-6.2.3.jar:6.2.3]
	at org.springframework.web.method.support.InvocableHandlerMethod.getMethodArgumentValues(InvocableHandlerMethod.java:226) ~[spring-web-6.2.3.jar:6.2.3]
	at org.springframework.web.method.support.InvocableHandlerMethod.invokeForRequest(InvocableHandlerMethod.java:180) ~[spring-web-6.2.3.jar:6.2.3]
	at org.springframework.web.servlet.mvc.method.annotation.ServletInvocableHandlerMethod.invokeAndHandle(ServletInvocableHandlerMethod.java:118) ~[spring-webmvc-6.2.3.jar:6.2.3]
	at org.springframework.web.servlet.mvc.method.annotation.RequestMappingHandlerAdapter.invokeHandlerMethod(RequestMappingHandlerAdapter.java:986) ~[spring-webmvc-6.2.3.jar:6.2.3]
	at org.springframework.web.servlet.mvc.method.annotation.RequestMappingHandlerAdapter.handleInternal(RequestMappingHandlerAdapter.java:891) ~[spring-webmvc-6.2.3.jar:6.2.3]
	at org.springframework.web.servlet.mvc.method.AbstractHandlerMethodAdapter.handle(AbstractHandlerMethodAdapter.java:87) ~[spring-webmvc-6.2.3.jar:6.2.3]
	at org.springframework.web.servlet.DispatcherServlet.doDispatch(DispatcherServlet.java:1088) ~[spring-webmvc-6.2.3.jar:6.2.3]
	at org.springframework.web.servlet.DispatcherServlet.doService(DispatcherServlet.java:978) ~[spring-webmvc-6.2.3.jar:6.2.3]
	at org.springframework.web.servlet.FrameworkServlet.processRequest(FrameworkServlet.java:1014) ~[spring-webmvc-6.2.3.jar:6.2.3]
	at org.springframework.web.servlet.FrameworkServlet.doGet(FrameworkServlet.java:903) ~[spring-webmvc-6.2.3.jar:6.2.3]
	at jakarta.servlet.http.HttpServlet.service(HttpServlet.java:564) ~[tomcat-embed-core-10.1.36.jar:6.0]
	at org.springframework.web.servlet.FrameworkServlet.service(FrameworkServlet.java:885) ~[spring-webmvc-6.2.3.jar:6.2.3]
	at jakarta.servlet.http.HttpServlet.service(HttpServlet.java:658) ~[tomcat-embed-core-10.1.36.jar:6.0]
	at org.apache.catalina.core.ApplicationFilterChain.internalDoFilter(ApplicationFilterChain.java:195) ~[tomcat-embed-core-10.1.36.jar:10.1.36]
	at org.apache.catalina.core.ApplicationFilterChain.doFilter(ApplicationFilterChain.java:140) ~[tomcat-embed-core-10.1.36.jar:10.1.36]
	at org.apache.tomcat.websocket.server.WsFilter.doFilter(WsFilter.java:51) ~[tomcat-embed-websocket-10.1.36.jar:10.1.36]
	at org.apache.catalina.core.ApplicationFilterChain.internalDoFilter(ApplicationFilterChain.java:164) ~[tomcat-embed-core-10.1.36.jar:10.1.36]
	at org.apache.catalina.core.ApplicationFilterChain.doFilter(ApplicationFilterChain.java:140) ~[tomcat-embed-core-10.1.36.jar:10.1.36]
	at org.springframework.web.filter.RequestContextFilter.doFilterInternal(RequestContextFilter.java:100) ~[spring-web-6.2.3.jar:6.2.3]
	at org.springframework.web.filter.OncePerRequestFilter.doFilter(OncePerRequestFilter.java:116) ~[spring-web-6.2.3.jar:6.2.3]
	at org.apache.catalina.core.ApplicationFilterChain.internalDoFilter(ApplicationFilterChain.java:164) ~[tomcat-embed-core-10.1.36.jar:10.1.36]
	at org.apache.catalina.core.ApplicationFilterChain.doFilter(ApplicationFilterChain.java:140) ~[tomcat-embed-core-10.1.36.jar:10.1.36]
	at org.springframework.web.filter.FormContentFilter.doFilterInternal(FormContentFilter.java:93) ~[spring-web-6.2.3.jar:6.2.3]
	at org.springframework.web.filter.OncePerRequestFilter.doFilter(OncePerRequestFilter.java:116) ~[spring-web-6.2.3.jar:6.2.3]
	at org.apache.catalina.core.ApplicationFilterChain.internalDoFilter(ApplicationFilterChain.java:164) ~[tomcat-embed-core-10.1.36.jar:10.1.36]
	at org.apache.catalina.core.ApplicationFilterChain.doFilter(ApplicationFilterChain.java:140) ~[tomcat-embed-core-10.1.36.jar:10.1.36]
	at org.springframework.web.filter.ServerHttpObservationFilter.doFilterInternal(ServerHttpObservationFilter.java:114) ~[spring-web-6.2.3.jar:6.2.3]
	at org.springframework.web.filter.OncePerRequestFilter.doFilter(OncePerRequestFilter.java:116) ~[spring-web-6.2.3.jar:6.2.3]
	at org.apache.catalina.core.ApplicationFilterChain.internalDoFilter(ApplicationFilterChain.java:164) ~[tomcat-embed-core-10.1.36.jar:10.1.36]
	at org.apache.catalina.core.ApplicationFilterChain.doFilter(ApplicationFilterChain.java:140) ~[tomcat-embed-core-10.1.36.jar:10.1.36]
	at org.springframework.web.filter.CharacterEncodingFilter.doFilterInternal(CharacterEncodingFilter.java:201) ~[spring-web-6.2.3.jar:6.2.3]
	at org.springframework.web.filter.OncePerRequestFilter.doFilter(OncePerRequestFilter.java:116) ~[spring-web-6.2.3.jar:6.2.3]
	at org.apache.catalina.core.ApplicationFilterChain.internalDoFilter(ApplicationFilterChain.java:164) ~[tomcat-embed-core-10.1.36.jar:10.1.36]
	at org.apache.catalina.core.ApplicationFilterChain.doFilter(ApplicationFilterChain.java:140) ~[tomcat-embed-core-10.1.36.jar:10.1.36]
	at org.apache.catalina.core.StandardWrapperValve.invoke(StandardWrapperValve.java:167) ~[tomcat-embed-core-10.1.36.jar:10.1.36]
	at org.apache.catalina.core.StandardContextValve.invoke(StandardContextValve.java:90) ~[tomcat-embed-core-10.1.36.jar:10.1.36]
	at org.apache.catalina.authenticator.AuthenticatorBase.invoke(AuthenticatorBase.java:483) ~[tomcat-embed-core-10.1.36.jar:10.1.36]
	at org.apache.catalina.core.StandardHostValve.invoke(StandardHostValve.java:115) ~[tomcat-embed-core-10.1.36.jar:10.1.36]
	at org.apache.catalina.valves.ErrorReportValve.invoke(ErrorReportValve.java:93) ~[tomcat-embed-core-10.1.36.jar:10.1.36]
	at org.apache.catalina.core.StandardEngineValve.invoke(StandardEngineValve.java:74) ~[tomcat-embed-core-10.1.36.jar:10.1.36]
	at org.apache.catalina.connector.CoyoteAdapter.service(CoyoteAdapter.java:344) ~[tomcat-embed-core-10.1.36.jar:10.1.36]
	at org.apache.coyote.http11.Http11Processor.service(Http11Processor.java:397) ~[tomcat-embed-core-10.1.36.jar:10.1.36]
	at org.apache.coyote.AbstractProcessorLight.process(AbstractProcessorLight.java:63) ~[tomcat-embed-core-10.1.36.jar:10.1.36]
	at org.apache.coyote.AbstractProtocol$ConnectionHandler.process(AbstractProtocol.java:905) ~[tomcat-embed-core-10.1.36.jar:10.1.36]
	at org.apache.tomcat.util.net.NioEndpoint$SocketProcessor.doRun(NioEndpoint.java:1743) ~[tomcat-embed-core-10.1.36.jar:10.1.36]
	at org.apache.tomcat.util.net.SocketProcessorBase.run(SocketProcessorBase.java:52) ~[tomcat-embed-core-10.1.36.jar:10.1.36]
	at org.apache.tomcat.util.threads.ThreadPoolExecutor.runWorker(ThreadPoolExecutor.java:1190) ~[tomcat-embed-core-10.1.36.jar:10.1.36]
	at org.apache.tomcat.util.threads.ThreadPoolExecutor$Worker.run(ThreadPoolExecutor.java:659) ~[tomcat-embed-core-10.1.36.jar:10.1.36]
	at org.apache.tomcat.util.threads.TaskThread$WrappingRunnable.run(TaskThread.java:63) ~[tomcat-embed-core-10.1.36.jar:10.1.36]
	at java.base/java.lang.Thread.run(Thread.java:1583) ~[na:na]
2026-04-26 05:20:55.806 [http-nio-9001-exec-3] DEBUG c.m.w.c.PhotocopieController - Requête de liste des photocopies du mois ID: 2026
2026-04-26 05:20:55.808 [http-nio-9001-exec-3] DEBUG c.m.services.PhotocopieService - Recherche des photocopies du mois ID: 2026
2026-04-26 05:20:55.861 [http-nio-9001-exec-3] WARN  o.s.d.w.c.SpringDataJacksonConfiguration$PageModule$WarningLoggingModifier - Serializing PageImpl instances as-is is not supported, meaning that there is no guarantee about the stability of the resulting JSON structure!
	For a stable JSON structure, please use Spring Data's PagedModel (globally via @EnableSpringDataWebSupport(pageSerializationMode = VIA_DTO))
	or Spring HATEOAS and Spring Data's PagedResourcesAssembler as documented in https://docs.spring.io/spring-data/commons/reference/repositories/core-extensions.html#core.web.pageables.

2026-04-26 05:21:32.083 [http-nio-9001-exec-7] DEBUG c.m.w.c.PhotocopieController - Requête de liste des photocopies du mois ID: 2026
2026-04-26 05:21:32.085 [http-nio-9001-exec-7] DEBUG c.m.services.PhotocopieService - Recherche des photocopies du mois ID: 2026
2026-04-26 05:21:59.807 [http-nio-9001-exec-2] INFO  c.m.w.c.HistoriquePhotocopieController - Requête GET /api/historique-photocopie/dates - Entreprise: 2026, Mois: 122
2026-04-26 05:21:59.809 [http-nio-9001-exec-2] INFO  c.m.s.HistoriquePhotocopieService - Récupération des dates disponibles - Entreprise: 2026, Mois: 122
2026-04-26 05:21:59.836 [http-nio-9001-exec-2] DEBUG c.m.s.HistoriquePhotocopieService - Nombre de dates trouvées : 1
2026-04-26 05:21:59.837 [http-nio-9001-exec-2] INFO  c.m.w.c.HistoriquePhotocopieController - 1 dates disponibles trouvées
2026-04-26 05:22:13.459 [http-nio-9001-exec-1] INFO  c.m.w.c.HistoriquePhotocopieController - Requête GET /api/historique-photocopie - Entreprise: 2026, Mois: 122, Date: 2026-01-30, MultiCaisse: true
2026-04-26 05:22:13.464 [http-nio-9001-exec-1] INFO  c.m.s.HistoriquePhotocopieService - Génération de l'historique - Entreprise: 2026, Mois: 122, Date: 2026-01-30, MultiCaisse: true
2026-04-26 05:22:13.487 [http-nio-9001-exec-1] DEBUG c.m.s.HistoriquePhotocopieService - Mode multi-caisse activé - Caissier: KEDJOUPOUE
2026-04-26 05:22:13.501 [http-nio-9001-exec-1] INFO  c.m.s.HistoriquePhotocopieService - Nombre d'opérations trouvées : 0 sur 0 total
2026-04-26 05:22:13.503 [http-nio-9001-exec-1] INFO  c.m.w.c.HistoriquePhotocopieController - Historique récupéré - 0 opérations sur 0 total
2026-04-26 05:22:26.616 [http-nio-9001-exec-3] INFO  c.m.w.c.HistoriquePhotocopieController - Requête GET /api/historique-photocopie - Entreprise: 2026, Mois: 122, Date: 2026-01-30, MultiCaisse: true
2026-04-26 05:22:26.619 [http-nio-9001-exec-3] INFO  c.m.s.HistoriquePhotocopieService - Génération de l'historique - Entreprise: 2026, Mois: 122, Date: 2026-01-30, MultiCaisse: true
2026-04-26 05:22:26.638 [http-nio-9001-exec-3] DEBUG c.m.s.HistoriquePhotocopieService - Mode multi-caisse activé - Caissier: KEDJOUPOUE
2026-04-26 05:22:26.641 [http-nio-9001-exec-3] INFO  c.m.s.HistoriquePhotocopieService - Nombre d'opérations trouvées : 0 sur 0 total
2026-04-26 05:22:26.642 [http-nio-9001-exec-3] INFO  c.m.w.c.HistoriquePhotocopieController - Historique récupéré - 0 opérations sur 0 total
2026-04-26 05:22:47.305 [http-nio-9001-exec-5] INFO  c.m.w.c.HistoriquePhotocopieController - Requête GET /api/historique-photocopie - Entreprise: 2026, Mois: 122, Date: 2026-01-30, MultiCaisse: true
2026-04-26 05:22:47.307 [http-nio-9001-exec-5] INFO  c.m.s.HistoriquePhotocopieService - Génération de l'historique - Entreprise: 2026, Mois: 122, Date: 2026-01-30, MultiCaisse: true
2026-04-26 05:22:47.332 [http-nio-9001-exec-5] DEBUG c.m.s.HistoriquePhotocopieService - Mode multi-caisse activé - Caissier: DJUIKA DEDICASSE
2026-04-26 05:22:47.339 [http-nio-9001-exec-5] INFO  c.m.s.HistoriquePhotocopieService - Nombre d'opérations trouvées : 0 sur 0 total
2026-04-26 05:22:47.341 [http-nio-9001-exec-5] INFO  c.m.w.c.HistoriquePhotocopieController - Historique récupéré - 0 opérations sur 0 total
2026-04-26 05:22:49.784 [http-nio-9001-exec-6] DEBUG c.m.w.c.PhotocopieController - Requête de liste des photocopies du mois ID: 2026
2026-04-26 05:22:49.786 [http-nio-9001-exec-6] DEBUG c.m.services.PhotocopieService - Recherche des photocopies du mois ID: 2026
2026-04-26 05:23:04.431 [http-nio-9001-exec-7] INFO  c.m.w.c.PhotocopieController - Requête de création d'une photocopie : rrfrr
2026-04-26 05:23:04.434 [http-nio-9001-exec-7] INFO  c.m.services.PhotocopieService - Création d'une nouvelle photocopie : rrfrr
2026-04-26 05:23:04.572 [http-nio-9001-exec-7] INFO  c.m.services.PhotocopieService - Photocopie créée avec succès - ID: 934
2026-04-26 05:23:04.607 [http-nio-9001-exec-9] DEBUG c.m.w.c.PhotocopieController - Requête de liste des photocopies du mois ID: 2026
2026-04-26 05:23:04.609 [http-nio-9001-exec-9] DEBUG c.m.services.PhotocopieService - Recherche des photocopies du mois ID: 2026
2026-04-26 05:23:04.646 [http-nio-9001-exec-10] DEBUG c.m.w.c.PhotocopieController - Requête de liste des photocopies du mois ID: 2026
2026-04-26 05:23:04.648 [http-nio-9001-exec-10] DEBUG c.m.services.PhotocopieService - Recherche des photocopies du mois ID: 2026
2026-04-26 05:23:17.727 [http-nio-9001-exec-3] INFO  c.m.w.c.HistoriquePhotocopieController - Requête GET /api/historique-photocopie/dates - Entreprise: 2026, Mois: 124
2026-04-26 05:23:17.731 [http-nio-9001-exec-3] INFO  c.m.s.HistoriquePhotocopieService - Récupération des dates disponibles - Entreprise: 2026, Mois: 124
2026-04-26 05:23:17.746 [http-nio-9001-exec-3] DEBUG c.m.s.HistoriquePhotocopieService - Nombre de dates trouvées : 1
2026-04-26 05:23:17.748 [http-nio-9001-exec-3] INFO  c.m.w.c.HistoriquePhotocopieController - 1 dates disponibles trouvées
2026-04-26 05:23:26.704 [http-nio-9001-exec-4] DEBUG c.m.w.c.PhotocopieController - Requête de liste des photocopies du mois ID: 2026
2026-04-26 05:23:26.705 [http-nio-9001-exec-4] DEBUG c.m.services.PhotocopieService - Recherche des photocopies du mois ID: 2026
2026-04-26 05:23:38.795 [http-nio-9001-exec-7] INFO  c.m.w.c.ControleVenteController - Requête de génération du contrôle des ventes - Mois: 1, Entreprise: 2026
2026-04-26 05:23:38.798 [http-nio-9001-exec-7] INFO  c.m.services.ControleVenteService - Génération du contrôle des ventes - Mois: 1, Entreprise: 2026
2026-04-26 05:23:38.854 [http-nio-9001-exec-7] DEBUG c.m.services.ControleVenteService - Collecte de 21 dates distinctes avec opérations
2026-04-26 05:23:38.854 [http-nio-9001-exec-7] DEBUG c.m.services.ControleVenteService - Génération du contrôle pour la date : 2026-01-30
2026-04-26 05:23:38.866 [http-nio-9001-exec-7] DEBUG c.m.services.ControleVenteService - Génération du contrôle pour la date : 2026-01-27
2026-04-26 05:23:38.885 [http-nio-9001-exec-7] DEBUG c.m.services.ControleVenteService - Génération du contrôle pour la date : 2026-01-26
2026-04-26 05:23:38.903 [http-nio-9001-exec-7] DEBUG c.m.services.ControleVenteService - Génération du contrôle pour la date : 2026-01-25
2026-04-26 05:23:38.921 [http-nio-9001-exec-7] DEBUG c.m.services.ControleVenteService - Génération du contrôle pour la date : 2026-01-24
2026-04-26 05:23:38.936 [http-nio-9001-exec-7] DEBUG c.m.services.ControleVenteService - Génération du contrôle pour la date : 2026-01-23
2026-04-26 05:23:38.953 [http-nio-9001-exec-7] DEBUG c.m.services.ControleVenteService - Génération du contrôle pour la date : 2026-01-22
2026-04-26 05:23:38.971 [http-nio-9001-exec-7] DEBUG c.m.services.ControleVenteService - Génération du contrôle pour la date : 2026-01-21
2026-04-26 05:23:38.987 [http-nio-9001-exec-7] DEBUG c.m.services.ControleVenteService - Génération du contrôle pour la date : 2026-01-20
2026-04-26 05:23:39.004 [http-nio-9001-exec-7] DEBUG c.m.services.ControleVenteService - Génération du contrôle pour la date : 2026-01-19
2026-04-26 05:23:39.023 [http-nio-9001-exec-7] DEBUG c.m.services.ControleVenteService - Génération du contrôle pour la date : 2026-01-18
2026-04-26 05:23:39.046 [http-nio-9001-exec-7] DEBUG c.m.services.ControleVenteService - Génération du contrôle pour la date : 2026-01-17
2026-04-26 05:23:39.063 [http-nio-9001-exec-7] DEBUG c.m.services.ControleVenteService - Génération du contrôle pour la date : 2026-01-16
2026-04-26 05:23:39.080 [http-nio-9001-exec-7] DEBUG c.m.services.ControleVenteService - Génération du contrôle pour la date : 2026-01-15
2026-04-26 05:23:39.096 [http-nio-9001-exec-7] DEBUG c.m.services.ControleVenteService - Génération du contrôle pour la date : 2026-01-14
2026-04-26 05:23:39.117 [http-nio-9001-exec-7] DEBUG c.m.services.ControleVenteService - Génération du contrôle pour la date : 2026-01-13
2026-04-26 05:23:39.135 [http-nio-9001-exec-7] DEBUG c.m.services.ControleVenteService - Génération du contrôle pour la date : 2026-01-12
2026-04-26 05:23:39.152 [http-nio-9001-exec-7] DEBUG c.m.services.ControleVenteService - Génération du contrôle pour la date : 2026-01-10
2026-04-26 05:23:39.175 [http-nio-9001-exec-7] DEBUG c.m.services.ControleVenteService - Génération du contrôle pour la date : 2026-01-09
2026-04-26 05:23:39.191 [http-nio-9001-exec-7] DEBUG c.m.services.ControleVenteService - Génération du contrôle pour la date : 2026-01-08
2026-04-26 05:23:39.209 [http-nio-9001-exec-7] DEBUG c.m.services.ControleVenteService - Génération du contrôle pour la date : 2026-01-07
2026-04-26 05:23:39.229 [http-nio-9001-exec-7] INFO  c.m.services.ControleVenteService - Contrôle des ventes généré : 21 jours avec des opérations
2026-04-26 05:23:39.243 [http-nio-9001-exec-10] ERROR c.m.e.GlobalExceptionHandler - Erreur serveur
org.springframework.web.bind.MissingServletRequestParameterException: Required request parameter 'anneeid' for method parameter type int is not present
	at org.springframework.web.method.annotation.RequestParamMethodArgumentResolver.handleMissingValueInternal(RequestParamMethodArgumentResolver.java:220) ~[spring-web-6.2.3.jar:6.2.3]
	at org.springframework.web.method.annotation.RequestParamMethodArgumentResolver.handleMissingValue(RequestParamMethodArgumentResolver.java:196) ~[spring-web-6.2.3.jar:6.2.3]
	at org.springframework.web.method.annotation.AbstractNamedValueMethodArgumentResolver.resolveArgument(AbstractNamedValueMethodArgumentResolver.java:125) ~[spring-web-6.2.3.jar:6.2.3]
	at org.springframework.web.method.support.HandlerMethodArgumentResolverComposite.resolveArgument(HandlerMethodArgumentResolverComposite.java:122) ~[spring-web-6.2.3.jar:6.2.3]
	at org.springframework.web.method.support.InvocableHandlerMethod.getMethodArgumentValues(InvocableHandlerMethod.java:226) ~[spring-web-6.2.3.jar:6.2.3]
	at org.springframework.web.method.support.InvocableHandlerMethod.invokeForRequest(InvocableHandlerMethod.java:180) ~[spring-web-6.2.3.jar:6.2.3]
	at org.springframework.web.servlet.mvc.method.annotation.ServletInvocableHandlerMethod.invokeAndHandle(ServletInvocableHandlerMethod.java:118) ~[spring-webmvc-6.2.3.jar:6.2.3]
	at org.springframework.web.servlet.mvc.method.annotation.RequestMappingHandlerAdapter.invokeHandlerMethod(RequestMappingHandlerAdapter.java:986) ~[spring-webmvc-6.2.3.jar:6.2.3]
	at org.springframework.web.servlet.mvc.method.annotation.RequestMappingHandlerAdapter.handleInternal(RequestMappingHandlerAdapter.java:891) ~[spring-webmvc-6.2.3.jar:6.2.3]
	at org.springframework.web.servlet.mvc.method.AbstractHandlerMethodAdapter.handle(AbstractHandlerMethodAdapter.java:87) ~[spring-webmvc-6.2.3.jar:6.2.3]
	at org.springframework.web.servlet.DispatcherServlet.doDispatch(DispatcherServlet.java:1088) ~[spring-webmvc-6.2.3.jar:6.2.3]
	at org.springframework.web.servlet.DispatcherServlet.doService(DispatcherServlet.java:978) ~[spring-webmvc-6.2.3.jar:6.2.3]
	at org.springframework.web.servlet.FrameworkServlet.processRequest(FrameworkServlet.java:1014) ~[spring-webmvc-6.2.3.jar:6.2.3]
	at org.springframework.web.servlet.FrameworkServlet.doGet(FrameworkServlet.java:903) ~[spring-webmvc-6.2.3.jar:6.2.3]
	at jakarta.servlet.http.HttpServlet.service(HttpServlet.java:564) ~[tomcat-embed-core-10.1.36.jar:6.0]
	at org.springframework.web.servlet.FrameworkServlet.service(FrameworkServlet.java:885) ~[spring-webmvc-6.2.3.jar:6.2.3]
	at jakarta.servlet.http.HttpServlet.service(HttpServlet.java:658) ~[tomcat-embed-core-10.1.36.jar:6.0]
	at org.apache.catalina.core.ApplicationFilterChain.internalDoFilter(ApplicationFilterChain.java:195) ~[tomcat-embed-core-10.1.36.jar:10.1.36]
	at org.apache.catalina.core.ApplicationFilterChain.doFilter(ApplicationFilterChain.java:140) ~[tomcat-embed-core-10.1.36.jar:10.1.36]
	at org.apache.tomcat.websocket.server.WsFilter.doFilter(WsFilter.java:51) ~[tomcat-embed-websocket-10.1.36.jar:10.1.36]
	at org.apache.catalina.core.ApplicationFilterChain.internalDoFilter(ApplicationFilterChain.java:164) ~[tomcat-embed-core-10.1.36.jar:10.1.36]
	at org.apache.catalina.core.ApplicationFilterChain.doFilter(ApplicationFilterChain.java:140) ~[tomcat-embed-core-10.1.36.jar:10.1.36]
	at org.springframework.web.filter.RequestContextFilter.doFilterInternal(RequestContextFilter.java:100) ~[spring-web-6.2.3.jar:6.2.3]
	at org.springframework.web.filter.OncePerRequestFilter.doFilter(OncePerRequestFilter.java:116) ~[spring-web-6.2.3.jar:6.2.3]
	at org.apache.catalina.core.ApplicationFilterChain.internalDoFilter(ApplicationFilterChain.java:164) ~[tomcat-embed-core-10.1.36.jar:10.1.36]
	at org.apache.catalina.core.ApplicationFilterChain.doFilter(ApplicationFilterChain.java:140) ~[tomcat-embed-core-10.1.36.jar:10.1.36]
	at org.springframework.web.filter.FormContentFilter.doFilterInternal(FormContentFilter.java:93) ~[spring-web-6.2.3.jar:6.2.3]
	at org.springframework.web.filter.OncePerRequestFilter.doFilter(OncePerRequestFilter.java:116) ~[spring-web-6.2.3.jar:6.2.3]
	at org.apache.catalina.core.ApplicationFilterChain.internalDoFilter(ApplicationFilterChain.java:164) ~[tomcat-embed-core-10.1.36.jar:10.1.36]
	at org.apache.catalina.core.ApplicationFilterChain.doFilter(ApplicationFilterChain.java:140) ~[tomcat-embed-core-10.1.36.jar:10.1.36]
	at org.springframework.web.filter.ServerHttpObservationFilter.doFilterInternal(ServerHttpObservationFilter.java:114) ~[spring-web-6.2.3.jar:6.2.3]
	at org.springframework.web.filter.OncePerRequestFilter.doFilter(OncePerRequestFilter.java:116) ~[spring-web-6.2.3.jar:6.2.3]
	at org.apache.catalina.core.ApplicationFilterChain.internalDoFilter(ApplicationFilterChain.java:164) ~[tomcat-embed-core-10.1.36.jar:10.1.36]
	at org.apache.catalina.core.ApplicationFilterChain.doFilter(ApplicationFilterChain.java:140) ~[tomcat-embed-core-10.1.36.jar:10.1.36]
	at org.springframework.web.filter.CharacterEncodingFilter.doFilterInternal(CharacterEncodingFilter.java:201) ~[spring-web-6.2.3.jar:6.2.3]
	at org.springframework.web.filter.OncePerRequestFilter.doFilter(OncePerRequestFilter.java:116) ~[spring-web-6.2.3.jar:6.2.3]
	at org.apache.catalina.core.ApplicationFilterChain.internalDoFilter(ApplicationFilterChain.java:164) ~[tomcat-embed-core-10.1.36.jar:10.1.36]
	at org.apache.catalina.core.ApplicationFilterChain.doFilter(ApplicationFilterChain.java:140) ~[tomcat-embed-core-10.1.36.jar:10.1.36]
	at org.apache.catalina.core.StandardWrapperValve.invoke(StandardWrapperValve.java:167) ~[tomcat-embed-core-10.1.36.jar:10.1.36]
	at org.apache.catalina.core.StandardContextValve.invoke(StandardContextValve.java:90) ~[tomcat-embed-core-10.1.36.jar:10.1.36]
	at org.apache.catalina.authenticator.AuthenticatorBase.invoke(AuthenticatorBase.java:483) ~[tomcat-embed-core-10.1.36.jar:10.1.36]
	at org.apache.catalina.core.StandardHostValve.invoke(StandardHostValve.java:115) ~[tomcat-embed-core-10.1.36.jar:10.1.36]
	at org.apache.catalina.valves.ErrorReportValve.invoke(ErrorReportValve.java:93) ~[tomcat-embed-core-10.1.36.jar:10.1.36]
	at org.apache.catalina.core.StandardEngineValve.invoke(StandardEngineValve.java:74) ~[tomcat-embed-core-10.1.36.jar:10.1.36]
	at org.apache.catalina.connector.CoyoteAdapter.service(CoyoteAdapter.java:344) ~[tomcat-embed-core-10.1.36.jar:10.1.36]
	at org.apache.coyote.http11.Http11Processor.service(Http11Processor.java:397) ~[tomcat-embed-core-10.1.36.jar:10.1.36]
	at org.apache.coyote.AbstractProcessorLight.process(AbstractProcessorLight.java:63) ~[tomcat-embed-core-10.1.36.jar:10.1.36]
	at org.apache.coyote.AbstractProtocol$ConnectionHandler.process(AbstractProtocol.java:905) ~[tomcat-embed-core-10.1.36.jar:10.1.36]
	at org.apache.tomcat.util.net.NioEndpoint$SocketProcessor.doRun(NioEndpoint.java:1743) ~[tomcat-embed-core-10.1.36.jar:10.1.36]
	at org.apache.tomcat.util.net.SocketProcessorBase.run(SocketProcessorBase.java:52) ~[tomcat-embed-core-10.1.36.jar:10.1.36]
	at org.apache.tomcat.util.threads.ThreadPoolExecutor.runWorker(ThreadPoolExecutor.java:1190) ~[tomcat-embed-core-10.1.36.jar:10.1.36]
	at org.apache.tomcat.util.threads.ThreadPoolExecutor$Worker.run(ThreadPoolExecutor.java:659) ~[tomcat-embed-core-10.1.36.jar:10.1.36]
	at org.apache.tomcat.util.threads.TaskThread$WrappingRunnable.run(TaskThread.java:63) ~[tomcat-embed-core-10.1.36.jar:10.1.36]
	at java.base/java.lang.Thread.run(Thread.java:1583) ~[na:na]
2026-04-26 05:23:55.930 [http-nio-9001-exec-8] INFO  c.m.w.c.ControleVenteController - Requête de génération du contrôle des ventes - Mois: 2, Entreprise: 2026
2026-04-26 05:23:55.932 [http-nio-9001-exec-8] INFO  c.m.services.ControleVenteService - Génération du contrôle des ventes - Mois: 2, Entreprise: 2026
2026-04-26 05:23:55.938 [http-nio-9001-exec-8] ERROR c.m.e.GlobalExceptionHandler - Erreur serveur
com.mproduits.exceptions.ResourceNotFoundException: Mois non trouvé avec l'ID : 2
	at com.mproduits.services.ControleVenteService.lambda$generateControleVentes$0(ControleVenteService.java:73) ~[classes/:na]
	at java.base/java.util.Optional.orElseThrow(Optional.java:403) ~[na:na]
	at com.mproduits.services.ControleVenteService.generateControleVentes(ControleVenteService.java:73) ~[classes/:na]
	at java.base/jdk.internal.reflect.DirectMethodHandleAccessor.invoke(DirectMethodHandleAccessor.java:103) ~[na:na]
	at java.base/java.lang.reflect.Method.invoke(Method.java:580) ~[na:na]
	at org.springframework.aop.support.AopUtils.invokeJoinpointUsingReflection(AopUtils.java:359) ~[spring-aop-6.2.3.jar:6.2.3]
	at org.springframework.aop.framework.ReflectiveMethodInvocation.invokeJoinpoint(ReflectiveMethodInvocation.java:196) ~[spring-aop-6.2.3.jar:6.2.3]
	at org.springframework.aop.framework.ReflectiveMethodInvocation.proceed(ReflectiveMethodInvocation.java:163) ~[spring-aop-6.2.3.jar:6.2.3]
	at org.springframework.transaction.interceptor.TransactionAspectSupport.invokeWithinTransaction(TransactionAspectSupport.java:380) ~[spring-tx-6.2.3.jar:6.2.3]
	at org.springframework.transaction.interceptor.TransactionInterceptor.invoke(TransactionInterceptor.java:119) ~[spring-tx-6.2.3.jar:6.2.3]
	at org.springframework.aop.framework.ReflectiveMethodInvocation.proceed(ReflectiveMethodInvocation.java:184) ~[spring-aop-6.2.3.jar:6.2.3]
	at org.springframework.aop.framework.CglibAopProxy$DynamicAdvisedInterceptor.intercept(CglibAopProxy.java:727) ~[spring-aop-6.2.3.jar:6.2.3]
	at com.mproduits.services.ControleVenteService$$SpringCGLIB$$0.generateControleVentes(<generated>) ~[classes/:na]
	at com.mproduits.web.controller.ControleVenteController.generateControleVentes(ControleVenteController.java:69) ~[classes/:na]
	at java.base/jdk.internal.reflect.DirectMethodHandleAccessor.invoke(DirectMethodHandleAccessor.java:103) ~[na:na]
	at java.base/java.lang.reflect.Method.invoke(Method.java:580) ~[na:na]
	at org.springframework.web.method.support.InvocableHandlerMethod.doInvoke(InvocableHandlerMethod.java:257) ~[spring-web-6.2.3.jar:6.2.3]
	at org.springframework.web.method.support.InvocableHandlerMethod.invokeForRequest(InvocableHandlerMethod.java:190) ~[spring-web-6.2.3.jar:6.2.3]
	at org.springframework.web.servlet.mvc.method.annotation.ServletInvocableHandlerMethod.invokeAndHandle(ServletInvocableHandlerMethod.java:118) ~[spring-webmvc-6.2.3.jar:6.2.3]
	at org.springframework.web.servlet.mvc.method.annotation.RequestMappingHandlerAdapter.invokeHandlerMethod(RequestMappingHandlerAdapter.java:986) ~[spring-webmvc-6.2.3.jar:6.2.3]
	at org.springframework.web.servlet.mvc.method.annotation.RequestMappingHandlerAdapter.handleInternal(RequestMappingHandlerAdapter.java:891) ~[spring-webmvc-6.2.3.jar:6.2.3]
	at org.springframework.web.servlet.mvc.method.AbstractHandlerMethodAdapter.handle(AbstractHandlerMethodAdapter.java:87) ~[spring-webmvc-6.2.3.jar:6.2.3]
	at org.springframework.web.servlet.DispatcherServlet.doDispatch(DispatcherServlet.java:1088) ~[spring-webmvc-6.2.3.jar:6.2.3]
	at org.springframework.web.servlet.DispatcherServlet.doService(DispatcherServlet.java:978) ~[spring-webmvc-6.2.3.jar:6.2.3]
	at org.springframework.web.servlet.FrameworkServlet.processRequest(FrameworkServlet.java:1014) ~[spring-webmvc-6.2.3.jar:6.2.3]
	at org.springframework.web.servlet.FrameworkServlet.doGet(FrameworkServlet.java:903) ~[spring-webmvc-6.2.3.jar:6.2.3]
	at jakarta.servlet.http.HttpServlet.service(HttpServlet.java:564) ~[tomcat-embed-core-10.1.36.jar:6.0]
	at org.springframework.web.servlet.FrameworkServlet.service(FrameworkServlet.java:885) ~[spring-webmvc-6.2.3.jar:6.2.3]
	at jakarta.servlet.http.HttpServlet.service(HttpServlet.java:658) ~[tomcat-embed-core-10.1.36.jar:6.0]
	at org.apache.catalina.core.ApplicationFilterChain.internalDoFilter(ApplicationFilterChain.java:195) ~[tomcat-embed-core-10.1.36.jar:10.1.36]
	at org.apache.catalina.core.ApplicationFilterChain.doFilter(ApplicationFilterChain.java:140) ~[tomcat-embed-core-10.1.36.jar:10.1.36]
	at org.apache.tomcat.websocket.server.WsFilter.doFilter(WsFilter.java:51) ~[tomcat-embed-websocket-10.1.36.jar:10.1.36]
	at org.apache.catalina.core.ApplicationFilterChain.internalDoFilter(ApplicationFilterChain.java:164) ~[tomcat-embed-core-10.1.36.jar:10.1.36]
	at org.apache.catalina.core.ApplicationFilterChain.doFilter(ApplicationFilterChain.java:140) ~[tomcat-embed-core-10.1.36.jar:10.1.36]
	at org.springframework.web.filter.RequestContextFilter.doFilterInternal(RequestContextFilter.java:100) ~[spring-web-6.2.3.jar:6.2.3]
	at org.springframework.web.filter.OncePerRequestFilter.doFilter(OncePerRequestFilter.java:116) ~[spring-web-6.2.3.jar:6.2.3]
	at org.apache.catalina.core.ApplicationFilterChain.internalDoFilter(ApplicationFilterChain.java:164) ~[tomcat-embed-core-10.1.36.jar:10.1.36]
	at org.apache.catalina.core.ApplicationFilterChain.doFilter(ApplicationFilterChain.java:140) ~[tomcat-embed-core-10.1.36.jar:10.1.36]
	at org.springframework.web.filter.FormContentFilter.doFilterInternal(FormContentFilter.java:93) ~[spring-web-6.2.3.jar:6.2.3]
	at org.springframework.web.filter.OncePerRequestFilter.doFilter(OncePerRequestFilter.java:116) ~[spring-web-6.2.3.jar:6.2.3]
	at org.apache.catalina.core.ApplicationFilterChain.internalDoFilter(ApplicationFilterChain.java:164) ~[tomcat-embed-core-10.1.36.jar:10.1.36]
	at org.apache.catalina.core.ApplicationFilterChain.doFilter(ApplicationFilterChain.java:140) ~[tomcat-embed-core-10.1.36.jar:10.1.36]
	at org.springframework.web.filter.ServerHttpObservationFilter.doFilterInternal(ServerHttpObservationFilter.java:114) ~[spring-web-6.2.3.jar:6.2.3]
	at org.springframework.web.filter.OncePerRequestFilter.doFilter(OncePerRequestFilter.java:116) ~[spring-web-6.2.3.jar:6.2.3]
	at org.apache.catalina.core.ApplicationFilterChain.internalDoFilter(ApplicationFilterChain.java:164) ~[tomcat-embed-core-10.1.36.jar:10.1.36]
	at org.apache.catalina.core.ApplicationFilterChain.doFilter(ApplicationFilterChain.java:140) ~[tomcat-embed-core-10.1.36.jar:10.1.36]
	at org.springframework.web.filter.CharacterEncodingFilter.doFilterInternal(CharacterEncodingFilter.java:201) ~[spring-web-6.2.3.jar:6.2.3]
	at org.springframework.web.filter.OncePerRequestFilter.doFilter(OncePerRequestFilter.java:116) ~[spring-web-6.2.3.jar:6.2.3]
	at org.apache.catalina.core.ApplicationFilterChain.internalDoFilter(ApplicationFilterChain.java:164) ~[tomcat-embed-core-10.1.36.jar:10.1.36]
	at org.apache.catalina.core.ApplicationFilterChain.doFilter(ApplicationFilterChain.java:140) ~[tomcat-embed-core-10.1.36.jar:10.1.36]
	at org.apache.catalina.core.StandardWrapperValve.invoke(StandardWrapperValve.java:167) ~[tomcat-embed-core-10.1.36.jar:10.1.36]
	at org.apache.catalina.core.StandardContextValve.invoke(StandardContextValve.java:90) ~[tomcat-embed-core-10.1.36.jar:10.1.36]
	at org.apache.catalina.authenticator.AuthenticatorBase.invoke(AuthenticatorBase.java:483) ~[tomcat-embed-core-10.1.36.jar:10.1.36]
	at org.apache.catalina.core.StandardHostValve.invoke(StandardHostValve.java:115) ~[tomcat-embed-core-10.1.36.jar:10.1.36]
	at org.apache.catalina.valves.ErrorReportValve.invoke(ErrorReportValve.java:93) ~[tomcat-embed-core-10.1.36.jar:10.1.36]
	at org.apache.catalina.core.StandardEngineValve.invoke(StandardEngineValve.java:74) ~[tomcat-embed-core-10.1.36.jar:10.1.36]
	at org.apache.catalina.connector.CoyoteAdapter.service(CoyoteAdapter.java:344) ~[tomcat-embed-core-10.1.36.jar:10.1.36]
	at org.apache.coyote.http11.Http11Processor.service(Http11Processor.java:397) ~[tomcat-embed-core-10.1.36.jar:10.1.36]
	at org.apache.coyote.AbstractProcessorLight.process(AbstractProcessorLight.java:63) ~[tomcat-embed-core-10.1.36.jar:10.1.36]
	at org.apache.coyote.AbstractProtocol$ConnectionHandler.process(AbstractProtocol.java:905) ~[tomcat-embed-core-10.1.36.jar:10.1.36]
	at org.apache.tomcat.util.net.NioEndpoint$SocketProcessor.doRun(NioEndpoint.java:1743) ~[tomcat-embed-core-10.1.36.jar:10.1.36]
	at org.apache.tomcat.util.net.SocketProcessorBase.run(SocketProcessorBase.java:52) ~[tomcat-embed-core-10.1.36.jar:10.1.36]
	at org.apache.tomcat.util.threads.ThreadPoolExecutor.runWorker(ThreadPoolExecutor.java:1190) ~[tomcat-embed-core-10.1.36.jar:10.1.36]
	at org.apache.tomcat.util.threads.ThreadPoolExecutor$Worker.run(ThreadPoolExecutor.java:659) ~[tomcat-embed-core-10.1.36.jar:10.1.36]
	at org.apache.tomcat.util.threads.TaskThread$WrappingRunnable.run(TaskThread.java:63) ~[tomcat-embed-core-10.1.36.jar:10.1.36]
	at java.base/java.lang.Thread.run(Thread.java:1583) ~[na:na]
2026-04-26 05:23:59.372 [http-nio-9001-exec-2] INFO  c.m.w.c.ControleVenteController - Requête de génération du contrôle des ventes - Mois: 2, Entreprise: 2026
2026-04-26 05:23:59.375 [http-nio-9001-exec-2] INFO  c.m.services.ControleVenteService - Génération du contrôle des ventes - Mois: 2, Entreprise: 2026
2026-04-26 05:23:59.381 [http-nio-9001-exec-2] ERROR c.m.e.GlobalExceptionHandler - Erreur serveur
com.mproduits.exceptions.ResourceNotFoundException: Mois non trouvé avec l'ID : 2
	at com.mproduits.services.ControleVenteService.lambda$generateControleVentes$0(ControleVenteService.java:73) ~[classes/:na]
	at java.base/java.util.Optional.orElseThrow(Optional.java:403) ~[na:na]
	at com.mproduits.services.ControleVenteService.generateControleVentes(ControleVenteService.java:73) ~[classes/:na]
	at java.base/jdk.internal.reflect.DirectMethodHandleAccessor.invoke(DirectMethodHandleAccessor.java:103) ~[na:na]
	at java.base/java.lang.reflect.Method.invoke(Method.java:580) ~[na:na]
	at org.springframework.aop.support.AopUtils.invokeJoinpointUsingReflection(AopUtils.java:359) ~[spring-aop-6.2.3.jar:6.2.3]
	at org.springframework.aop.framework.ReflectiveMethodInvocation.invokeJoinpoint(ReflectiveMethodInvocation.java:196) ~[spring-aop-6.2.3.jar:6.2.3]
	at org.springframework.aop.framework.ReflectiveMethodInvocation.proceed(ReflectiveMethodInvocation.java:163) ~[spring-aop-6.2.3.jar:6.2.3]
	at org.springframework.transaction.interceptor.TransactionAspectSupport.invokeWithinTransaction(TransactionAspectSupport.java:380) ~[spring-tx-6.2.3.jar:6.2.3]
	at org.springframework.transaction.interceptor.TransactionInterceptor.invoke(TransactionInterceptor.java:119) ~[spring-tx-6.2.3.jar:6.2.3]
	at org.springframework.aop.framework.ReflectiveMethodInvocation.proceed(ReflectiveMethodInvocation.java:184) ~[spring-aop-6.2.3.jar:6.2.3]
	at org.springframework.aop.framework.CglibAopProxy$DynamicAdvisedInterceptor.intercept(CglibAopProxy.java:727) ~[spring-aop-6.2.3.jar:6.2.3]
	at com.mproduits.services.ControleVenteService$$SpringCGLIB$$0.generateControleVentes(<generated>) ~[classes/:na]
	at com.mproduits.web.controller.ControleVenteController.generateControleVentes(ControleVenteController.java:69) ~[classes/:na]
	at java.base/jdk.internal.reflect.DirectMethodHandleAccessor.invoke(DirectMethodHandleAccessor.java:103) ~[na:na]
	at java.base/java.lang.reflect.Method.invoke(Method.java:580) ~[na:na]
	at org.springframework.web.method.support.InvocableHandlerMethod.doInvoke(InvocableHandlerMethod.java:257) ~[spring-web-6.2.3.jar:6.2.3]
	at org.springframework.web.method.support.InvocableHandlerMethod.invokeForRequest(InvocableHandlerMethod.java:190) ~[spring-web-6.2.3.jar:6.2.3]
	at org.springframework.web.servlet.mvc.method.annotation.ServletInvocableHandlerMethod.invokeAndHandle(ServletInvocableHandlerMethod.java:118) ~[spring-webmvc-6.2.3.jar:6.2.3]
	at org.springframework.web.servlet.mvc.method.annotation.RequestMappingHandlerAdapter.invokeHandlerMethod(RequestMappingHandlerAdapter.java:986) ~[spring-webmvc-6.2.3.jar:6.2.3]
	at org.springframework.web.servlet.mvc.method.annotation.RequestMappingHandlerAdapter.handleInternal(RequestMappingHandlerAdapter.java:891) ~[spring-webmvc-6.2.3.jar:6.2.3]
	at org.springframework.web.servlet.mvc.method.AbstractHandlerMethodAdapter.handle(AbstractHandlerMethodAdapter.java:87) ~[spring-webmvc-6.2.3.jar:6.2.3]
	at org.springframework.web.servlet.DispatcherServlet.doDispatch(DispatcherServlet.java:1088) ~[spring-webmvc-6.2.3.jar:6.2.3]
	at org.springframework.web.servlet.DispatcherServlet.doService(DispatcherServlet.java:978) ~[spring-webmvc-6.2.3.jar:6.2.3]
	at org.springframework.web.servlet.FrameworkServlet.processRequest(FrameworkServlet.java:1014) ~[spring-webmvc-6.2.3.jar:6.2.3]
	at org.springframework.web.servlet.FrameworkServlet.doGet(FrameworkServlet.java:903) ~[spring-webmvc-6.2.3.jar:6.2.3]
	at jakarta.servlet.http.HttpServlet.service(HttpServlet.java:564) ~[tomcat-embed-core-10.1.36.jar:6.0]
	at org.springframework.web.servlet.FrameworkServlet.service(FrameworkServlet.java:885) ~[spring-webmvc-6.2.3.jar:6.2.3]
	at jakarta.servlet.http.HttpServlet.service(HttpServlet.java:658) ~[tomcat-embed-core-10.1.36.jar:6.0]
	at org.apache.catalina.core.ApplicationFilterChain.internalDoFilter(ApplicationFilterChain.java:195) ~[tomcat-embed-core-10.1.36.jar:10.1.36]
	at org.apache.catalina.core.ApplicationFilterChain.doFilter(ApplicationFilterChain.java:140) ~[tomcat-embed-core-10.1.36.jar:10.1.36]
	at org.apache.tomcat.websocket.server.WsFilter.doFilter(WsFilter.java:51) ~[tomcat-embed-websocket-10.1.36.jar:10.1.36]
	at org.apache.catalina.core.ApplicationFilterChain.internalDoFilter(ApplicationFilterChain.java:164) ~[tomcat-embed-core-10.1.36.jar:10.1.36]
	at org.apache.catalina.core.ApplicationFilterChain.doFilter(ApplicationFilterChain.java:140) ~[tomcat-embed-core-10.1.36.jar:10.1.36]
	at org.springframework.web.filter.RequestContextFilter.doFilterInternal(RequestContextFilter.java:100) ~[spring-web-6.2.3.jar:6.2.3]
	at org.springframework.web.filter.OncePerRequestFilter.doFilter(OncePerRequestFilter.java:116) ~[spring-web-6.2.3.jar:6.2.3]
	at org.apache.catalina.core.ApplicationFilterChain.internalDoFilter(ApplicationFilterChain.java:164) ~[tomcat-embed-core-10.1.36.jar:10.1.36]
	at org.apache.catalina.core.ApplicationFilterChain.doFilter(ApplicationFilterChain.java:140) ~[tomcat-embed-core-10.1.36.jar:10.1.36]
	at org.springframework.web.filter.FormContentFilter.doFilterInternal(FormContentFilter.java:93) ~[spring-web-6.2.3.jar:6.2.3]
	at org.springframework.web.filter.OncePerRequestFilter.doFilter(OncePerRequestFilter.java:116) ~[spring-web-6.2.3.jar:6.2.3]
	at org.apache.catalina.core.ApplicationFilterChain.internalDoFilter(ApplicationFilterChain.java:164) ~[tomcat-embed-core-10.1.36.jar:10.1.36]
	at org.apache.catalina.core.ApplicationFilterChain.doFilter(ApplicationFilterChain.java:140) ~[tomcat-embed-core-10.1.36.jar:10.1.36]
	at org.springframework.web.filter.ServerHttpObservationFilter.doFilterInternal(ServerHttpObservationFilter.java:114) ~[spring-web-6.2.3.jar:6.2.3]
	at org.springframework.web.filter.OncePerRequestFilter.doFilter(OncePerRequestFilter.java:116) ~[spring-web-6.2.3.jar:6.2.3]
	at org.apache.catalina.core.ApplicationFilterChain.internalDoFilter(ApplicationFilterChain.java:164) ~[tomcat-embed-core-10.1.36.jar:10.1.36]
	at org.apache.catalina.core.ApplicationFilterChain.doFilter(ApplicationFilterChain.java:140) ~[tomcat-embed-core-10.1.36.jar:10.1.36]
	at org.springframework.web.filter.CharacterEncodingFilter.doFilterInternal(CharacterEncodingFilter.java:201) ~[spring-web-6.2.3.jar:6.2.3]
	at org.springframework.web.filter.OncePerRequestFilter.doFilter(OncePerRequestFilter.java:116) ~[spring-web-6.2.3.jar:6.2.3]
	at org.apache.catalina.core.ApplicationFilterChain.internalDoFilter(ApplicationFilterChain.java:164) ~[tomcat-embed-core-10.1.36.jar:10.1.36]
	at org.apache.catalina.core.ApplicationFilterChain.doFilter(ApplicationFilterChain.java:140) ~[tomcat-embed-core-10.1.36.jar:10.1.36]
	at org.apache.catalina.core.StandardWrapperValve.invoke(StandardWrapperValve.java:167) ~[tomcat-embed-core-10.1.36.jar:10.1.36]
	at org.apache.catalina.core.StandardContextValve.invoke(StandardContextValve.java:90) ~[tomcat-embed-core-10.1.36.jar:10.1.36]
	at org.apache.catalina.authenticator.AuthenticatorBase.invoke(AuthenticatorBase.java:483) ~[tomcat-embed-core-10.1.36.jar:10.1.36]
	at org.apache.catalina.core.StandardHostValve.invoke(StandardHostValve.java:115) ~[tomcat-embed-core-10.1.36.jar:10.1.36]
	at org.apache.catalina.valves.ErrorReportValve.invoke(ErrorReportValve.java:93) ~[tomcat-embed-core-10.1.36.jar:10.1.36]
	at org.apache.catalina.core.StandardEngineValve.invoke(StandardEngineValve.java:74) ~[tomcat-embed-core-10.1.36.jar:10.1.36]
	at org.apache.catalina.connector.CoyoteAdapter.service(CoyoteAdapter.java:344) ~[tomcat-embed-core-10.1.36.jar:10.1.36]
	at org.apache.coyote.http11.Http11Processor.service(Http11Processor.java:397) ~[tomcat-embed-core-10.1.36.jar:10.1.36]
	at org.apache.coyote.AbstractProcessorLight.process(AbstractProcessorLight.java:63) ~[tomcat-embed-core-10.1.36.jar:10.1.36]
	at org.apache.coyote.AbstractProtocol$ConnectionHandler.process(AbstractProtocol.java:905) ~[tomcat-embed-core-10.1.36.jar:10.1.36]
	at org.apache.tomcat.util.net.NioEndpoint$SocketProcessor.doRun(NioEndpoint.java:1743) ~[tomcat-embed-core-10.1.36.jar:10.1.36]
	at org.apache.tomcat.util.net.SocketProcessorBase.run(SocketProcessorBase.java:52) ~[tomcat-embed-core-10.1.36.jar:10.1.36]
	at org.apache.tomcat.util.threads.ThreadPoolExecutor.runWorker(ThreadPoolExecutor.java:1190) ~[tomcat-embed-core-10.1.36.jar:10.1.36]
	at org.apache.tomcat.util.threads.ThreadPoolExecutor$Worker.run(ThreadPoolExecutor.java:659) ~[tomcat-embed-core-10.1.36.jar:10.1.36]
	at org.apache.tomcat.util.threads.TaskThread$WrappingRunnable.run(TaskThread.java:63) ~[tomcat-embed-core-10.1.36.jar:10.1.36]
	at java.base/java.lang.Thread.run(Thread.java:1583) ~[na:na]
2026-04-26 05:24:08.154 [http-nio-9001-exec-1] INFO  c.m.w.c.ControleVenteController - Requête de génération du contrôle des ventes - Mois: 2, Entreprise: 2026
2026-04-26 05:24:08.155 [http-nio-9001-exec-1] INFO  c.m.services.ControleVenteService - Génération du contrôle des ventes - Mois: 2, Entreprise: 2026
2026-04-26 05:24:08.160 [http-nio-9001-exec-1] ERROR c.m.e.GlobalExceptionHandler - Erreur serveur
com.mproduits.exceptions.ResourceNotFoundException: Mois non trouvé avec l'ID : 2
	at com.mproduits.services.ControleVenteService.lambda$generateControleVentes$0(ControleVenteService.java:73) ~[classes/:na]
	at java.base/java.util.Optional.orElseThrow(Optional.java:403) ~[na:na]
	at com.mproduits.services.ControleVenteService.generateControleVentes(ControleVenteService.java:73) ~[classes/:na]
	at java.base/jdk.internal.reflect.DirectMethodHandleAccessor.invoke(DirectMethodHandleAccessor.java:103) ~[na:na]
	at java.base/java.lang.reflect.Method.invoke(Method.java:580) ~[na:na]
	at org.springframework.aop.support.AopUtils.invokeJoinpointUsingReflection(AopUtils.java:359) ~[spring-aop-6.2.3.jar:6.2.3]
	at org.springframework.aop.framework.ReflectiveMethodInvocation.invokeJoinpoint(ReflectiveMethodInvocation.java:196) ~[spring-aop-6.2.3.jar:6.2.3]
	at org.springframework.aop.framework.ReflectiveMethodInvocation.proceed(ReflectiveMethodInvocation.java:163) ~[spring-aop-6.2.3.jar:6.2.3]
	at org.springframework.transaction.interceptor.TransactionAspectSupport.invokeWithinTransaction(TransactionAspectSupport.java:380) ~[spring-tx-6.2.3.jar:6.2.3]
	at org.springframework.transaction.interceptor.TransactionInterceptor.invoke(TransactionInterceptor.java:119) ~[spring-tx-6.2.3.jar:6.2.3]
	at org.springframework.aop.framework.ReflectiveMethodInvocation.proceed(ReflectiveMethodInvocation.java:184) ~[spring-aop-6.2.3.jar:6.2.3]
	at org.springframework.aop.framework.CglibAopProxy$DynamicAdvisedInterceptor.intercept(CglibAopProxy.java:727) ~[spring-aop-6.2.3.jar:6.2.3]
	at com.mproduits.services.ControleVenteService$$SpringCGLIB$$0.generateControleVentes(<generated>) ~[classes/:na]
	at com.mproduits.web.controller.ControleVenteController.generateControleVentes(ControleVenteController.java:69) ~[classes/:na]
	at java.base/jdk.internal.reflect.DirectMethodHandleAccessor.invoke(DirectMethodHandleAccessor.java:103) ~[na:na]
	at java.base/java.lang.reflect.Method.invoke(Method.java:580) ~[na:na]
	at org.springframework.web.method.support.InvocableHandlerMethod.doInvoke(InvocableHandlerMethod.java:257) ~[spring-web-6.2.3.jar:6.2.3]
	at org.springframework.web.method.support.InvocableHandlerMethod.invokeForRequest(InvocableHandlerMethod.java:190) ~[spring-web-6.2.3.jar:6.2.3]
	at org.springframework.web.servlet.mvc.method.annotation.ServletInvocableHandlerMethod.invokeAndHandle(ServletInvocableHandlerMethod.java:118) ~[spring-webmvc-6.2.3.jar:6.2.3]
	at org.springframework.web.servlet.mvc.method.annotation.RequestMappingHandlerAdapter.invokeHandlerMethod(RequestMappingHandlerAdapter.java:986) ~[spring-webmvc-6.2.3.jar:6.2.3]
	at org.springframework.web.servlet.mvc.method.annotation.RequestMappingHandlerAdapter.handleInternal(RequestMappingHandlerAdapter.java:891) ~[spring-webmvc-6.2.3.jar:6.2.3]
	at org.springframework.web.servlet.mvc.method.AbstractHandlerMethodAdapter.handle(AbstractHandlerMethodAdapter.java:87) ~[spring-webmvc-6.2.3.jar:6.2.3]
	at org.springframework.web.servlet.DispatcherServlet.doDispatch(DispatcherServlet.java:1088) ~[spring-webmvc-6.2.3.jar:6.2.3]
	at org.springframework.web.servlet.DispatcherServlet.doService(DispatcherServlet.java:978) ~[spring-webmvc-6.2.3.jar:6.2.3]
	at org.springframework.web.servlet.FrameworkServlet.processRequest(FrameworkServlet.java:1014) ~[spring-webmvc-6.2.3.jar:6.2.3]
	at org.springframework.web.servlet.FrameworkServlet.doGet(FrameworkServlet.java:903) ~[spring-webmvc-6.2.3.jar:6.2.3]
	at jakarta.servlet.http.HttpServlet.service(HttpServlet.java:564) ~[tomcat-embed-core-10.1.36.jar:6.0]
	at org.springframework.web.servlet.FrameworkServlet.service(FrameworkServlet.java:885) ~[spring-webmvc-6.2.3.jar:6.2.3]
	at jakarta.servlet.http.HttpServlet.service(HttpServlet.java:658) ~[tomcat-embed-core-10.1.36.jar:6.0]
	at org.apache.catalina.core.ApplicationFilterChain.internalDoFilter(ApplicationFilterChain.java:195) ~[tomcat-embed-core-10.1.36.jar:10.1.36]
	at org.apache.catalina.core.ApplicationFilterChain.doFilter(ApplicationFilterChain.java:140) ~[tomcat-embed-core-10.1.36.jar:10.1.36]
	at org.apache.tomcat.websocket.server.WsFilter.doFilter(WsFilter.java:51) ~[tomcat-embed-websocket-10.1.36.jar:10.1.36]
	at org.apache.catalina.core.ApplicationFilterChain.internalDoFilter(ApplicationFilterChain.java:164) ~[tomcat-embed-core-10.1.36.jar:10.1.36]
	at org.apache.catalina.core.ApplicationFilterChain.doFilter(ApplicationFilterChain.java:140) ~[tomcat-embed-core-10.1.36.jar:10.1.36]
	at org.springframework.web.filter.RequestContextFilter.doFilterInternal(RequestContextFilter.java:100) ~[spring-web-6.2.3.jar:6.2.3]
	at org.springframework.web.filter.OncePerRequestFilter.doFilter(OncePerRequestFilter.java:116) ~[spring-web-6.2.3.jar:6.2.3]
	at org.apache.catalina.core.ApplicationFilterChain.internalDoFilter(ApplicationFilterChain.java:164) ~[tomcat-embed-core-10.1.36.jar:10.1.36]
	at org.apache.catalina.core.ApplicationFilterChain.doFilter(ApplicationFilterChain.java:140) ~[tomcat-embed-core-10.1.36.jar:10.1.36]
	at org.springframework.web.filter.FormContentFilter.doFilterInternal(FormContentFilter.java:93) ~[spring-web-6.2.3.jar:6.2.3]
	at org.springframework.web.filter.OncePerRequestFilter.doFilter(OncePerRequestFilter.java:116) ~[spring-web-6.2.3.jar:6.2.3]
	at org.apache.catalina.core.ApplicationFilterChain.internalDoFilter(ApplicationFilterChain.java:164) ~[tomcat-embed-core-10.1.36.jar:10.1.36]
	at org.apache.catalina.core.ApplicationFilterChain.doFilter(ApplicationFilterChain.java:140) ~[tomcat-embed-core-10.1.36.jar:10.1.36]
	at org.springframework.web.filter.ServerHttpObservationFilter.doFilterInternal(ServerHttpObservationFilter.java:114) ~[spring-web-6.2.3.jar:6.2.3]
	at org.springframework.web.filter.OncePerRequestFilter.doFilter(OncePerRequestFilter.java:116) ~[spring-web-6.2.3.jar:6.2.3]
	at org.apache.catalina.core.ApplicationFilterChain.internalDoFilter(ApplicationFilterChain.java:164) ~[tomcat-embed-core-10.1.36.jar:10.1.36]
	at org.apache.catalina.core.ApplicationFilterChain.doFilter(ApplicationFilterChain.java:140) ~[tomcat-embed-core-10.1.36.jar:10.1.36]
	at org.springframework.web.filter.CharacterEncodingFilter.doFilterInternal(CharacterEncodingFilter.java:201) ~[spring-web-6.2.3.jar:6.2.3]
	at org.springframework.web.filter.OncePerRequestFilter.doFilter(OncePerRequestFilter.java:116) ~[spring-web-6.2.3.jar:6.2.3]
	at org.apache.catalina.core.ApplicationFilterChain.internalDoFilter(ApplicationFilterChain.java:164) ~[tomcat-embed-core-10.1.36.jar:10.1.36]
	at org.apache.catalina.core.ApplicationFilterChain.doFilter(ApplicationFilterChain.java:140) ~[tomcat-embed-core-10.1.36.jar:10.1.36]
	at org.apache.catalina.core.StandardWrapperValve.invoke(StandardWrapperValve.java:167) ~[tomcat-embed-core-10.1.36.jar:10.1.36]
	at org.apache.catalina.core.StandardContextValve.invoke(StandardContextValve.java:90) ~[tomcat-embed-core-10.1.36.jar:10.1.36]
	at org.apache.catalina.authenticator.AuthenticatorBase.invoke(AuthenticatorBase.java:483) ~[tomcat-embed-core-10.1.36.jar:10.1.36]
	at org.apache.catalina.core.StandardHostValve.invoke(StandardHostValve.java:115) ~[tomcat-embed-core-10.1.36.jar:10.1.36]
	at org.apache.catalina.valves.ErrorReportValve.invoke(ErrorReportValve.java:93) ~[tomcat-embed-core-10.1.36.jar:10.1.36]
	at org.apache.catalina.core.StandardEngineValve.invoke(StandardEngineValve.java:74) ~[tomcat-embed-core-10.1.36.jar:10.1.36]
	at org.apache.catalina.connector.CoyoteAdapter.service(CoyoteAdapter.java:344) ~[tomcat-embed-core-10.1.36.jar:10.1.36]
	at org.apache.coyote.http11.Http11Processor.service(Http11Processor.java:397) ~[tomcat-embed-core-10.1.36.jar:10.1.36]
	at org.apache.coyote.AbstractProcessorLight.process(AbstractProcessorLight.java:63) ~[tomcat-embed-core-10.1.36.jar:10.1.36]
	at org.apache.coyote.AbstractProtocol$ConnectionHandler.process(AbstractProtocol.java:905) ~[tomcat-embed-core-10.1.36.jar:10.1.36]
	at org.apache.tomcat.util.net.NioEndpoint$SocketProcessor.doRun(NioEndpoint.java:1743) ~[tomcat-embed-core-10.1.36.jar:10.1.36]
	at org.apache.tomcat.util.net.SocketProcessorBase.run(SocketProcessorBase.java:52) ~[tomcat-embed-core-10.1.36.jar:10.1.36]
	at org.apache.tomcat.util.threads.ThreadPoolExecutor.runWorker(ThreadPoolExecutor.java:1190) ~[tomcat-embed-core-10.1.36.jar:10.1.36]
	at org.apache.tomcat.util.threads.ThreadPoolExecutor$Worker.run(ThreadPoolExecutor.java:659) ~[tomcat-embed-core-10.1.36.jar:10.1.36]
	at org.apache.tomcat.util.threads.TaskThread$WrappingRunnable.run(TaskThread.java:63) ~[tomcat-embed-core-10.1.36.jar:10.1.36]
	at java.base/java.lang.Thread.run(Thread.java:1583) ~[na:na]
2026-04-26 05:24:24.327 [http-nio-9001-exec-3] INFO  c.m.w.c.ControleVenteController - Requête de génération du contrôle des ventes - Mois: 2, Entreprise: 2026
2026-04-26 05:24:24.328 [http-nio-9001-exec-3] INFO  c.m.services.ControleVenteService - Génération du contrôle des ventes - Mois: 2, Entreprise: 2026
2026-04-26 05:24:24.332 [http-nio-9001-exec-3] ERROR c.m.e.GlobalExceptionHandler - Erreur serveur
com.mproduits.exceptions.ResourceNotFoundException: Mois non trouvé avec l'ID : 2
	at com.mproduits.services.ControleVenteService.lambda$generateControleVentes$0(ControleVenteService.java:73) ~[classes/:na]
	at java.base/java.util.Optional.orElseThrow(Optional.java:403) ~[na:na]
	at com.mproduits.services.ControleVenteService.generateControleVentes(ControleVenteService.java:73) ~[classes/:na]
	at java.base/jdk.internal.reflect.DirectMethodHandleAccessor.invoke(DirectMethodHandleAccessor.java:103) ~[na:na]
	at java.base/java.lang.reflect.Method.invoke(Method.java:580) ~[na:na]
	at org.springframework.aop.support.AopUtils.invokeJoinpointUsingReflection(AopUtils.java:359) ~[spring-aop-6.2.3.jar:6.2.3]
	at org.springframework.aop.framework.ReflectiveMethodInvocation.invokeJoinpoint(ReflectiveMethodInvocation.java:196) ~[spring-aop-6.2.3.jar:6.2.3]
	at org.springframework.aop.framework.ReflectiveMethodInvocation.proceed(ReflectiveMethodInvocation.java:163) ~[spring-aop-6.2.3.jar:6.2.3]
	at org.springframework.transaction.interceptor.TransactionAspectSupport.invokeWithinTransaction(TransactionAspectSupport.java:380) ~[spring-tx-6.2.3.jar:6.2.3]
	at org.springframework.transaction.interceptor.TransactionInterceptor.invoke(TransactionInterceptor.java:119) ~[spring-tx-6.2.3.jar:6.2.3]
	at org.springframework.aop.framework.ReflectiveMethodInvocation.proceed(ReflectiveMethodInvocation.java:184) ~[spring-aop-6.2.3.jar:6.2.3]
	at org.springframework.aop.framework.CglibAopProxy$DynamicAdvisedInterceptor.intercept(CglibAopProxy.java:727) ~[spring-aop-6.2.3.jar:6.2.3]
	at com.mproduits.services.ControleVenteService$$SpringCGLIB$$0.generateControleVentes(<generated>) ~[classes/:na]
	at com.mproduits.web.controller.ControleVenteController.generateControleVentes(ControleVenteController.java:69) ~[classes/:na]
	at java.base/jdk.internal.reflect.DirectMethodHandleAccessor.invoke(DirectMethodHandleAccessor.java:103) ~[na:na]
	at java.base/java.lang.reflect.Method.invoke(Method.java:580) ~[na:na]
	at org.springframework.web.method.support.InvocableHandlerMethod.doInvoke(InvocableHandlerMethod.java:257) ~[spring-web-6.2.3.jar:6.2.3]
	at org.springframework.web.method.support.InvocableHandlerMethod.invokeForRequest(InvocableHandlerMethod.java:190) ~[spring-web-6.2.3.jar:6.2.3]
	at org.springframework.web.servlet.mvc.method.annotation.ServletInvocableHandlerMethod.invokeAndHandle(ServletInvocableHandlerMethod.java:118) ~[spring-webmvc-6.2.3.jar:6.2.3]
	at org.springframework.web.servlet.mvc.method.annotation.RequestMappingHandlerAdapter.invokeHandlerMethod(RequestMappingHandlerAdapter.java:986) ~[spring-webmvc-6.2.3.jar:6.2.3]
	at org.springframework.web.servlet.mvc.method.annotation.RequestMappingHandlerAdapter.handleInternal(RequestMappingHandlerAdapter.java:891) ~[spring-webmvc-6.2.3.jar:6.2.3]
	at org.springframework.web.servlet.mvc.method.AbstractHandlerMethodAdapter.handle(AbstractHandlerMethodAdapter.java:87) ~[spring-webmvc-6.2.3.jar:6.2.3]
	at org.springframework.web.servlet.DispatcherServlet.doDispatch(DispatcherServlet.java:1088) ~[spring-webmvc-6.2.3.jar:6.2.3]
	at org.springframework.web.servlet.DispatcherServlet.doService(DispatcherServlet.java:978) ~[spring-webmvc-6.2.3.jar:6.2.3]
	at org.springframework.web.servlet.FrameworkServlet.processRequest(FrameworkServlet.java:1014) ~[spring-webmvc-6.2.3.jar:6.2.3]
	at org.springframework.web.servlet.FrameworkServlet.doGet(FrameworkServlet.java:903) ~[spring-webmvc-6.2.3.jar:6.2.3]
	at jakarta.servlet.http.HttpServlet.service(HttpServlet.java:564) ~[tomcat-embed-core-10.1.36.jar:6.0]
	at org.springframework.web.servlet.FrameworkServlet.service(FrameworkServlet.java:885) ~[spring-webmvc-6.2.3.jar:6.2.3]
	at jakarta.servlet.http.HttpServlet.service(HttpServlet.java:658) ~[tomcat-embed-core-10.1.36.jar:6.0]
	at org.apache.catalina.core.ApplicationFilterChain.internalDoFilter(ApplicationFilterChain.java:195) ~[tomcat-embed-core-10.1.36.jar:10.1.36]
	at org.apache.catalina.core.ApplicationFilterChain.doFilter(ApplicationFilterChain.java:140) ~[tomcat-embed-core-10.1.36.jar:10.1.36]
	at org.apache.tomcat.websocket.server.WsFilter.doFilter(WsFilter.java:51) ~[tomcat-embed-websocket-10.1.36.jar:10.1.36]
	at org.apache.catalina.core.ApplicationFilterChain.internalDoFilter(ApplicationFilterChain.java:164) ~[tomcat-embed-core-10.1.36.jar:10.1.36]
	at org.apache.catalina.core.ApplicationFilterChain.doFilter(ApplicationFilterChain.java:140) ~[tomcat-embed-core-10.1.36.jar:10.1.36]
	at org.springframework.web.filter.RequestContextFilter.doFilterInternal(RequestContextFilter.java:100) ~[spring-web-6.2.3.jar:6.2.3]
	at org.springframework.web.filter.OncePerRequestFilter.doFilter(OncePerRequestFilter.java:116) ~[spring-web-6.2.3.jar:6.2.3]
	at org.apache.catalina.core.ApplicationFilterChain.internalDoFilter(ApplicationFilterChain.java:164) ~[tomcat-embed-core-10.1.36.jar:10.1.36]
	at org.apache.catalina.core.ApplicationFilterChain.doFilter(ApplicationFilterChain.java:140) ~[tomcat-embed-core-10.1.36.jar:10.1.36]
	at org.springframework.web.filter.FormContentFilter.doFilterInternal(FormContentFilter.java:93) ~[spring-web-6.2.3.jar:6.2.3]
	at org.springframework.web.filter.OncePerRequestFilter.doFilter(OncePerRequestFilter.java:116) ~[spring-web-6.2.3.jar:6.2.3]
	at org.apache.catalina.core.ApplicationFilterChain.internalDoFilter(ApplicationFilterChain.java:164) ~[tomcat-embed-core-10.1.36.jar:10.1.36]
	at org.apache.catalina.core.ApplicationFilterChain.doFilter(ApplicationFilterChain.java:140) ~[tomcat-embed-core-10.1.36.jar:10.1.36]
	at org.springframework.web.filter.ServerHttpObservationFilter.doFilterInternal(ServerHttpObservationFilter.java:114) ~[spring-web-6.2.3.jar:6.2.3]
	at org.springframework.web.filter.OncePerRequestFilter.doFilter(OncePerRequestFilter.java:116) ~[spring-web-6.2.3.jar:6.2.3]
	at org.apache.catalina.core.ApplicationFilterChain.internalDoFilter(ApplicationFilterChain.java:164) ~[tomcat-embed-core-10.1.36.jar:10.1.36]
	at org.apache.catalina.core.ApplicationFilterChain.doFilter(ApplicationFilterChain.java:140) ~[tomcat-embed-core-10.1.36.jar:10.1.36]
	at org.springframework.web.filter.CharacterEncodingFilter.doFilterInternal(CharacterEncodingFilter.java:201) ~[spring-web-6.2.3.jar:6.2.3]
	at org.springframework.web.filter.OncePerRequestFilter.doFilter(OncePerRequestFilter.java:116) ~[spring-web-6.2.3.jar:6.2.3]
	at org.apache.catalina.core.ApplicationFilterChain.internalDoFilter(ApplicationFilterChain.java:164) ~[tomcat-embed-core-10.1.36.jar:10.1.36]
	at org.apache.catalina.core.ApplicationFilterChain.doFilter(ApplicationFilterChain.java:140) ~[tomcat-embed-core-10.1.36.jar:10.1.36]
	at org.apache.catalina.core.StandardWrapperValve.invoke(StandardWrapperValve.java:167) ~[tomcat-embed-core-10.1.36.jar:10.1.36]
	at org.apache.catalina.core.StandardContextValve.invoke(StandardContextValve.java:90) ~[tomcat-embed-core-10.1.36.jar:10.1.36]
	at org.apache.catalina.authenticator.AuthenticatorBase.invoke(AuthenticatorBase.java:483) ~[tomcat-embed-core-10.1.36.jar:10.1.36]
	at org.apache.catalina.core.StandardHostValve.invoke(StandardHostValve.java:115) ~[tomcat-embed-core-10.1.36.jar:10.1.36]
	at org.apache.catalina.valves.ErrorReportValve.invoke(ErrorReportValve.java:93) ~[tomcat-embed-core-10.1.36.jar:10.1.36]
	at org.apache.catalina.core.StandardEngineValve.invoke(StandardEngineValve.java:74) ~[tomcat-embed-core-10.1.36.jar:10.1.36]
	at org.apache.catalina.connector.CoyoteAdapter.service(CoyoteAdapter.java:344) ~[tomcat-embed-core-10.1.36.jar:10.1.36]
	at org.apache.coyote.http11.Http11Processor.service(Http11Processor.java:397) ~[tomcat-embed-core-10.1.36.jar:10.1.36]
	at org.apache.coyote.AbstractProcessorLight.process(AbstractProcessorLight.java:63) ~[tomcat-embed-core-10.1.36.jar:10.1.36]
	at org.apache.coyote.AbstractProtocol$ConnectionHandler.process(AbstractProtocol.java:905) ~[tomcat-embed-core-10.1.36.jar:10.1.36]
	at org.apache.tomcat.util.net.NioEndpoint$SocketProcessor.doRun(NioEndpoint.java:1743) ~[tomcat-embed-core-10.1.36.jar:10.1.36]
	at org.apache.tomcat.util.net.SocketProcessorBase.run(SocketProcessorBase.java:52) ~[tomcat-embed-core-10.1.36.jar:10.1.36]
	at org.apache.tomcat.util.threads.ThreadPoolExecutor.runWorker(ThreadPoolExecutor.java:1190) ~[tomcat-embed-core-10.1.36.jar:10.1.36]
	at org.apache.tomcat.util.threads.ThreadPoolExecutor$Worker.run(ThreadPoolExecutor.java:659) ~[tomcat-embed-core-10.1.36.jar:10.1.36]
	at org.apache.tomcat.util.threads.TaskThread$WrappingRunnable.run(TaskThread.java:63) ~[tomcat-embed-core-10.1.36.jar:10.1.36]
	at java.base/java.lang.Thread.run(Thread.java:1583) ~[na:na]
2026-04-26 05:24:55.352 [http-nio-9001-exec-4] INFO  c.m.w.c.ControleVenteController - Requête de génération du contrôle des ventes - Mois: 3, Entreprise: 2026
2026-04-26 05:24:55.354 [http-nio-9001-exec-4] INFO  c.m.services.ControleVenteService - Génération du contrôle des ventes - Mois: 3, Entreprise: 2026
2026-04-26 05:24:55.359 [http-nio-9001-exec-4] ERROR c.m.e.GlobalExceptionHandler - Erreur serveur
com.mproduits.exceptions.ResourceNotFoundException: Mois non trouvé avec l'ID : 3
	at com.mproduits.services.ControleVenteService.lambda$generateControleVentes$0(ControleVenteService.java:73) ~[classes/:na]
	at java.base/java.util.Optional.orElseThrow(Optional.java:403) ~[na:na]
	at com.mproduits.services.ControleVenteService.generateControleVentes(ControleVenteService.java:73) ~[classes/:na]
	at java.base/jdk.internal.reflect.DirectMethodHandleAccessor.invoke(DirectMethodHandleAccessor.java:103) ~[na:na]
	at java.base/java.lang.reflect.Method.invoke(Method.java:580) ~[na:na]
	at org.springframework.aop.support.AopUtils.invokeJoinpointUsingReflection(AopUtils.java:359) ~[spring-aop-6.2.3.jar:6.2.3]
	at org.springframework.aop.framework.ReflectiveMethodInvocation.invokeJoinpoint(ReflectiveMethodInvocation.java:196) ~[spring-aop-6.2.3.jar:6.2.3]
	at org.springframework.aop.framework.ReflectiveMethodInvocation.proceed(ReflectiveMethodInvocation.java:163) ~[spring-aop-6.2.3.jar:6.2.3]
	at org.springframework.transaction.interceptor.TransactionAspectSupport.invokeWithinTransaction(TransactionAspectSupport.java:380) ~[spring-tx-6.2.3.jar:6.2.3]
	at org.springframework.transaction.interceptor.TransactionInterceptor.invoke(TransactionInterceptor.java:119) ~[spring-tx-6.2.3.jar:6.2.3]
	at org.springframework.aop.framework.ReflectiveMethodInvocation.proceed(ReflectiveMethodInvocation.java:184) ~[spring-aop-6.2.3.jar:6.2.3]
	at org.springframework.aop.framework.CglibAopProxy$DynamicAdvisedInterceptor.intercept(CglibAopProxy.java:727) ~[spring-aop-6.2.3.jar:6.2.3]
	at com.mproduits.services.ControleVenteService$$SpringCGLIB$$0.generateControleVentes(<generated>) ~[classes/:na]
	at com.mproduits.web.controller.ControleVenteController.generateControleVentes(ControleVenteController.java:69) ~[classes/:na]
	at java.base/jdk.internal.reflect.DirectMethodHandleAccessor.invoke(DirectMethodHandleAccessor.java:103) ~[na:na]
	at java.base/java.lang.reflect.Method.invoke(Method.java:580) ~[na:na]
	at org.springframework.web.method.support.InvocableHandlerMethod.doInvoke(InvocableHandlerMethod.java:257) ~[spring-web-6.2.3.jar:6.2.3]
	at org.springframework.web.method.support.InvocableHandlerMethod.invokeForRequest(InvocableHandlerMethod.java:190) ~[spring-web-6.2.3.jar:6.2.3]
	at org.springframework.web.servlet.mvc.method.annotation.ServletInvocableHandlerMethod.invokeAndHandle(ServletInvocableHandlerMethod.java:118) ~[spring-webmvc-6.2.3.jar:6.2.3]
	at org.springframework.web.servlet.mvc.method.annotation.RequestMappingHandlerAdapter.invokeHandlerMethod(RequestMappingHandlerAdapter.java:986) ~[spring-webmvc-6.2.3.jar:6.2.3]
	at org.springframework.web.servlet.mvc.method.annotation.RequestMappingHandlerAdapter.handleInternal(RequestMappingHandlerAdapter.java:891) ~[spring-webmvc-6.2.3.jar:6.2.3]
	at org.springframework.web.servlet.mvc.method.AbstractHandlerMethodAdapter.handle(AbstractHandlerMethodAdapter.java:87) ~[spring-webmvc-6.2.3.jar:6.2.3]
	at org.springframework.web.servlet.DispatcherServlet.doDispatch(DispatcherServlet.java:1088) ~[spring-webmvc-6.2.3.jar:6.2.3]
	at org.springframework.web.servlet.DispatcherServlet.doService(DispatcherServlet.java:978) ~[spring-webmvc-6.2.3.jar:6.2.3]
	at org.springframework.web.servlet.FrameworkServlet.processRequest(FrameworkServlet.java:1014) ~[spring-webmvc-6.2.3.jar:6.2.3]
	at org.springframework.web.servlet.FrameworkServlet.doGet(FrameworkServlet.java:903) ~[spring-webmvc-6.2.3.jar:6.2.3]
	at jakarta.servlet.http.HttpServlet.service(HttpServlet.java:564) ~[tomcat-embed-core-10.1.36.jar:6.0]
	at org.springframework.web.servlet.FrameworkServlet.service(FrameworkServlet.java:885) ~[spring-webmvc-6.2.3.jar:6.2.3]
	at jakarta.servlet.http.HttpServlet.service(HttpServlet.java:658) ~[tomcat-embed-core-10.1.36.jar:6.0]
	at org.apache.catalina.core.ApplicationFilterChain.internalDoFilter(ApplicationFilterChain.java:195) ~[tomcat-embed-core-10.1.36.jar:10.1.36]
	at org.apache.catalina.core.ApplicationFilterChain.doFilter(ApplicationFilterChain.java:140) ~[tomcat-embed-core-10.1.36.jar:10.1.36]
	at org.apache.tomcat.websocket.server.WsFilter.doFilter(WsFilter.java:51) ~[tomcat-embed-websocket-10.1.36.jar:10.1.36]
	at org.apache.catalina.core.ApplicationFilterChain.internalDoFilter(ApplicationFilterChain.java:164) ~[tomcat-embed-core-10.1.36.jar:10.1.36]
	at org.apache.catalina.core.ApplicationFilterChain.doFilter(ApplicationFilterChain.java:140) ~[tomcat-embed-core-10.1.36.jar:10.1.36]
	at org.springframework.web.filter.RequestContextFilter.doFilterInternal(RequestContextFilter.java:100) ~[spring-web-6.2.3.jar:6.2.3]
	at org.springframework.web.filter.OncePerRequestFilter.doFilter(OncePerRequestFilter.java:116) ~[spring-web-6.2.3.jar:6.2.3]
	at org.apache.catalina.core.ApplicationFilterChain.internalDoFilter(ApplicationFilterChain.java:164) ~[tomcat-embed-core-10.1.36.jar:10.1.36]
	at org.apache.catalina.core.ApplicationFilterChain.doFilter(ApplicationFilterChain.java:140) ~[tomcat-embed-core-10.1.36.jar:10.1.36]
	at org.springframework.web.filter.FormContentFilter.doFilterInternal(FormContentFilter.java:93) ~[spring-web-6.2.3.jar:6.2.3]
	at org.springframework.web.filter.OncePerRequestFilter.doFilter(OncePerRequestFilter.java:116) ~[spring-web-6.2.3.jar:6.2.3]
	at org.apache.catalina.core.ApplicationFilterChain.internalDoFilter(ApplicationFilterChain.java:164) ~[tomcat-embed-core-10.1.36.jar:10.1.36]
	at org.apache.catalina.core.ApplicationFilterChain.doFilter(ApplicationFilterChain.java:140) ~[tomcat-embed-core-10.1.36.jar:10.1.36]
	at org.springframework.web.filter.ServerHttpObservationFilter.doFilterInternal(ServerHttpObservationFilter.java:114) ~[spring-web-6.2.3.jar:6.2.3]
	at org.springframework.web.filter.OncePerRequestFilter.doFilter(OncePerRequestFilter.java:116) ~[spring-web-6.2.3.jar:6.2.3]
	at org.apache.catalina.core.ApplicationFilterChain.internalDoFilter(ApplicationFilterChain.java:164) ~[tomcat-embed-core-10.1.36.jar:10.1.36]
	at org.apache.catalina.core.ApplicationFilterChain.doFilter(ApplicationFilterChain.java:140) ~[tomcat-embed-core-10.1.36.jar:10.1.36]
	at org.springframework.web.filter.CharacterEncodingFilter.doFilterInternal(CharacterEncodingFilter.java:201) ~[spring-web-6.2.3.jar:6.2.3]
	at org.springframework.web.filter.OncePerRequestFilter.doFilter(OncePerRequestFilter.java:116) ~[spring-web-6.2.3.jar:6.2.3]
	at org.apache.catalina.core.ApplicationFilterChain.internalDoFilter(ApplicationFilterChain.java:164) ~[tomcat-embed-core-10.1.36.jar:10.1.36]
	at org.apache.catalina.core.ApplicationFilterChain.doFilter(ApplicationFilterChain.java:140) ~[tomcat-embed-core-10.1.36.jar:10.1.36]
	at org.apache.catalina.core.StandardWrapperValve.invoke(StandardWrapperValve.java:167) ~[tomcat-embed-core-10.1.36.jar:10.1.36]
	at org.apache.catalina.core.StandardContextValve.invoke(StandardContextValve.java:90) ~[tomcat-embed-core-10.1.36.jar:10.1.36]
	at org.apache.catalina.authenticator.AuthenticatorBase.invoke(AuthenticatorBase.java:483) ~[tomcat-embed-core-10.1.36.jar:10.1.36]
	at org.apache.catalina.core.StandardHostValve.invoke(StandardHostValve.java:115) ~[tomcat-embed-core-10.1.36.jar:10.1.36]
	at org.apache.catalina.valves.ErrorReportValve.invoke(ErrorReportValve.java:93) ~[tomcat-embed-core-10.1.36.jar:10.1.36]
	at org.apache.catalina.core.StandardEngineValve.invoke(StandardEngineValve.java:74) ~[tomcat-embed-core-10.1.36.jar:10.1.36]
	at org.apache.catalina.connector.CoyoteAdapter.service(CoyoteAdapter.java:344) ~[tomcat-embed-core-10.1.36.jar:10.1.36]
	at org.apache.coyote.http11.Http11Processor.service(Http11Processor.java:397) ~[tomcat-embed-core-10.1.36.jar:10.1.36]
	at org.apache.coyote.AbstractProcessorLight.process(AbstractProcessorLight.java:63) ~[tomcat-embed-core-10.1.36.jar:10.1.36]
	at org.apache.coyote.AbstractProtocol$ConnectionHandler.process(AbstractProtocol.java:905) ~[tomcat-embed-core-10.1.36.jar:10.1.36]
	at org.apache.tomcat.util.net.NioEndpoint$SocketProcessor.doRun(NioEndpoint.java:1743) ~[tomcat-embed-core-10.1.36.jar:10.1.36]
	at org.apache.tomcat.util.net.SocketProcessorBase.run(SocketProcessorBase.java:52) ~[tomcat-embed-core-10.1.36.jar:10.1.36]
	at org.apache.tomcat.util.threads.ThreadPoolExecutor.runWorker(ThreadPoolExecutor.java:1190) ~[tomcat-embed-core-10.1.36.jar:10.1.36]
	at org.apache.tomcat.util.threads.ThreadPoolExecutor$Worker.run(ThreadPoolExecutor.java:659) ~[tomcat-embed-core-10.1.36.jar:10.1.36]
	at org.apache.tomcat.util.threads.TaskThread$WrappingRunnable.run(TaskThread.java:63) ~[tomcat-embed-core-10.1.36.jar:10.1.36]
	at java.base/java.lang.Thread.run(Thread.java:1583) ~[na:na]
2026-04-26 05:26:46.959 [http-nio-9001-exec-5] INFO  c.m.w.c.ControleVenteController - Requête de génération du contrôle des ventes - Mois: 2, Entreprise: 2026
2026-04-26 05:26:46.961 [http-nio-9001-exec-5] INFO  c.m.services.ControleVenteService - Génération du contrôle des ventes - Mois: 2, Entreprise: 2026
2026-04-26 05:26:46.971 [http-nio-9001-exec-5] DEBUG c.m.services.ControleVenteService - Collecte de 0 dates distinctes avec opérations
2026-04-26 05:26:46.971 [http-nio-9001-exec-5] INFO  c.m.services.ControleVenteService - Contrôle des ventes généré : 0 jours avec des opérations
2026-04-26 05:26:51.965 [http-nio-9001-exec-6] INFO  c.m.w.c.ControleVenteController - Requête de génération du contrôle des ventes - Mois: 3, Entreprise: 2026
2026-04-26 05:26:51.967 [http-nio-9001-exec-6] INFO  c.m.services.ControleVenteService - Génération du contrôle des ventes - Mois: 3, Entreprise: 2026
2026-04-26 05:26:51.983 [http-nio-9001-exec-6] DEBUG c.m.services.ControleVenteService - Collecte de 0 dates distinctes avec opérations
2026-04-26 05:26:51.983 [http-nio-9001-exec-6] INFO  c.m.services.ControleVenteService - Contrôle des ventes généré : 0 jours avec des opérations
2026-04-26 05:26:55.493 [http-nio-9001-exec-7] INFO  c.m.w.c.ControleVenteController - Requête de génération du contrôle des ventes - Mois: 4, Entreprise: 2026
2026-04-26 05:26:55.495 [http-nio-9001-exec-7] INFO  c.m.services.ControleVenteService - Génération du contrôle des ventes - Mois: 4, Entreprise: 2026
2026-04-26 05:26:55.514 [http-nio-9001-exec-7] DEBUG c.m.services.ControleVenteService - Collecte de 2 dates distinctes avec opérations
2026-04-26 05:26:55.514 [http-nio-9001-exec-7] DEBUG c.m.services.ControleVenteService - Génération du contrôle pour la date : 2026-04-26
2026-04-26 05:26:55.514 [http-nio-9001-exec-7] DEBUG c.m.services.ControleVenteService - Génération du contrôle pour la date : 2026-04-23
2026-04-26 05:26:55.514 [http-nio-9001-exec-7] INFO  c.m.services.ControleVenteService - Contrôle des ventes généré : 2 jours avec des opérations
2026-04-26 05:26:55.524 [http-nio-9001-exec-9] ERROR c.m.e.GlobalExceptionHandler - Erreur serveur
org.springframework.web.bind.MissingServletRequestParameterException: Required request parameter 'anneeid' for method parameter type int is not present
	at org.springframework.web.method.annotation.RequestParamMethodArgumentResolver.handleMissingValueInternal(RequestParamMethodArgumentResolver.java:220) ~[spring-web-6.2.3.jar:6.2.3]
	at org.springframework.web.method.annotation.RequestParamMethodArgumentResolver.handleMissingValue(RequestParamMethodArgumentResolver.java:196) ~[spring-web-6.2.3.jar:6.2.3]
	at org.springframework.web.method.annotation.AbstractNamedValueMethodArgumentResolver.resolveArgument(AbstractNamedValueMethodArgumentResolver.java:125) ~[spring-web-6.2.3.jar:6.2.3]
	at org.springframework.web.method.support.HandlerMethodArgumentResolverComposite.resolveArgument(HandlerMethodArgumentResolverComposite.java:122) ~[spring-web-6.2.3.jar:6.2.3]
	at org.springframework.web.method.support.InvocableHandlerMethod.getMethodArgumentValues(InvocableHandlerMethod.java:226) ~[spring-web-6.2.3.jar:6.2.3]
	at org.springframework.web.method.support.InvocableHandlerMethod.invokeForRequest(InvocableHandlerMethod.java:180) ~[spring-web-6.2.3.jar:6.2.3]
	at org.springframework.web.servlet.mvc.method.annotation.ServletInvocableHandlerMethod.invokeAndHandle(ServletInvocableHandlerMethod.java:118) ~[spring-webmvc-6.2.3.jar:6.2.3]
	at org.springframework.web.servlet.mvc.method.annotation.RequestMappingHandlerAdapter.invokeHandlerMethod(RequestMappingHandlerAdapter.java:986) ~[spring-webmvc-6.2.3.jar:6.2.3]
	at org.springframework.web.servlet.mvc.method.annotation.RequestMappingHandlerAdapter.handleInternal(RequestMappingHandlerAdapter.java:891) ~[spring-webmvc-6.2.3.jar:6.2.3]
	at org.springframework.web.servlet.mvc.method.AbstractHandlerMethodAdapter.handle(AbstractHandlerMethodAdapter.java:87) ~[spring-webmvc-6.2.3.jar:6.2.3]
	at org.springframework.web.servlet.DispatcherServlet.doDispatch(DispatcherServlet.java:1088) ~[spring-webmvc-6.2.3.jar:6.2.3]
	at org.springframework.web.servlet.DispatcherServlet.doService(DispatcherServlet.java:978) ~[spring-webmvc-6.2.3.jar:6.2.3]
	at org.springframework.web.servlet.FrameworkServlet.processRequest(FrameworkServlet.java:1014) ~[spring-webmvc-6.2.3.jar:6.2.3]
	at org.springframework.web.servlet.FrameworkServlet.doGet(FrameworkServlet.java:903) ~[spring-webmvc-6.2.3.jar:6.2.3]
	at jakarta.servlet.http.HttpServlet.service(HttpServlet.java:564) ~[tomcat-embed-core-10.1.36.jar:6.0]
	at org.springframework.web.servlet.FrameworkServlet.service(FrameworkServlet.java:885) ~[spring-webmvc-6.2.3.jar:6.2.3]
	at jakarta.servlet.http.HttpServlet.service(HttpServlet.java:658) ~[tomcat-embed-core-10.1.36.jar:6.0]
	at org.apache.catalina.core.ApplicationFilterChain.internalDoFilter(ApplicationFilterChain.java:195) ~[tomcat-embed-core-10.1.36.jar:10.1.36]
	at org.apache.catalina.core.ApplicationFilterChain.doFilter(ApplicationFilterChain.java:140) ~[tomcat-embed-core-10.1.36.jar:10.1.36]
	at org.apache.tomcat.websocket.server.WsFilter.doFilter(WsFilter.java:51) ~[tomcat-embed-websocket-10.1.36.jar:10.1.36]
	at org.apache.catalina.core.ApplicationFilterChain.internalDoFilter(ApplicationFilterChain.java:164) ~[tomcat-embed-core-10.1.36.jar:10.1.36]
	at org.apache.catalina.core.ApplicationFilterChain.doFilter(ApplicationFilterChain.java:140) ~[tomcat-embed-core-10.1.36.jar:10.1.36]
	at org.springframework.web.filter.RequestContextFilter.doFilterInternal(RequestContextFilter.java:100) ~[spring-web-6.2.3.jar:6.2.3]
	at org.springframework.web.filter.OncePerRequestFilter.doFilter(OncePerRequestFilter.java:116) ~[spring-web-6.2.3.jar:6.2.3]
	at org.apache.catalina.core.ApplicationFilterChain.internalDoFilter(ApplicationFilterChain.java:164) ~[tomcat-embed-core-10.1.36.jar:10.1.36]
	at org.apache.catalina.core.ApplicationFilterChain.doFilter(ApplicationFilterChain.java:140) ~[tomcat-embed-core-10.1.36.jar:10.1.36]
	at org.springframework.web.filter.FormContentFilter.doFilterInternal(FormContentFilter.java:93) ~[spring-web-6.2.3.jar:6.2.3]
	at org.springframework.web.filter.OncePerRequestFilter.doFilter(OncePerRequestFilter.java:116) ~[spring-web-6.2.3.jar:6.2.3]
	at org.apache.catalina.core.ApplicationFilterChain.internalDoFilter(ApplicationFilterChain.java:164) ~[tomcat-embed-core-10.1.36.jar:10.1.36]
	at org.apache.catalina.core.ApplicationFilterChain.doFilter(ApplicationFilterChain.java:140) ~[tomcat-embed-core-10.1.36.jar:10.1.36]
	at org.springframework.web.filter.ServerHttpObservationFilter.doFilterInternal(ServerHttpObservationFilter.java:114) ~[spring-web-6.2.3.jar:6.2.3]
	at org.springframework.web.filter.OncePerRequestFilter.doFilter(OncePerRequestFilter.java:116) ~[spring-web-6.2.3.jar:6.2.3]
	at org.apache.catalina.core.ApplicationFilterChain.internalDoFilter(ApplicationFilterChain.java:164) ~[tomcat-embed-core-10.1.36.jar:10.1.36]
	at org.apache.catalina.core.ApplicationFilterChain.doFilter(ApplicationFilterChain.java:140) ~[tomcat-embed-core-10.1.36.jar:10.1.36]
	at org.springframework.web.filter.CharacterEncodingFilter.doFilterInternal(CharacterEncodingFilter.java:201) ~[spring-web-6.2.3.jar:6.2.3]
	at org.springframework.web.filter.OncePerRequestFilter.doFilter(OncePerRequestFilter.java:116) ~[spring-web-6.2.3.jar:6.2.3]
	at org.apache.catalina.core.ApplicationFilterChain.internalDoFilter(ApplicationFilterChain.java:164) ~[tomcat-embed-core-10.1.36.jar:10.1.36]
	at org.apache.catalina.core.ApplicationFilterChain.doFilter(ApplicationFilterChain.java:140) ~[tomcat-embed-core-10.1.36.jar:10.1.36]
	at org.apache.catalina.core.StandardWrapperValve.invoke(StandardWrapperValve.java:167) ~[tomcat-embed-core-10.1.36.jar:10.1.36]
	at org.apache.catalina.core.StandardContextValve.invoke(StandardContextValve.java:90) ~[tomcat-embed-core-10.1.36.jar:10.1.36]
	at org.apache.catalina.authenticator.AuthenticatorBase.invoke(AuthenticatorBase.java:483) ~[tomcat-embed-core-10.1.36.jar:10.1.36]
	at org.apache.catalina.core.StandardHostValve.invoke(StandardHostValve.java:115) ~[tomcat-embed-core-10.1.36.jar:10.1.36]
	at org.apache.catalina.valves.ErrorReportValve.invoke(ErrorReportValve.java:93) ~[tomcat-embed-core-10.1.36.jar:10.1.36]
	at org.apache.catalina.core.StandardEngineValve.invoke(StandardEngineValve.java:74) ~[tomcat-embed-core-10.1.36.jar:10.1.36]
	at org.apache.catalina.connector.CoyoteAdapter.service(CoyoteAdapter.java:344) ~[tomcat-embed-core-10.1.36.jar:10.1.36]
	at org.apache.coyote.http11.Http11Processor.service(Http11Processor.java:397) ~[tomcat-embed-core-10.1.36.jar:10.1.36]
	at org.apache.coyote.AbstractProcessorLight.process(AbstractProcessorLight.java:63) ~[tomcat-embed-core-10.1.36.jar:10.1.36]
	at org.apache.coyote.AbstractProtocol$ConnectionHandler.process(AbstractProtocol.java:905) ~[tomcat-embed-core-10.1.36.jar:10.1.36]
	at org.apache.tomcat.util.net.NioEndpoint$SocketProcessor.doRun(NioEndpoint.java:1743) ~[tomcat-embed-core-10.1.36.jar:10.1.36]
	at org.apache.tomcat.util.net.SocketProcessorBase.run(SocketProcessorBase.java:52) ~[tomcat-embed-core-10.1.36.jar:10.1.36]
	at org.apache.tomcat.util.threads.ThreadPoolExecutor.runWorker(ThreadPoolExecutor.java:1190) ~[tomcat-embed-core-10.1.36.jar:10.1.36]
	at org.apache.tomcat.util.threads.ThreadPoolExecutor$Worker.run(ThreadPoolExecutor.java:659) ~[tomcat-embed-core-10.1.36.jar:10.1.36]
	at org.apache.tomcat.util.threads.TaskThread$WrappingRunnable.run(TaskThread.java:63) ~[tomcat-embed-core-10.1.36.jar:10.1.36]
	at java.base/java.lang.Thread.run(Thread.java:1583) ~[na:na]
