2026-07-29T11:41:48.617+01:00  INFO 9164 --- [microservice-admin] [main] [                                                 ] s.service_admin.ServiceAdminApplication  : Started ServiceAdminApplication in 31.959 seconds (process running for 32.429)
2026-07-29T11:41:48.615+01:00  INFO 9164 --- [microservice-admin] [DiscoveryClient-InstanceInfoReplicator-%d] [                                                 ] com.netflix.discovery.DiscoveryClient    : DiscoveryClient_MICROSERVICE-ADMIN/DLA-HO-LP-013.zenitheins0.net:microservice-admin:9008 - registration status: 204
2026-07-29T11:41:48.788+01:00 DEBUG 9164 --- [microservice-admin] [main] [                                                 ] o.s.b.a.ApplicationAvailabilityBean      : Application availability state LivenessState changed to CORRECT
2026-07-29T11:41:48.796+01:00 DEBUG 9164 --- [microservice-admin] [main] [                                                 ] o.s.orm.jpa.JpaTransactionManager        : Creating new transaction with name [sid.service_admin.service.InitiationDb.addIndicatifPays]: PROPAGATION_REQUIRED,ISOLATION_DEFAULT
2026-07-29T11:41:48.797+01:00 DEBUG 9164 --- [microservice-admin] [main] [                                                 ] o.s.orm.jpa.JpaTransactionManager        : Opened new EntityManager [SessionImpl(1403442684<open>)] for JPA transaction
2026-07-29T11:41:48.801+01:00 DEBUG 9164 --- [microservice-admin] [main] [                                                 ] o.h.e.t.internal.TransactionImpl         : On TransactionImpl creation, JpaCompliance#isJpaTransactionComplianceEnabled == false
2026-07-29T11:41:48.801+01:00 DEBUG 9164 --- [microservice-admin] [main] [                                                 ] o.h.e.t.internal.TransactionImpl         : begin
2026-07-29T11:41:48.805+01:00 DEBUG 9164 --- [microservice-admin] [main] [                                                 ] o.s.orm.jpa.JpaTransactionManager        : Exposing JPA transaction as JDBC [org.springframework.orm.jpa.vendor.HibernateJpaDialect$HibernateConnectionHandle@797bcf4]
2026-07-29T11:41:48.805+01:00 TRACE 9164 --- [microservice-admin] [main] [                                                 ] o.s.t.i.TransactionInterceptor           : Getting transaction for [sid.service_admin.service.InitiationDb.addIndicatifPays]
2026-07-29T11:41:48.809+01:00 DEBUG 9164 --- [microservice-admin] [main] [                                                 ] o.s.orm.jpa.JpaTransactionManager        : Found thread-bound EntityManager [SessionImpl(1403442684<open>)] for JPA transaction
2026-07-29T11:41:48.809+01:00 DEBUG 9164 --- [microservice-admin] [main] [                                                 ] o.s.orm.jpa.JpaTransactionManager        : Participating in existing transaction
2026-07-29T11:41:48.809+01:00 TRACE 9164 --- [microservice-admin] [main] [                                                 ] o.s.t.i.TransactionInterceptor           : Getting transaction for [org.springframework.data.jpa.repository.support.SimpleJpaRepository.findAll]
2026-07-29T11:41:48.866+01:00 DEBUG 9164 --- [microservice-admin] [main] [                                                 ] org.hibernate.orm.sql.ast.create         : Created new SQL alias : i1_0
2026-07-29T11:41:48.867+01:00 DEBUG 9164 --- [microservice-admin] [main] [                                                 ] org.hibernate.orm.sql.ast.create         : Registration of TableGroup [StandardTableGroup(sid.service_admin.model.Indicatifpays(67))] with identifierForTableGroup [sid.service_admin.model.Indicatifpays] for NavigablePath [sid.service_admin.model.Indicatifpays] 
2026-07-29T11:41:48.877+01:00 DEBUG 9164 --- [microservice-admin] [main] [                                                 ] org.hibernate.orm.results.graph.AST      : DomainResult Graph:
 \-EntityResultImpl [sid.service_admin.model.Indicatifpays(67)]
 |  \-BasicFetch [sid.service_admin.model.Indicatifpays(67).indicatif]

2026-07-29T11:41:48.877+01:00 DEBUG 9164 --- [microservice-admin] [main] [                                                 ] org.hibernate.orm.sql.ast.tree           : SQL AST Tree:
    SelectStatement {
      FromClause {
        StandardTableGroup (i1 : sid.service_admin.model.Indicatifpays(67)) {
          primaryTableReference : indicatifpays as i1_0
        }
      }
    }

2026-07-29T11:41:48.894+01:00 DEBUG 9164 --- [microservice-admin] [main] [                                                 ] org.hibernate.orm.sql.exec               : Skipping reading Query result cache data: cache-enabled = false, cache-mode = NORMAL
2026-07-29T11:41:48.899+01:00 DEBUG 9164 --- [microservice-admin] [main] [                                                 ] org.hibernate.SQL                        : select i1_0.id,i1_0.indicatif from indicatifpays i1_0
2026-07-29T11:41:48.923+01:00 DEBUG 9164 --- [microservice-admin] [main] [                                                 ] org.hibernate.orm.results                : Initializer list:
	  sid.service_admin.model.Indicatifpays(67) -> EntityJoinedFetchInitializer(sid.service_admin.model.Indicatifpays(67))@1713662155 (SingleTableEntityPersister(sid.service_admin.model.Indicatifpays))

2026-07-29T11:41:48.950+01:00 TRACE 9164 --- [microservice-admin] [main] [                                                 ] o.s.t.i.TransactionInterceptor           : Completing transaction for [org.springframework.data.jpa.repository.support.SimpleJpaRepository.findAll]
2026-07-29T11:41:48.950+01:00 TRACE 9164 --- [microservice-admin] [main] [                                                 ] o.s.t.i.TransactionInterceptor           : Completing transaction for [sid.service_admin.service.InitiationDb.addIndicatifPays]
2026-07-29T11:41:48.950+01:00 DEBUG 9164 --- [microservice-admin] [main] [                                                 ] o.s.orm.jpa.JpaTransactionManager        : Initiating transaction commit
2026-07-29T11:41:48.951+01:00 DEBUG 9164 --- [microservice-admin] [main] [                                                 ] o.s.orm.jpa.JpaTransactionManager        : Committing JPA transaction on EntityManager [SessionImpl(1403442684<open>)]
2026-07-29T11:41:48.951+01:00 DEBUG 9164 --- [microservice-admin] [main] [                                                 ] o.h.e.t.internal.TransactionImpl         : committing
2026-07-29T11:41:48.952+01:00 DEBUG 9164 --- [microservice-admin] [main] [                                                 ] o.h.e.i.AbstractFlushingEventListener    : Processing flush-time cascades
2026-07-29T11:41:48.958+01:00 DEBUG 9164 --- [microservice-admin] [main] [                                                 ] o.h.e.i.AbstractFlushingEventListener    : Dirty checking collections
2026-07-29T11:41:48.967+01:00 DEBUG 9164 --- [microservice-admin] [main] [                                                 ] o.h.e.i.AbstractFlushingEventListener    : Flushed: 0 insertions, 0 updates, 0 deletions to 1 objects
2026-07-29T11:41:48.967+01:00 DEBUG 9164 --- [microservice-admin] [main] [                                                 ] o.h.e.i.AbstractFlushingEventListener    : Flushed: 0 (re)creations, 0 updates, 0 removals to 0 collections
2026-07-29T11:41:48.968+01:00 DEBUG 9164 --- [microservice-admin] [main] [                                                 ] o.hibernate.internal.util.EntityPrinter  : Listing entities:
2026-07-29T11:41:48.970+01:00 DEBUG 9164 --- [microservice-admin] [main] [                                                 ] o.hibernate.internal.util.EntityPrinter  : sid.service_admin.model.Indicatifpays{indicatif=237, id=1}
2026-07-29T11:41:48.974+01:00 DEBUG 9164 --- [microservice-admin] [main] [                                                 ] o.s.orm.jpa.JpaTransactionManager        : Closing JPA EntityManager [SessionImpl(1403442684<open>)] after transaction
2026-07-29T11:41:48.975+01:00 DEBUG 9164 --- [microservice-admin] [main] [                                                 ] o.s.orm.jpa.JpaTransactionManager        : Creating new transaction with name [sid.service_admin.service.InitiationDb.getAllPays]: PROPAGATION_REQUIRED,ISOLATION_DEFAULT
2026-07-29T11:41:48.975+01:00 DEBUG 9164 --- [microservice-admin] [main] [                                                 ] o.s.orm.jpa.JpaTransactionManager        : Opened new EntityManager [SessionImpl(1222936867<open>)] for JPA transaction
2026-07-29T11:41:48.976+01:00 DEBUG 9164 --- [microservice-admin] [main] [                                                 ] o.h.e.t.internal.TransactionImpl         : On TransactionImpl creation, JpaCompliance#isJpaTransactionComplianceEnabled == false
2026-07-29T11:41:48.976+01:00 DEBUG 9164 --- [microservice-admin] [main] [                                                 ] o.h.e.t.internal.TransactionImpl         : begin
2026-07-29T11:41:48.977+01:00 DEBUG 9164 --- [microservice-admin] [main] [                                                 ] o.s.orm.jpa.JpaTransactionManager        : Exposing JPA transaction as JDBC [org.springframework.orm.jpa.vendor.HibernateJpaDialect$HibernateConnectionHandle@233c4b40]
2026-07-29T11:41:48.977+01:00 TRACE 9164 --- [microservice-admin] [main] [                                                 ] o.s.t.i.TransactionInterceptor           : Getting transaction for [sid.service_admin.service.InitiationDb.getAllPays]
2026-07-29T11:41:48.977+01:00 DEBUG 9164 --- [microservice-admin] [main] [                                                 ] o.s.orm.jpa.JpaTransactionManager        : Found thread-bound EntityManager [SessionImpl(1222936867<open>)] for JPA transaction
2026-07-29T11:41:48.978+01:00 DEBUG 9164 --- [microservice-admin] [main] [                                                 ] o.s.orm.jpa.JpaTransactionManager        : Participating in existing transaction
2026-07-29T11:41:48.978+01:00 TRACE 9164 --- [microservice-admin] [main] [                                                 ] o.s.t.i.TransactionInterceptor           : Getting transaction for [org.springframework.data.jpa.repository.support.SimpleJpaRepository.findAll]
2026-07-29T11:41:48.979+01:00 DEBUG 9164 --- [microservice-admin] [main] [                                                 ] org.hibernate.orm.sql.ast.create         : Created new SQL alias : p1_0
2026-07-29T11:41:48.979+01:00 DEBUG 9164 --- [microservice-admin] [main] [                                                 ] org.hibernate.orm.sql.ast.create         : Registration of TableGroup [StandardTableGroup(sid.service_admin.model.Pays(68))] with identifierForTableGroup [sid.service_admin.model.Pays] for NavigablePath [sid.service_admin.model.Pays] 
2026-07-29T11:41:48.980+01:00 DEBUG 9164 --- [microservice-admin] [main] [                                                 ] org.hibernate.orm.results.graph.AST      : DomainResult Graph:
 \-EntityResultImpl [sid.service_admin.model.Pays(68)]
 |  +-BasicFetch [sid.service_admin.model.Pays(68).code]
 |  +-BasicFetch [sid.service_admin.model.Pays(68).continent]
 |  +-BasicFetch [sid.service_admin.model.Pays(68).libelle]
 |  +-BasicFetch [sid.service_admin.model.Pays(68).libelleAnglais]
 |  \-DelayedCollectionFetch [sid.service_admin.model.Pays(68).personneList]

2026-07-29T11:41:48.980+01:00 DEBUG 9164 --- [microservice-admin] [main] [                                                 ] org.hibernate.orm.sql.ast.tree           : SQL AST Tree:
    SelectStatement {
      FromClause {
        StandardTableGroup (p1 : sid.service_admin.model.Pays(68)) {
          primaryTableReference : pays as p1_0
        }
      }
    }

2026-07-29T11:41:48.980+01:00 DEBUG 9164 --- [microservice-admin] [main] [                                                 ] org.hibernate.orm.sql.exec               : Skipping reading Query result cache data: cache-enabled = false, cache-mode = NORMAL
2026-07-29T11:41:48.980+01:00 DEBUG 9164 --- [microservice-admin] [main] [                                                 ] org.hibernate.SQL                        : select p1_0.id,p1_0.code,p1_0.continent,p1_0.libelle,p1_0.libelle_anglais from pays p1_0
2026-07-29T11:41:48.986+01:00 DEBUG 9164 --- [microservice-admin] [main] [                                                 ] org.hibernate.orm.results                : Initializer list:
	  sid.service_admin.model.Pays(68).personneList -> DelayedCollectionInitializer(sid.service_admin.model.Pays(68).personneList)@11458750 (PluralAttribute(sid.service_admin.model.Pays.personneList))
	  sid.service_admin.model.Pays(68) -> EntityJoinedFetchInitializer(sid.service_admin.model.Pays(68))@1148442672 (SingleTableEntityPersister(sid.service_admin.model.Pays))

2026-07-29T11:41:49.019+01:00 TRACE 9164 --- [microservice-admin] [main] [                                                 ] o.s.t.i.TransactionInterceptor           : Completing transaction for [org.springframework.data.jpa.repository.support.SimpleJpaRepository.findAll]
2026-07-29T11:41:49.019+01:00 TRACE 9164 --- [microservice-admin] [main] [                                                 ] o.s.t.i.TransactionInterceptor           : Completing transaction for [sid.service_admin.service.InitiationDb.getAllPays]
2026-07-29T11:41:49.020+01:00 DEBUG 9164 --- [microservice-admin] [main] [                                                 ] o.s.orm.jpa.JpaTransactionManager        : Initiating transaction commit
2026-07-29T11:41:49.020+01:00 DEBUG 9164 --- [microservice-admin] [main] [                                                 ] o.s.orm.jpa.JpaTransactionManager        : Committing JPA transaction on EntityManager [SessionImpl(1222936867<open>)]
2026-07-29T11:41:49.020+01:00 DEBUG 9164 --- [microservice-admin] [main] [                                                 ] o.h.e.t.internal.TransactionImpl         : committing
2026-07-29T11:41:49.020+01:00 DEBUG 9164 --- [microservice-admin] [main] [                                                 ] o.h.e.i.AbstractFlushingEventListener    : Processing flush-time cascades
2026-07-29T11:41:49.020+01:00 DEBUG 9164 --- [microservice-admin] [main] [                                                 ] o.h.e.i.AbstractFlushingEventListener    : Dirty checking collections
2026-07-29T11:41:49.028+01:00 DEBUG 9164 --- [microservice-admin] [main] [                                                 ] o.hibernate.engine.internal.Collections  : Collection found: [sid.service_admin.model.Pays.personneList#1], was: [sid.service_admin.model.Pays.personneList#1] (uninitialized)
2026-07-29T11:41:49.028+01:00 DEBUG 9164 --- [microservice-admin] [main] [                                                 ] o.hibernate.engine.internal.Collections  : Collection found: [sid.service_admin.model.Pays.personneList#2], was: [sid.service_admin.model.Pays.personneList#2] (uninitialized)
2026-07-29T11:41:49.028+01:00 DEBUG 9164 --- [microservice-admin] [main] [                                                 ] o.hibernate.engine.internal.Collections  : Collection found: [sid.service_admin.model.Pays.personneList#3], was: [sid.service_admin.model.Pays.personneList#3] (uninitialized)
2026-07-29T11:41:49.028+01:00 DEBUG 9164 --- [microservice-admin] [main] [                                                 ] o.hibernate.engine.internal.Collections  : Collection found: [sid.service_admin.model.Pays.personneList#4], was: [sid.service_admin.model.Pays.personneList#4] (uninitialized)
2026-07-29T11:41:49.028+01:00 DEBUG 9164 --- [microservice-admin] [main] [                                                 ] o.hibernate.engine.internal.Collections  : Collection found: [sid.service_admin.model.Pays.personneList#5], was: [sid.service_admin.model.Pays.personneList#5] (uninitialized)
2026-07-29T11:41:49.029+01:00 DEBUG 9164 --- [microservice-admin] [main] [                                                 ] o.hibernate.engine.internal.Collections  : Collection found: [sid.service_admin.model.Pays.personneList#6], was: [sid.service_admin.model.Pays.personneList#6] (uninitialized)
2026-07-29T11:41:49.029+01:00 DEBUG 9164 --- [microservice-admin] [main] [                                                 ] o.hibernate.engine.internal.Collections  : Collection found: [sid.service_admin.model.Pays.personneList#7], was: [sid.service_admin.model.Pays.personneList#7] (uninitialized)
2026-07-29T11:41:49.029+01:00 DEBUG 9164 --- [microservice-admin] [main] [                                                 ] o.hibernate.engine.internal.Collections  : Collection found: [sid.service_admin.model.Pays.personneList#8], was: [sid.service_admin.model.Pays.personneList#8] (uninitialized)
2026-07-29T11:41:49.029+01:00 DEBUG 9164 --- [microservice-admin] [main] [                                                 ] o.hibernate.engine.internal.Collections  : Collection found: [sid.service_admin.model.Pays.personneList#9], was: [sid.service_admin.model.Pays.personneList#9] (uninitialized)
2026-07-29T11:41:49.029+01:00 DEBUG 9164 --- [microservice-admin] [main] [                                                 ] o.hibernate.engine.internal.Collections  : Collection found: [sid.service_admin.model.Pays.personneList#10], was: [sid.service_admin.model.Pays.personneList#10] (uninitialized)
2026-07-29T11:41:49.030+01:00 DEBUG 9164 --- [microservice-admin] [main] [                                                 ] o.hibernate.engine.internal.Collections  : Collection found: [sid.service_admin.model.Pays.personneList#11], was: [sid.service_admin.model.Pays.personneList#11] (uninitialized)
2026-07-29T11:41:49.030+01:00 DEBUG 9164 --- [microservice-admin] [main] [                                                 ] o.hibernate.engine.internal.Collections  : Collection found: [sid.service_admin.model.Pays.personneList#12], was: [sid.service_admin.model.Pays.personneList#12] (uninitialized)
2026-07-29T11:41:49.030+01:00 DEBUG 9164 --- [microservice-admin] [main] [                                                 ] o.hibernate.engine.internal.Collections  : Collection found: [sid.service_admin.model.Pays.personneList#13], was: [sid.service_admin.model.Pays.personneList#13] (uninitialized)
2026-07-29T11:41:49.030+01:00 DEBUG 9164 --- [microservice-admin] [main] [                                                 ] o.hibernate.engine.internal.Collections  : Collection found: [sid.service_admin.model.Pays.personneList#14], was: [sid.service_admin.model.Pays.personneList#14] (uninitialized)
2026-07-29T11:41:49.030+01:00 DEBUG 9164 --- [microservice-admin] [main] [                                                 ] o.hibernate.engine.internal.Collections  : Collection found: [sid.service_admin.model.Pays.personneList#15], was: [sid.service_admin.model.Pays.personneList#15] (uninitialized)
2026-07-29T11:41:49.030+01:00 DEBUG 9164 --- [microservice-admin] [main] [                                                 ] o.hibernate.engine.internal.Collections  : Collection found: [sid.service_admin.model.Pays.personneList#16], was: [sid.service_admin.model.Pays.personneList#16] (uninitialized)
2026-07-29T11:41:49.031+01:00 DEBUG 9164 --- [microservice-admin] [main] [                                                 ] o.hibernate.engine.internal.Collections  : Collection found: [sid.service_admin.model.Pays.personneList#17], was: [sid.service_admin.model.Pays.personneList#17] (uninitialized)
2026-07-29T11:41:49.031+01:00 DEBUG 9164 --- [microservice-admin] [main] [                                                 ] o.hibernate.engine.internal.Collections  : Collection found: [sid.service_admin.model.Pays.personneList#18], was: [sid.service_admin.model.Pays.personneList#18] (uninitialized)
2026-07-29T11:41:49.031+01:00 DEBUG 9164 --- [microservice-admin] [main] [                                                 ] o.hibernate.engine.internal.Collections  : Collection found: [sid.service_admin.model.Pays.personneList#19], was: [sid.service_admin.model.Pays.personneList#19] (uninitialized)
2026-07-29T11:41:49.031+01:00 DEBUG 9164 --- [microservice-admin] [main] [                                                 ] o.hibernate.engine.internal.Collections  : Collection found: [sid.service_admin.model.Pays.personneList#20], was: [sid.service_admin.model.Pays.personneList#20] (uninitialized)
2026-07-29T11:41:49.031+01:00 DEBUG 9164 --- [microservice-admin] [main] [                                                 ] o.hibernate.engine.internal.Collections  : Collection found: [sid.service_admin.model.Pays.personneList#21], was: [sid.service_admin.model.Pays.personneList#21] (uninitialized)
2026-07-29T11:41:49.031+01:00 DEBUG 9164 --- [microservice-admin] [main] [                                                 ] o.hibernate.engine.internal.Collections  : Collection found: [sid.service_admin.model.Pays.personneList#22], was: [sid.service_admin.model.Pays.personneList#22] (uninitialized)
2026-07-29T11:41:49.032+01:00 DEBUG 9164 --- [microservice-admin] [main] [                                                 ] o.hibernate.engine.internal.Collections  : Collection found: [sid.service_admin.model.Pays.personneList#23], was: [sid.service_admin.model.Pays.personneList#23] (uninitialized)
2026-07-29T11:41:49.032+01:00 DEBUG 9164 --- [microservice-admin] [main] [                                                 ] o.hibernate.engine.internal.Collections  : Collection found: [sid.service_admin.model.Pays.personneList#24], was: [sid.service_admin.model.Pays.personneList#24] (uninitialized)
2026-07-29T11:41:49.032+01:00 DEBUG 9164 --- [microservice-admin] [main] [                                                 ] o.hibernate.engine.internal.Collections  : Collection found: [sid.service_admin.model.Pays.personneList#25], was: [sid.service_admin.model.Pays.personneList#25] (uninitialized)
2026-07-29T11:41:49.032+01:00 DEBUG 9164 --- [microservice-admin] [main] [                                                 ] o.hibernate.engine.internal.Collections  : Collection found: [sid.service_admin.model.Pays.personneList#26], was: [sid.service_admin.model.Pays.personneList#26] (uninitialized)
2026-07-29T11:41:49.032+01:00 DEBUG 9164 --- [microservice-admin] [main] [                                                 ] o.hibernate.engine.internal.Collections  : Collection found: [sid.service_admin.model.Pays.personneList#27], was: [sid.service_admin.model.Pays.personneList#27] (uninitialized)
2026-07-29T11:41:49.032+01:00 DEBUG 9164 --- [microservice-admin] [main] [                                                 ] o.hibernate.engine.internal.Collections  : Collection found: [sid.service_admin.model.Pays.personneList#28], was: [sid.service_admin.model.Pays.personneList#28] (uninitialized)
2026-07-29T11:41:49.033+01:00 DEBUG 9164 --- [microservice-admin] [main] [                                                 ] o.hibernate.engine.internal.Collections  : Collection found: [sid.service_admin.model.Pays.personneList#29], was: [sid.service_admin.model.Pays.personneList#29] (uninitialized)
2026-07-29T11:41:49.033+01:00 DEBUG 9164 --- [microservice-admin] [main] [                                                 ] o.hibernate.engine.internal.Collections  : Collection found: [sid.service_admin.model.Pays.personneList#30], was: [sid.service_admin.model.Pays.personneList#30] (uninitialized)
2026-07-29T11:41:49.033+01:00 DEBUG 9164 --- [microservice-admin] [main] [                                                 ] o.hibernate.engine.internal.Collections  : Collection found: [sid.service_admin.model.Pays.personneList#31], was: [sid.service_admin.model.Pays.personneList#31] (uninitialized)
2026-07-29T11:41:49.033+01:00 DEBUG 9164 --- [microservice-admin] [main] [                                                 ] o.hibernate.engine.internal.Collections  : Collection found: [sid.service_admin.model.Pays.personneList#32], was: [sid.service_admin.model.Pays.personneList#32] (uninitialized)
2026-07-29T11:41:49.033+01:00 DEBUG 9164 --- [microservice-admin] [main] [                                                 ] o.h.e.i.AbstractFlushingEventListener    : Flushed: 0 insertions, 0 updates, 0 deletions to 32 objects
2026-07-29T11:41:49.033+01:00 DEBUG 9164 --- [microservice-admin] [main] [                                                 ] o.h.e.i.AbstractFlushingEventListener    : Flushed: 0 (re)creations, 0 updates, 0 removals to 32 collections
2026-07-29T11:41:49.034+01:00 DEBUG 9164 --- [microservice-admin] [main] [                                                 ] o.hibernate.internal.util.EntityPrinter  : Listing entities:
2026-07-29T11:41:49.034+01:00 DEBUG 9164 --- [microservice-admin] [main] [                                                 ] o.hibernate.internal.util.EntityPrinter  : sid.service_admin.model.Pays{continent=Afrique, code=BF, libelle=BURKINA FASO, libelleAnglais=BURKINA FASO, personneList=<uninitialized>, id=7}
2026-07-29T11:41:49.034+01:00 DEBUG 9164 --- [microservice-admin] [main] [                                                 ] o.hibernate.internal.util.EntityPrinter  : sid.service_admin.model.Pays{continent=Afrique, code=BW, libelle=BOTSWANA, libelleAnglais=BOTSWANA, personneList=<uninitialized>, id=6}
2026-07-29T11:41:49.034+01:00 DEBUG 9164 --- [microservice-admin] [main] [                                                 ] o.hibernate.internal.util.EntityPrinter  : sid.service_admin.model.Pays{continent=Afrique, code=CF, libelle=CENTRAFRIQUE, libelleAnglais=CENTRAFRICA, personneList=<uninitialized>, id=9}
2026-07-29T11:41:49.034+01:00 DEBUG 9164 --- [microservice-admin] [main] [                                                 ] o.hibernate.internal.util.EntityPrinter  : sid.service_admin.model.Pays{continent=Afrique, code=CV, libelle=CAP-VERT, libelleAnglais=CAPE VERDE, personneList=<uninitialized>, id=8}
2026-07-29T11:41:49.034+01:00 DEBUG 9164 --- [microservice-admin] [main] [                                                 ] o.hibernate.internal.util.EntityPrinter  : sid.service_admin.model.Pays{continent=Afrique, code=ZA, libelle=AFRIQUE DU SUD, libelleAnglais=SOUTH AFRICA, personneList=<uninitialized>, id=3}
2026-07-29T11:41:49.034+01:00 DEBUG 9164 --- [microservice-admin] [main] [                                                 ] o.hibernate.internal.util.EntityPrinter  : sid.service_admin.model.Pays{continent=Afrique, code=GA, libelle=GABON, libelleAnglais=GABON, personneList=<uninitialized>, id=2}
2026-07-29T11:41:49.034+01:00 DEBUG 9164 --- [microservice-admin] [main] [                                                 ] o.hibernate.internal.util.EntityPrinter  : sid.service_admin.model.Pays{continent=Afrique, code=BJ, libelle=BENIN, libelleAnglais=BENIN, personneList=<uninitialized>, id=5}
2026-07-29T11:41:49.034+01:00 DEBUG 9164 --- [microservice-admin] [main] [                                                 ] o.hibernate.internal.util.EntityPrinter  : sid.service_admin.model.Pays{continent=Afrique, code=AO, libelle=ANGOLA, libelleAnglais=ANGOLA, personneList=<uninitialized>, id=4}
2026-07-29T11:41:49.035+01:00 DEBUG 9164 --- [microservice-admin] [main] [                                                 ] o.hibernate.internal.util.EntityPrinter  : sid.service_admin.model.Pays{continent=Afrique, code=CM, libelle=CAMEROUN, libelleAnglais=CAMEROON, personneList=<uninitialized>, id=1}
2026-07-29T11:41:49.035+01:00 DEBUG 9164 --- [microservice-admin] [main] [                                                 ] o.hibernate.internal.util.EntityPrinter  : sid.service_admin.model.Pays{continent=Afrique, code=ML, libelle=MALI, libelleAnglais=MALI, personneList=<uninitialized>, id=23}
2026-07-29T11:41:49.035+01:00 DEBUG 9164 --- [microservice-admin] [main] [                                                 ] o.hibernate.internal.util.EntityPrinter  : sid.service_admin.model.Pays{continent=Afrique, code=MG, libelle=MADAGASCAR, libelleAnglais=MADAGASCAR, personneList=<uninitialized>, id=22}
2026-07-29T11:41:49.035+01:00 DEBUG 9164 --- [microservice-admin] [main] [                                                 ] o.hibernate.internal.util.EntityPrinter  : sid.service_admin.model.Pays{continent=Afrique, code=NG, libelle=NIGERIA, libelleAnglais=NIGERIA, personneList=<uninitialized>, id=25}
2026-07-29T11:41:49.035+01:00 DEBUG 9164 --- [microservice-admin] [main] [                                                 ] o.hibernate.internal.util.EntityPrinter  : sid.service_admin.model.Pays{continent=Afrique, code=NA, libelle=NAMIBIE, libelleAnglais=NAMIBIA, personneList=<uninitialized>, id=24}
2026-07-29T11:41:49.035+01:00 DEBUG 9164 --- [microservice-admin] [main] [                                                 ] o.hibernate.internal.util.EntityPrinter  : sid.service_admin.model.Pays{continent=Afrique, code=GQ, libelle=GUINEE EQUATORIALE, libelleAnglais=EQUATORIAL GUINEA, personneList=<uninitialized>, id=19}
2026-07-29T11:41:49.035+01:00 DEBUG 9164 --- [microservice-admin] [main] [                                                 ] o.hibernate.internal.util.EntityPrinter  : sid.service_admin.model.Pays{continent=Afrique, code=GW, libelle=GUINEE-BISSAU, libelleAnglais=GUINEA-BISSAU, personneList=<uninitialized>, id=18}
2026-07-29T11:41:49.035+01:00 DEBUG 9164 --- [microservice-admin] [main] [                                                 ] o.hibernate.internal.util.EntityPrinter  : sid.service_admin.model.Pays{continent=Afrique, code=LR, libelle=LIBERIA, libelleAnglais=LIBERIA, personneList=<uninitialized>, id=21}
2026-07-29T11:41:49.035+01:00 DEBUG 9164 --- [microservice-admin] [main] [                                                 ] o.hibernate.internal.util.EntityPrinter  : sid.service_admin.model.Pays{continent=Afrique, code=KE, libelle=KENYA, libelleAnglais=KENYA, personneList=<uninitialized>, id=20}
2026-07-29T11:41:49.036+01:00 DEBUG 9164 --- [microservice-admin] [main] [                                                 ] o.hibernate.internal.util.EntityPrinter  : sid.service_admin.model.Pays{continent=Afrique, code=GM, libelle=GAMBIE, libelleAnglais=GAMBIA, personneList=<uninitialized>, id=15}
2026-07-29T11:41:49.036+01:00 DEBUG 9164 --- [microservice-admin] [main] [                                                 ] o.hibernate.internal.util.EntityPrinter  : sid.service_admin.model.Pays{continent=Afrique, code=ET, libelle=ETHIOPIE, libelleAnglais=ETHIOPIA, personneList=<uninitialized>, id=14}
2026-07-29T11:41:49.036+01:00 DEBUG 9164 --- [microservice-admin] [main] [                                                 ] o.hibernate.internal.util.EntityPrinter  : sid.service_admin.model.Pays{continent=Afrique, code=GN, libelle=GUINEE, libelleAnglais=GUINEA, personneList=<uninitialized>, id=17}
2026-07-29T11:41:49.036+01:00 DEBUG 9164 --- [microservice-admin] [main] [                                                 ] o.hibernate.internal.util.EntityPrinter  : sid.service_admin.model.Pays{continent=Afrique, code=GH, libelle=GHANA, libelleAnglais=GHANA, personneList=<uninitialized>, id=16}
2026-07-29T11:41:49.036+01:00 DEBUG 9164 --- [microservice-admin] [main] [                                                 ] o.hibernate.internal.util.EntityPrinter  : More......
2026-07-29T11:41:49.038+01:00 DEBUG 9164 --- [microservice-admin] [main] [                                                 ] o.s.orm.jpa.JpaTransactionManager        : Closing JPA EntityManager [SessionImpl(1222936867<open>)] after transaction
2026-07-29T11:41:49.039+01:00 DEBUG 9164 --- [microservice-admin] [main] [                                                 ] o.s.orm.jpa.JpaTransactionManager        : Creating new transaction with name [sid.service_admin.service.InitiationDb.getAllReligions]: PROPAGATION_REQUIRED,ISOLATION_DEFAULT
2026-07-29T11:41:49.039+01:00 DEBUG 9164 --- [microservice-admin] [main] [                                                 ] o.s.orm.jpa.JpaTransactionManager        : Opened new EntityManager [SessionImpl(146103376<open>)] for JPA transaction
2026-07-29T11:41:49.040+01:00 DEBUG 9164 --- [microservice-admin] [main] [                                                 ] o.h.e.t.internal.TransactionImpl         : On TransactionImpl creation, JpaCompliance#isJpaTransactionComplianceEnabled == false
2026-07-29T11:41:49.040+01:00 DEBUG 9164 --- [microservice-admin] [main] [                                                 ] o.h.e.t.internal.TransactionImpl         : begin
2026-07-29T11:41:49.040+01:00 DEBUG 9164 --- [microservice-admin] [main] [                                                 ] o.s.orm.jpa.JpaTransactionManager        : Exposing JPA transaction as JDBC [org.springframework.orm.jpa.vendor.HibernateJpaDialect$HibernateConnectionHandle@3f55fd0e]
2026-07-29T11:41:49.040+01:00 TRACE 9164 --- [microservice-admin] [main] [                                                 ] o.s.t.i.TransactionInterceptor           : Getting transaction for [sid.service_admin.service.InitiationDb.getAllReligions]
2026-07-29T11:41:49.041+01:00 DEBUG 9164 --- [microservice-admin] [main] [                                                 ] o.s.orm.jpa.JpaTransactionManager        : Found thread-bound EntityManager [SessionImpl(146103376<open>)] for JPA transaction
2026-07-29T11:41:49.041+01:00 DEBUG 9164 --- [microservice-admin] [main] [                                                 ] o.s.orm.jpa.JpaTransactionManager        : Participating in existing transaction
2026-07-29T11:41:49.041+01:00 TRACE 9164 --- [microservice-admin] [main] [                                                 ] o.s.t.i.TransactionInterceptor           : Getting transaction for [org.springframework.data.jpa.repository.support.SimpleJpaRepository.findAll]
2026-07-29T11:41:49.042+01:00 DEBUG 9164 --- [microservice-admin] [main] [                                                 ] org.hibernate.orm.sql.ast.create         : Created new SQL alias : r1_0
2026-07-29T11:41:49.042+01:00 DEBUG 9164 --- [microservice-admin] [main] [                                                 ] org.hibernate.orm.sql.ast.create         : Registration of TableGroup [StandardTableGroup(sid.service_admin.model.Religion(69))] with identifierForTableGroup [sid.service_admin.model.Religion] for NavigablePath [sid.service_admin.model.Religion] 
2026-07-29T11:41:49.043+01:00 DEBUG 9164 --- [microservice-admin] [main] [                                                 ] org.hibernate.orm.results.graph.AST      : DomainResult Graph:
 \-EntityResultImpl [sid.service_admin.model.Religion(69)]
 |  +-BasicFetch [sid.service_admin.model.Religion(69).code]
 |  +-BasicFetch [sid.service_admin.model.Religion(69).dateEnregistrement]
 |  +-BasicFetch [sid.service_admin.model.Religion(69).notes]
 |  \-DelayedCollectionFetch [sid.service_admin.model.Religion(69).personneList]

2026-07-29T11:41:49.043+01:00 DEBUG 9164 --- [microservice-admin] [main] [                                                 ] org.hibernate.orm.sql.ast.tree           : SQL AST Tree:
    SelectStatement {
      FromClause {
        StandardTableGroup (r1 : sid.service_admin.model.Religion(69)) {
          primaryTableReference : religion as r1_0
        }
      }
    }

2026-07-29T11:41:49.044+01:00 DEBUG 9164 --- [microservice-admin] [main] [                                                 ] org.hibernate.orm.sql.exec               : Skipping reading Query result cache data: cache-enabled = false, cache-mode = NORMAL
2026-07-29T11:41:49.044+01:00 DEBUG 9164 --- [microservice-admin] [main] [                                                 ] org.hibernate.SQL                        : select r1_0.id,r1_0.code,r1_0.date_enregistrement,r1_0.notes from religion r1_0
2026-07-29T11:41:49.046+01:00 DEBUG 9164 --- [microservice-admin] [main] [                                                 ] org.hibernate.orm.results                : Initializer list:
	  sid.service_admin.model.Religion(69).personneList -> DelayedCollectionInitializer(sid.service_admin.model.Religion(69).personneList)@1234748794 (PluralAttribute(sid.service_admin.model.Religion.personneList))
	  sid.service_admin.model.Religion(69) -> EntityJoinedFetchInitializer(sid.service_admin.model.Religion(69))@1571774117 (SingleTableEntityPersister(sid.service_admin.model.Religion))

2026-07-29T11:41:49.049+01:00 TRACE 9164 --- [microservice-admin] [main] [                                                 ] o.s.t.i.TransactionInterceptor           : Completing transaction for [org.springframework.data.jpa.repository.support.SimpleJpaRepository.findAll]
2026-07-29T11:41:49.049+01:00 TRACE 9164 --- [microservice-admin] [main] [                                                 ] o.s.t.i.TransactionInterceptor           : Completing transaction for [sid.service_admin.service.InitiationDb.getAllReligions]
2026-07-29T11:41:49.049+01:00 DEBUG 9164 --- [microservice-admin] [main] [                                                 ] o.s.orm.jpa.JpaTransactionManager        : Initiating transaction commit
2026-07-29T11:41:49.049+01:00 DEBUG 9164 --- [microservice-admin] [main] [                                                 ] o.s.orm.jpa.JpaTransactionManager        : Committing JPA transaction on EntityManager [SessionImpl(146103376<open>)]
2026-07-29T11:41:49.049+01:00 DEBUG 9164 --- [microservice-admin] [main] [                                                 ] o.h.e.t.internal.TransactionImpl         : committing
2026-07-29T11:41:49.049+01:00 DEBUG 9164 --- [microservice-admin] [main] [                                                 ] o.h.e.i.AbstractFlushingEventListener    : Processing flush-time cascades
2026-07-29T11:41:49.050+01:00 DEBUG 9164 --- [microservice-admin] [main] [                                                 ] o.h.e.i.AbstractFlushingEventListener    : Dirty checking collections
2026-07-29T11:41:49.050+01:00 DEBUG 9164 --- [microservice-admin] [main] [                                                 ] o.hibernate.engine.internal.Collections  : Collection found: [sid.service_admin.model.Religion.personneList#1], was: [sid.service_admin.model.Religion.personneList#1] (uninitialized)
2026-07-29T11:41:49.050+01:00 DEBUG 9164 --- [microservice-admin] [main] [                                                 ] o.hibernate.engine.internal.Collections  : Collection found: [sid.service_admin.model.Religion.personneList#2], was: [sid.service_admin.model.Religion.personneList#2] (uninitialized)
2026-07-29T11:41:49.050+01:00 DEBUG 9164 --- [microservice-admin] [main] [                                                 ] o.hibernate.engine.internal.Collections  : Collection found: [sid.service_admin.model.Religion.personneList#3], was: [sid.service_admin.model.Religion.personneList#3] (uninitialized)
2026-07-29T11:41:49.051+01:00 DEBUG 9164 --- [microservice-admin] [main] [                                                 ] o.h.e.i.AbstractFlushingEventListener    : Flushed: 0 insertions, 0 updates, 0 deletions to 3 objects
2026-07-29T11:41:49.051+01:00 DEBUG 9164 --- [microservice-admin] [main] [                                                 ] o.h.e.i.AbstractFlushingEventListener    : Flushed: 0 (re)creations, 0 updates, 0 removals to 3 collections
2026-07-29T11:41:49.051+01:00 DEBUG 9164 --- [microservice-admin] [main] [                                                 ] o.hibernate.internal.util.EntityPrinter  : Listing entities:
2026-07-29T11:41:49.051+01:00 DEBUG 9164 --- [microservice-admin] [main] [                                                 ] o.hibernate.internal.util.EntityPrinter  : sid.service_admin.model.Religion{code=C, notes=Catholique, personneList=<uninitialized>, id=1, dateEnregistrement=2026-07-28 15:37:21.315}
2026-07-29T11:41:49.051+01:00 DEBUG 9164 --- [microservice-admin] [main] [                                                 ] o.hibernate.internal.util.EntityPrinter  : sid.service_admin.model.Religion{code=I, notes=Islam, personneList=<uninitialized>, id=2, dateEnregistrement=2026-07-28 15:37:21.315}
2026-07-29T11:41:49.051+01:00 DEBUG 9164 --- [microservice-admin] [main] [                                                 ] o.hibernate.internal.util.EntityPrinter  : sid.service_admin.model.Religion{code=P, notes=Protestant, personneList=<uninitialized>, id=3, dateEnregistrement=2026-07-28 15:37:21.315}
2026-07-29T11:41:49.053+01:00 DEBUG 9164 --- [microservice-admin] [main] [                                                 ] o.s.orm.jpa.JpaTransactionManager        : Closing JPA EntityManager [SessionImpl(146103376<open>)] after transaction
2026-07-29T11:41:49.053+01:00 DEBUG 9164 --- [microservice-admin] [main] [                                                 ] o.s.orm.jpa.JpaTransactionManager        : Creating new transaction with name [sid.service_admin.service.InitiationDb.getAllTitres]: PROPAGATION_REQUIRED,ISOLATION_DEFAULT
2026-07-29T11:41:49.053+01:00 DEBUG 9164 --- [microservice-admin] [main] [                                                 ] o.s.orm.jpa.JpaTransactionManager        : Opened new EntityManager [SessionImpl(581069777<open>)] for JPA transaction
2026-07-29T11:41:49.053+01:00 DEBUG 9164 --- [microservice-admin] [main] [                                                 ] o.h.e.t.internal.TransactionImpl         : On TransactionImpl creation, JpaCompliance#isJpaTransactionComplianceEnabled == false
2026-07-29T11:41:49.054+01:00 DEBUG 9164 --- [microservice-admin] [main] [                                                 ] o.h.e.t.internal.TransactionImpl         : begin
2026-07-29T11:41:49.054+01:00 DEBUG 9164 --- [microservice-admin] [main] [                                                 ] o.s.orm.jpa.JpaTransactionManager        : Exposing JPA transaction as JDBC [org.springframework.orm.jpa.vendor.HibernateJpaDialect$HibernateConnectionHandle@340a71d2]
2026-07-29T11:41:49.054+01:00 TRACE 9164 --- [microservice-admin] [main] [                                                 ] o.s.t.i.TransactionInterceptor           : Getting transaction for [sid.service_admin.service.InitiationDb.getAllTitres]
2026-07-29T11:41:49.055+01:00 DEBUG 9164 --- [microservice-admin] [main] [                                                 ] o.s.orm.jpa.JpaTransactionManager        : Found thread-bound EntityManager [SessionImpl(581069777<open>)] for JPA transaction
2026-07-29T11:41:49.055+01:00 DEBUG 9164 --- [microservice-admin] [main] [                                                 ] o.s.orm.jpa.JpaTransactionManager        : Participating in existing transaction
2026-07-29T11:41:49.055+01:00 TRACE 9164 --- [microservice-admin] [main] [                                                 ] o.s.t.i.TransactionInterceptor           : Getting transaction for [org.springframework.data.jpa.repository.support.SimpleJpaRepository.findAll]
2026-07-29T11:41:49.056+01:00 DEBUG 9164 --- [microservice-admin] [main] [                                                 ] org.hibernate.orm.sql.ast.create         : Created new SQL alias : t1_0
2026-07-29T11:41:49.056+01:00 DEBUG 9164 --- [microservice-admin] [main] [                                                 ] org.hibernate.orm.sql.ast.create         : Registration of TableGroup [StandardTableGroup(sid.service_admin.model.Titre(70))] with identifierForTableGroup [sid.service_admin.model.Titre] for NavigablePath [sid.service_admin.model.Titre] 
2026-07-29T11:41:49.056+01:00 DEBUG 9164 --- [microservice-admin] [main] [                                                 ] org.hibernate.orm.results.graph.AST      : DomainResult Graph:
 \-EntityResultImpl [sid.service_admin.model.Titre(70)]
 |  +-BasicFetch [sid.service_admin.model.Titre(70).description]
 |  +-BasicFetch [sid.service_admin.model.Titre(70).nom]
 |  \-DelayedCollectionFetch [sid.service_admin.model.Titre(70).personneList]

2026-07-29T11:41:49.056+01:00 DEBUG 9164 --- [microservice-admin] [main] [                                                 ] org.hibernate.orm.sql.ast.tree           : SQL AST Tree:
    SelectStatement {
      FromClause {
        StandardTableGroup (t1 : sid.service_admin.model.Titre(70)) {
          primaryTableReference : titre as t1_0
        }
      }
    }

2026-07-29T11:41:49.056+01:00 DEBUG 9164 --- [microservice-admin] [main] [                                                 ] org.hibernate.orm.sql.exec               : Skipping reading Query result cache data: cache-enabled = false, cache-mode = NORMAL
2026-07-29T11:41:49.056+01:00 DEBUG 9164 --- [microservice-admin] [main] [                                                 ] org.hibernate.SQL                        : select t1_0.id,t1_0.description,t1_0.nom from titre t1_0
2026-07-29T11:41:49.057+01:00 DEBUG 9164 --- [microservice-admin] [main] [                                                 ] org.hibernate.orm.results                : Initializer list:
	  sid.service_admin.model.Titre(70) -> EntityJoinedFetchInitializer(sid.service_admin.model.Titre(70))@198821790 (SingleTableEntityPersister(sid.service_admin.model.Titre))
	  sid.service_admin.model.Titre(70).personneList -> DelayedCollectionInitializer(sid.service_admin.model.Titre(70).personneList)@1185817546 (PluralAttribute(sid.service_admin.model.Titre.personneList))

2026-07-29T11:41:49.060+01:00 TRACE 9164 --- [microservice-admin] [main] [                                                 ] o.s.t.i.TransactionInterceptor           : Completing transaction for [org.springframework.data.jpa.repository.support.SimpleJpaRepository.findAll]
2026-07-29T11:41:49.060+01:00 TRACE 9164 --- [microservice-admin] [main] [                                                 ] o.s.t.i.TransactionInterceptor           : Completing transaction for [sid.service_admin.service.InitiationDb.getAllTitres]
2026-07-29T11:41:49.060+01:00 DEBUG 9164 --- [microservice-admin] [main] [                                                 ] o.s.orm.jpa.JpaTransactionManager        : Initiating transaction commit
2026-07-29T11:41:49.060+01:00 DEBUG 9164 --- [microservice-admin] [main] [                                                 ] o.s.orm.jpa.JpaTransactionManager        : Committing JPA transaction on EntityManager [SessionImpl(581069777<open>)]
2026-07-29T11:41:49.061+01:00 DEBUG 9164 --- [microservice-admin] [main] [                                                 ] o.h.e.t.internal.TransactionImpl         : committing
2026-07-29T11:41:49.061+01:00 DEBUG 9164 --- [microservice-admin] [main] [                                                 ] o.h.e.i.AbstractFlushingEventListener    : Processing flush-time cascades
2026-07-29T11:41:49.061+01:00 DEBUG 9164 --- [microservice-admin] [main] [                                                 ] o.h.e.i.AbstractFlushingEventListener    : Dirty checking collections
2026-07-29T11:41:49.061+01:00 DEBUG 9164 --- [microservice-admin] [main] [                                                 ] o.hibernate.engine.internal.Collections  : Collection found: [sid.service_admin.model.Titre.personneList#1], was: [sid.service_admin.model.Titre.personneList#1] (uninitialized)
2026-07-29T11:41:49.061+01:00 DEBUG 9164 --- [microservice-admin] [main] [                                                 ] o.hibernate.engine.internal.Collections  : Collection found: [sid.service_admin.model.Titre.personneList#2], was: [sid.service_admin.model.Titre.personneList#2] (uninitialized)
2026-07-29T11:41:49.062+01:00 DEBUG 9164 --- [microservice-admin] [main] [                                                 ] o.hibernate.engine.internal.Collections  : Collection found: [sid.service_admin.model.Titre.personneList#3], was: [sid.service_admin.model.Titre.personneList#3] (uninitialized)
2026-07-29T11:41:49.062+01:00 DEBUG 9164 --- [microservice-admin] [main] [                                                 ] o.hibernate.engine.internal.Collections  : Collection found: [sid.service_admin.model.Titre.personneList#4], was: [sid.service_admin.model.Titre.personneList#4] (uninitialized)
2026-07-29T11:41:49.062+01:00 DEBUG 9164 --- [microservice-admin] [main] [                                                 ] o.hibernate.engine.internal.Collections  : Collection found: [sid.service_admin.model.Titre.personneList#5], was: [sid.service_admin.model.Titre.personneList#5] (uninitialized)
2026-07-29T11:41:49.062+01:00 DEBUG 9164 --- [microservice-admin] [main] [                                                 ] o.hibernate.engine.internal.Collections  : Collection found: [sid.service_admin.model.Titre.personneList#6], was: [sid.service_admin.model.Titre.personneList#6] (uninitialized)
2026-07-29T11:41:49.062+01:00 DEBUG 9164 --- [microservice-admin] [main] [                                                 ] o.hibernate.engine.internal.Collections  : Collection found: [sid.service_admin.model.Titre.personneList#7], was: [sid.service_admin.model.Titre.personneList#7] (uninitialized)
2026-07-29T11:41:49.063+01:00 DEBUG 9164 --- [microservice-admin] [main] [                                                 ] o.hibernate.engine.internal.Collections  : Collection found: [sid.service_admin.model.Titre.personneList#8], was: [sid.service_admin.model.Titre.personneList#8] (uninitialized)
2026-07-29T11:41:49.063+01:00 DEBUG 9164 --- [microservice-admin] [main] [                                                 ] o.hibernate.engine.internal.Collections  : Collection found: [sid.service_admin.model.Titre.personneList#9], was: [sid.service_admin.model.Titre.personneList#9] (uninitialized)
2026-07-29T11:41:49.063+01:00 DEBUG 9164 --- [microservice-admin] [main] [                                                 ] o.h.e.i.AbstractFlushingEventListener    : Flushed: 0 insertions, 0 updates, 0 deletions to 9 objects
2026-07-29T11:41:49.063+01:00 DEBUG 9164 --- [microservice-admin] [main] [                                                 ] o.h.e.i.AbstractFlushingEventListener    : Flushed: 0 (re)creations, 0 updates, 0 removals to 9 collections
2026-07-29T11:41:49.063+01:00 DEBUG 9164 --- [microservice-admin] [main] [                                                 ] o.hibernate.internal.util.EntityPrinter  : Listing entities:
2026-07-29T11:41:49.063+01:00 DEBUG 9164 --- [microservice-admin] [main] [                                                 ] o.hibernate.internal.util.EntityPrinter  : sid.service_admin.model.Titre{personneList=<uninitialized>, description=Docteur, id=1, nom=Dr}
2026-07-29T11:41:49.063+01:00 DEBUG 9164 --- [microservice-admin] [main] [                                                 ] o.hibernate.internal.util.EntityPrinter  : sid.service_admin.model.Titre{personneList=<uninitialized>, description=Ingénieur, id=2, nom=Ing}
2026-07-29T11:41:49.064+01:00 DEBUG 9164 --- [microservice-admin] [main] [                                                 ] o.hibernate.internal.util.EntityPrinter  : sid.service_admin.model.Titre{personneList=<uninitialized>, description=Maître, id=7, nom=Ms}
2026-07-29T11:41:49.064+01:00 DEBUG 9164 --- [microservice-admin] [main] [                                                 ] o.hibernate.internal.util.EntityPrinter  : sid.service_admin.model.Titre{personneList=<uninitialized>, description=Professeur, id=8, nom=Pf}
2026-07-29T11:41:49.064+01:00 DEBUG 9164 --- [microservice-admin] [main] [                                                 ] o.hibernate.internal.util.EntityPrinter  : sid.service_admin.model.Titre{personneList=<uninitialized>, description=Pasteur, id=9, nom=Ps}
2026-07-29T11:41:49.064+01:00 DEBUG 9164 --- [microservice-admin] [main] [                                                 ] o.hibernate.internal.util.EntityPrinter  : sid.service_admin.model.Titre{personneList=<uninitialized>, description=Messieur, id=3, nom=M.}
2026-07-29T11:41:49.065+01:00 DEBUG 9164 --- [microservice-admin] [main] [                                                 ] o.hibernate.internal.util.EntityPrinter  : sid.service_admin.model.Titre{personneList=<uninitialized>, description=Mademoiselle, id=4, nom=Mlle}
2026-07-29T11:41:49.065+01:00 DEBUG 9164 --- [microservice-admin] [main] [                                                 ] o.hibernate.internal.util.EntityPrinter  : sid.service_admin.model.Titre{personneList=<uninitialized>, description=Madame, id=5, nom=Mme}
2026-07-29T11:41:49.065+01:00 DEBUG 9164 --- [microservice-admin] [main] [                                                 ] o.hibernate.internal.util.EntityPrinter  : sid.service_admin.model.Titre{personneList=<uninitialized>, description=Monsieur, id=6, nom=Mr}
2026-07-29T11:41:49.066+01:00 DEBUG 9164 --- [microservice-admin] [main] [                                                 ] o.s.orm.jpa.JpaTransactionManager        : Closing JPA EntityManager [SessionImpl(581069777<open>)] after transaction
2026-07-29T11:41:49.066+01:00 DEBUG 9164 --- [microservice-admin] [main] [                                                 ] o.s.orm.jpa.JpaTransactionManager        : Creating new transaction with name [sid.service_admin.service.InitiationDb.getAllModuleSecurite]: PROPAGATION_REQUIRED,ISOLATION_DEFAULT
2026-07-29T11:41:49.067+01:00 DEBUG 9164 --- [microservice-admin] [main] [                                                 ] o.s.orm.jpa.JpaTransactionManager        : Opened new EntityManager [SessionImpl(342984225<open>)] for JPA transaction
2026-07-29T11:41:49.067+01:00 DEBUG 9164 --- [microservice-admin] [main] [                                                 ] o.h.e.t.internal.TransactionImpl         : On TransactionImpl creation, JpaCompliance#isJpaTransactionComplianceEnabled == false
2026-07-29T11:41:49.067+01:00 DEBUG 9164 --- [microservice-admin] [main] [                                                 ] o.h.e.t.internal.TransactionImpl         : begin
2026-07-29T11:41:49.067+01:00 DEBUG 9164 --- [microservice-admin] [main] [                                                 ] o.s.orm.jpa.JpaTransactionManager        : Exposing JPA transaction as JDBC [org.springframework.orm.jpa.vendor.HibernateJpaDialect$HibernateConnectionHandle@2b7af38e]
2026-07-29T11:41:49.068+01:00 TRACE 9164 --- [microservice-admin] [main] [                                                 ] o.s.t.i.TransactionInterceptor           : Getting transaction for [sid.service_admin.service.InitiationDb.getAllModuleSecurite]
2026-07-29T11:41:49.069+01:00 TRACE 9164 --- [microservice-admin] [main] [                                                 ] o.s.t.i.TransactionInterceptor           : No need to create transaction for [org.springframework.data.jpa.repository.support.SimpleJpaRepository.findByCode]: This method is not transactional.
2026-07-29T11:41:49.082+01:00 DEBUG 9164 --- [microservice-admin] [main] [                                                 ] org.hibernate.orm.sql.ast.create         : Created new SQL alias : m1_0
2026-07-29T11:41:49.082+01:00 DEBUG 9164 --- [microservice-admin] [main] [                                                 ] org.hibernate.orm.sql.ast.create         : Registration of TableGroup [StandardTableGroup(sid.service_admin.model.Modulesecurite(m))] with identifierForTableGroup [sid.service_admin.model.Modulesecurite] for NavigablePath [sid.service_admin.model.Modulesecurite] 
2026-07-29T11:41:49.089+01:00 DEBUG 9164 --- [microservice-admin] [main] [                                                 ] o.h.q.sqm.sql.BaseSqmToSqlAstConverter   : Determining mapping-model type for SqmParameter : SqmNamedParameter(code)
2026-07-29T11:41:49.090+01:00 DEBUG 9164 --- [microservice-admin] [main] [                                                 ] o.h.q.sqm.sql.BaseSqmToSqlAstConverter   : Determining mapping-model type for SqmPath : SqmBasicValuedSimplePath(sid.service_admin.model.Modulesecurite(m).code) 
2026-07-29T11:41:49.098+01:00 DEBUG 9164 --- [microservice-admin] [main] [                                                 ] org.hibernate.orm.results.graph.AST      : DomainResult Graph:
 \-EntityResultImpl [sid.service_admin.model.Modulesecurite(m)]
 |  +-BasicFetch [sid.service_admin.model.Modulesecurite(m).code]
 |  +-BasicFetch [sid.service_admin.model.Modulesecurite(m).description]
 |  +-DelayedCollectionFetch [sid.service_admin.model.Modulesecurite(m).menuList]
 |  \-DelayedCollectionFetch [sid.service_admin.model.Modulesecurite(m).usermoduleCollection]

2026-07-29T11:41:49.098+01:00 DEBUG 9164 --- [microservice-admin] [main] [                                                 ] org.hibernate.orm.sql.ast.tree           : SQL AST Tree:
    SelectStatement {
      FromClause {
        StandardTableGroup (m1 : sid.service_admin.model.Modulesecurite(m)) {
          primaryTableReference : modulesecurite as m1_0
        }
      }
    }

2026-07-29T11:41:49.099+01:00 DEBUG 9164 --- [microservice-admin] [main] [                                                 ] org.hibernate.orm.sql.exec               : Skipping reading Query result cache data: cache-enabled = false, cache-mode = NORMAL
2026-07-29T11:41:49.099+01:00 DEBUG 9164 --- [microservice-admin] [main] [                                                 ] org.hibernate.SQL                        : select m1_0.id,m1_0.code,m1_0.description from modulesecurite m1_0 where m1_0.code=?
2026-07-29T11:41:49.102+01:00 DEBUG 9164 --- [microservice-admin] [main] [                                                 ] org.hibernate.orm.results                : Initializer list:
	  sid.service_admin.model.Modulesecurite(m).usermoduleCollection -> DelayedCollectionInitializer(sid.service_admin.model.Modulesecurite(m).usermoduleCollection)@54822446 (PluralAttribute(sid.service_admin.model.Modulesecurite.usermoduleCollection))
	  sid.service_admin.model.Modulesecurite(m) -> EntityJoinedFetchInitializer(sid.service_admin.model.Modulesecurite(m))@1594037322 (SingleTableEntityPersister(sid.service_admin.model.Modulesecurite))
	  sid.service_admin.model.Modulesecurite(m).menuList -> DelayedCollectionInitializer(sid.service_admin.model.Modulesecurite(m).menuList)@960959488 (PluralAttribute(sid.service_admin.model.Modulesecurite.menuList))

2026-07-29T11:41:49.104+01:00 TRACE 9164 --- [microservice-admin] [main] [                                                 ] o.s.t.i.TransactionInterceptor           : No need to create transaction for [org.springframework.data.jpa.repository.support.SimpleJpaRepository.findByCode]: This method is not transactional.
2026-07-29T11:41:49.104+01:00 DEBUG 9164 --- [microservice-admin] [main] [                                                 ] o.h.e.i.AbstractFlushingEventListener    : Processing flush-time cascades
2026-07-29T11:41:49.104+01:00 DEBUG 9164 --- [microservice-admin] [main] [                                                 ] o.h.e.i.AbstractFlushingEventListener    : Dirty checking collections
2026-07-29T11:41:49.106+01:00 DEBUG 9164 --- [microservice-admin] [main] [                                                 ] o.hibernate.engine.internal.Collections  : Collection found: [sid.service_admin.model.Modulesecurite.menuList#1], was: [sid.service_admin.model.Modulesecurite.menuList#1] (uninitialized)
2026-07-29T11:41:49.106+01:00 DEBUG 9164 --- [microservice-admin] [main] [                                                 ] o.hibernate.engine.internal.Collections  : Collection found: [sid.service_admin.model.Modulesecurite.usermoduleCollection#1], was: [sid.service_admin.model.Modulesecurite.usermoduleCollection#1] (uninitialized)
2026-07-29T11:41:49.107+01:00 DEBUG 9164 --- [microservice-admin] [main] [                                                 ] o.h.e.i.AbstractFlushingEventListener    : Flushed: 0 insertions, 0 updates, 0 deletions to 1 objects
2026-07-29T11:41:49.107+01:00 DEBUG 9164 --- [microservice-admin] [main] [                                                 ] o.h.e.i.AbstractFlushingEventListener    : Flushed: 0 (re)creations, 0 updates, 0 removals to 2 collections
2026-07-29T11:41:49.107+01:00 DEBUG 9164 --- [microservice-admin] [main] [                                                 ] o.hibernate.internal.util.EntityPrinter  : Listing entities:
2026-07-29T11:41:49.107+01:00 DEBUG 9164 --- [microservice-admin] [main] [                                                 ] o.hibernate.internal.util.EntityPrinter  : sid.service_admin.model.Modulesecurite{menuList=<uninitialized>, code=facturation, description=Facturation clients, id=1, usermoduleCollection=<uninitialized>}
2026-07-29T11:41:49.107+01:00 DEBUG 9164 --- [microservice-admin] [main] [                                                 ] org.hibernate.orm.sql.exec               : Skipping reading Query result cache data: cache-enabled = false, cache-mode = NORMAL
2026-07-29T11:41:49.107+01:00 DEBUG 9164 --- [microservice-admin] [main] [                                                 ] org.hibernate.SQL                        : select m1_0.id,m1_0.code,m1_0.description from modulesecurite m1_0 where m1_0.code=?
2026-07-29T11:41:49.109+01:00 TRACE 9164 --- [microservice-admin] [main] [                                                 ] o.s.t.i.TransactionInterceptor           : No need to create transaction for [org.springframework.data.jpa.repository.support.SimpleJpaRepository.findByCode]: This method is not transactional.
2026-07-29T11:41:49.109+01:00 DEBUG 9164 --- [microservice-admin] [main] [                                                 ] o.h.e.i.AbstractFlushingEventListener    : Processing flush-time cascades
2026-07-29T11:41:49.109+01:00 DEBUG 9164 --- [microservice-admin] [main] [                                                 ] o.h.e.i.AbstractFlushingEventListener    : Dirty checking collections
2026-07-29T11:41:49.110+01:00 DEBUG 9164 --- [microservice-admin] [main] [                                                 ] o.hibernate.engine.internal.Collections  : Collection found: [sid.service_admin.model.Modulesecurite.menuList#1], was: [sid.service_admin.model.Modulesecurite.menuList#1] (uninitialized)
2026-07-29T11:41:49.110+01:00 DEBUG 9164 --- [microservice-admin] [main] [                                                 ] o.hibernate.engine.internal.Collections  : Collection found: [sid.service_admin.model.Modulesecurite.usermoduleCollection#1], was: [sid.service_admin.model.Modulesecurite.usermoduleCollection#1] (uninitialized)
2026-07-29T11:41:49.110+01:00 DEBUG 9164 --- [microservice-admin] [main] [                                                 ] o.hibernate.engine.internal.Collections  : Collection found: [sid.service_admin.model.Modulesecurite.menuList#2], was: [sid.service_admin.model.Modulesecurite.menuList#2] (uninitialized)
2026-07-29T11:41:49.110+01:00 DEBUG 9164 --- [microservice-admin] [main] [                                                 ] o.hibernate.engine.internal.Collections  : Collection found: [sid.service_admin.model.Modulesecurite.usermoduleCollection#2], was: [sid.service_admin.model.Modulesecurite.usermoduleCollection#2] (uninitialized)
2026-07-29T11:41:49.111+01:00 DEBUG 9164 --- [microservice-admin] [main] [                                                 ] o.h.e.i.AbstractFlushingEventListener    : Flushed: 0 insertions, 0 updates, 0 deletions to 2 objects
2026-07-29T11:41:49.111+01:00 DEBUG 9164 --- [microservice-admin] [main] [                                                 ] o.h.e.i.AbstractFlushingEventListener    : Flushed: 0 (re)creations, 0 updates, 0 removals to 4 collections
2026-07-29T11:41:49.111+01:00 DEBUG 9164 --- [microservice-admin] [main] [                                                 ] o.hibernate.internal.util.EntityPrinter  : Listing entities:
2026-07-29T11:41:49.111+01:00 DEBUG 9164 --- [microservice-admin] [main] [                                                 ] o.hibernate.internal.util.EntityPrinter  : sid.service_admin.model.Modulesecurite{menuList=<uninitialized>, code=securite, description=gestion Securite, id=2, usermoduleCollection=<uninitialized>}
2026-07-29T11:41:49.111+01:00 DEBUG 9164 --- [microservice-admin] [main] [                                                 ] o.hibernate.internal.util.EntityPrinter  : sid.service_admin.model.Modulesecurite{menuList=<uninitialized>, code=facturation, description=Facturation clients, id=1, usermoduleCollection=<uninitialized>}
2026-07-29T11:41:49.111+01:00 DEBUG 9164 --- [microservice-admin] [main] [                                                 ] org.hibernate.orm.sql.exec               : Skipping reading Query result cache data: cache-enabled = false, cache-mode = NORMAL
2026-07-29T11:41:49.111+01:00 DEBUG 9164 --- [microservice-admin] [main] [                                                 ] org.hibernate.SQL                        : select m1_0.id,m1_0.code,m1_0.description from modulesecurite m1_0 where m1_0.code=?
2026-07-29T11:41:49.113+01:00 TRACE 9164 --- [microservice-admin] [main] [                                                 ] o.s.t.i.TransactionInterceptor           : No need to create transaction for [org.springframework.data.jpa.repository.support.SimpleJpaRepository.findByCode]: This method is not transactional.
2026-07-29T11:41:49.113+01:00 DEBUG 9164 --- [microservice-admin] [main] [                                                 ] o.h.e.i.AbstractFlushingEventListener    : Processing flush-time cascades
2026-07-29T11:41:49.114+01:00 DEBUG 9164 --- [microservice-admin] [main] [                                                 ] o.h.e.i.AbstractFlushingEventListener    : Dirty checking collections
2026-07-29T11:41:49.114+01:00 DEBUG 9164 --- [microservice-admin] [main] [                                                 ] o.hibernate.engine.internal.Collections  : Collection found: [sid.service_admin.model.Modulesecurite.menuList#1], was: [sid.service_admin.model.Modulesecurite.menuList#1] (uninitialized)
2026-07-29T11:41:49.114+01:00 DEBUG 9164 --- [microservice-admin] [main] [                                                 ] o.hibernate.engine.internal.Collections  : Collection found: [sid.service_admin.model.Modulesecurite.usermoduleCollection#1], was: [sid.service_admin.model.Modulesecurite.usermoduleCollection#1] (uninitialized)
2026-07-29T11:41:49.114+01:00 DEBUG 9164 --- [microservice-admin] [main] [                                                 ] o.hibernate.engine.internal.Collections  : Collection found: [sid.service_admin.model.Modulesecurite.menuList#2], was: [sid.service_admin.model.Modulesecurite.menuList#2] (uninitialized)
2026-07-29T11:41:49.114+01:00 DEBUG 9164 --- [microservice-admin] [main] [                                                 ] o.hibernate.engine.internal.Collections  : Collection found: [sid.service_admin.model.Modulesecurite.usermoduleCollection#2], was: [sid.service_admin.model.Modulesecurite.usermoduleCollection#2] (uninitialized)
2026-07-29T11:41:49.114+01:00 DEBUG 9164 --- [microservice-admin] [main] [                                                 ] o.hibernate.engine.internal.Collections  : Collection found: [sid.service_admin.model.Modulesecurite.menuList#3], was: [sid.service_admin.model.Modulesecurite.menuList#3] (uninitialized)
2026-07-29T11:41:49.114+01:00 DEBUG 9164 --- [microservice-admin] [main] [                                                 ] o.hibernate.engine.internal.Collections  : Collection found: [sid.service_admin.model.Modulesecurite.usermoduleCollection#3], was: [sid.service_admin.model.Modulesecurite.usermoduleCollection#3] (uninitialized)
2026-07-29T11:41:49.115+01:00 DEBUG 9164 --- [microservice-admin] [main] [                                                 ] o.h.e.i.AbstractFlushingEventListener    : Flushed: 0 insertions, 0 updates, 0 deletions to 3 objects
2026-07-29T11:41:49.115+01:00 DEBUG 9164 --- [microservice-admin] [main] [                                                 ] o.h.e.i.AbstractFlushingEventListener    : Flushed: 0 (re)creations, 0 updates, 0 removals to 6 collections
2026-07-29T11:41:49.115+01:00 DEBUG 9164 --- [microservice-admin] [main] [                                                 ] o.hibernate.internal.util.EntityPrinter  : Listing entities:
2026-07-29T11:41:49.115+01:00 DEBUG 9164 --- [microservice-admin] [main] [                                                 ] o.hibernate.internal.util.EntityPrinter  : sid.service_admin.model.Modulesecurite{menuList=<uninitialized>, code=securite, description=gestion Securite, id=2, usermoduleCollection=<uninitialized>}
2026-07-29T11:41:49.115+01:00 DEBUG 9164 --- [microservice-admin] [main] [                                                 ] o.hibernate.internal.util.EntityPrinter  : sid.service_admin.model.Modulesecurite{menuList=<uninitialized>, code=facturation, description=Facturation clients, id=1, usermoduleCollection=<uninitialized>}
2026-07-29T11:41:49.115+01:00 DEBUG 9164 --- [microservice-admin] [main] [                                                 ] o.hibernate.internal.util.EntityPrinter  : sid.service_admin.model.Modulesecurite{menuList=<uninitialized>, code=stock, description=gestion des stocks, id=3, usermoduleCollection=<uninitialized>}
2026-07-29T11:41:49.116+01:00 DEBUG 9164 --- [microservice-admin] [main] [                                                 ] org.hibernate.orm.sql.exec               : Skipping reading Query result cache data: cache-enabled = false, cache-mode = NORMAL
2026-07-29T11:41:49.116+01:00 DEBUG 9164 --- [microservice-admin] [main] [                                                 ] org.hibernate.SQL                        : select m1_0.id,m1_0.code,m1_0.description from modulesecurite m1_0 where m1_0.code=?
2026-07-29T11:41:49.117+01:00 TRACE 9164 --- [microservice-admin] [main] [                                                 ] o.s.t.i.TransactionInterceptor           : No need to create transaction for [org.springframework.data.jpa.repository.support.SimpleJpaRepository.findByCode]: This method is not transactional.
2026-07-29T11:41:49.118+01:00 DEBUG 9164 --- [microservice-admin] [main] [                                                 ] o.h.e.i.AbstractFlushingEventListener    : Processing flush-time cascades
2026-07-29T11:41:49.118+01:00 DEBUG 9164 --- [microservice-admin] [main] [                                                 ] o.h.e.i.AbstractFlushingEventListener    : Dirty checking collections
2026-07-29T11:41:49.118+01:00 DEBUG 9164 --- [microservice-admin] [main] [                                                 ] o.hibernate.engine.internal.Collections  : Collection found: [sid.service_admin.model.Modulesecurite.menuList#1], was: [sid.service_admin.model.Modulesecurite.menuList#1] (uninitialized)
2026-07-29T11:41:49.118+01:00 DEBUG 9164 --- [microservice-admin] [main] [                                                 ] o.hibernate.engine.internal.Collections  : Collection found: [sid.service_admin.model.Modulesecurite.usermoduleCollection#1], was: [sid.service_admin.model.Modulesecurite.usermoduleCollection#1] (uninitialized)
2026-07-29T11:41:49.119+01:00 DEBUG 9164 --- [microservice-admin] [main] [                                                 ] o.hibernate.engine.internal.Collections  : Collection found: [sid.service_admin.model.Modulesecurite.menuList#2], was: [sid.service_admin.model.Modulesecurite.menuList#2] (uninitialized)
2026-07-29T11:41:49.119+01:00 DEBUG 9164 --- [microservice-admin] [main] [                                                 ] o.hibernate.engine.internal.Collections  : Collection found: [sid.service_admin.model.Modulesecurite.usermoduleCollection#2], was: [sid.service_admin.model.Modulesecurite.usermoduleCollection#2] (uninitialized)
2026-07-29T11:41:49.119+01:00 DEBUG 9164 --- [microservice-admin] [main] [                                                 ] o.hibernate.engine.internal.Collections  : Collection found: [sid.service_admin.model.Modulesecurite.menuList#3], was: [sid.service_admin.model.Modulesecurite.menuList#3] (uninitialized)
2026-07-29T11:41:49.119+01:00 DEBUG 9164 --- [microservice-admin] [main] [                                                 ] o.hibernate.engine.internal.Collections  : Collection found: [sid.service_admin.model.Modulesecurite.usermoduleCollection#3], was: [sid.service_admin.model.Modulesecurite.usermoduleCollection#3] (uninitialized)
2026-07-29T11:41:49.119+01:00 DEBUG 9164 --- [microservice-admin] [main] [                                                 ] o.hibernate.engine.internal.Collections  : Collection found: [sid.service_admin.model.Modulesecurite.menuList#4], was: [sid.service_admin.model.Modulesecurite.menuList#4] (uninitialized)
2026-07-29T11:41:49.119+01:00 DEBUG 9164 --- [microservice-admin] [main] [                                                 ] o.hibernate.engine.internal.Collections  : Collection found: [sid.service_admin.model.Modulesecurite.usermoduleCollection#4], was: [sid.service_admin.model.Modulesecurite.usermoduleCollection#4] (uninitialized)
2026-07-29T11:41:49.119+01:00 DEBUG 9164 --- [microservice-admin] [main] [                                                 ] o.h.e.i.AbstractFlushingEventListener    : Flushed: 0 insertions, 0 updates, 0 deletions to 4 objects
2026-07-29T11:41:49.119+01:00 DEBUG 9164 --- [microservice-admin] [main] [                                                 ] o.h.e.i.AbstractFlushingEventListener    : Flushed: 0 (re)creations, 0 updates, 0 removals to 8 collections
2026-07-29T11:41:49.119+01:00 DEBUG 9164 --- [microservice-admin] [main] [                                                 ] o.hibernate.internal.util.EntityPrinter  : Listing entities:
2026-07-29T11:41:49.119+01:00 DEBUG 9164 --- [microservice-admin] [main] [                                                 ] o.hibernate.internal.util.EntityPrinter  : sid.service_admin.model.Modulesecurite{menuList=<uninitialized>, code=securite, description=gestion Securite, id=2, usermoduleCollection=<uninitialized>}
2026-07-29T11:41:49.119+01:00 DEBUG 9164 --- [microservice-admin] [main] [                                                 ] o.hibernate.internal.util.EntityPrinter  : sid.service_admin.model.Modulesecurite{menuList=<uninitialized>, code=facturation, description=Facturation clients, id=1, usermoduleCollection=<uninitialized>}
2026-07-29T11:41:49.120+01:00 DEBUG 9164 --- [microservice-admin] [main] [                                                 ] o.hibernate.internal.util.EntityPrinter  : sid.service_admin.model.Modulesecurite{menuList=<uninitialized>, code=comptabilite, description=gestion de la comptabilite, id=4, usermoduleCollection=<uninitialized>}
2026-07-29T11:41:49.120+01:00 DEBUG 9164 --- [microservice-admin] [main] [                                                 ] o.hibernate.internal.util.EntityPrinter  : sid.service_admin.model.Modulesecurite{menuList=<uninitialized>, code=stock, description=gestion des stocks, id=3, usermoduleCollection=<uninitialized>}
2026-07-29T11:41:49.120+01:00 DEBUG 9164 --- [microservice-admin] [main] [                                                 ] org.hibernate.orm.sql.exec               : Skipping reading Query result cache data: cache-enabled = false, cache-mode = NORMAL
2026-07-29T11:41:49.120+01:00 DEBUG 9164 --- [microservice-admin] [main] [                                                 ] org.hibernate.SQL                        : select m1_0.id,m1_0.code,m1_0.description from modulesecurite m1_0 where m1_0.code=?
2026-07-29T11:41:49.122+01:00 TRACE 9164 --- [microservice-admin] [main] [                                                 ] o.s.t.i.TransactionInterceptor           : No need to create transaction for [org.springframework.data.jpa.repository.support.SimpleJpaRepository.findByCode]: This method is not transactional.
2026-07-29T11:41:49.123+01:00 DEBUG 9164 --- [microservice-admin] [main] [                                                 ] o.h.e.i.AbstractFlushingEventListener    : Processing flush-time cascades
2026-07-29T11:41:49.123+01:00 DEBUG 9164 --- [microservice-admin] [main] [                                                 ] o.h.e.i.AbstractFlushingEventListener    : Dirty checking collections
2026-07-29T11:41:49.123+01:00 DEBUG 9164 --- [microservice-admin] [main] [                                                 ] o.hibernate.engine.internal.Collections  : Collection found: [sid.service_admin.model.Modulesecurite.menuList#1], was: [sid.service_admin.model.Modulesecurite.menuList#1] (uninitialized)
2026-07-29T11:41:49.123+01:00 DEBUG 9164 --- [microservice-admin] [main] [                                                 ] o.hibernate.engine.internal.Collections  : Collection found: [sid.service_admin.model.Modulesecurite.usermoduleCollection#1], was: [sid.service_admin.model.Modulesecurite.usermoduleCollection#1] (uninitialized)
2026-07-29T11:41:49.123+01:00 DEBUG 9164 --- [microservice-admin] [main] [                                                 ] o.hibernate.engine.internal.Collections  : Collection found: [sid.service_admin.model.Modulesecurite.menuList#2], was: [sid.service_admin.model.Modulesecurite.menuList#2] (uninitialized)
2026-07-29T11:41:49.123+01:00 DEBUG 9164 --- [microservice-admin] [main] [                                                 ] o.hibernate.engine.internal.Collections  : Collection found: [sid.service_admin.model.Modulesecurite.usermoduleCollection#2], was: [sid.service_admin.model.Modulesecurite.usermoduleCollection#2] (uninitialized)
2026-07-29T11:41:49.124+01:00 DEBUG 9164 --- [microservice-admin] [main] [                                                 ] o.hibernate.engine.internal.Collections  : Collection found: [sid.service_admin.model.Modulesecurite.menuList#3], was: [sid.service_admin.model.Modulesecurite.menuList#3] (uninitialized)
2026-07-29T11:41:49.124+01:00 DEBUG 9164 --- [microservice-admin] [main] [                                                 ] o.hibernate.engine.internal.Collections  : Collection found: [sid.service_admin.model.Modulesecurite.usermoduleCollection#3], was: [sid.service_admin.model.Modulesecurite.usermoduleCollection#3] (uninitialized)
2026-07-29T11:41:49.124+01:00 DEBUG 9164 --- [microservice-admin] [main] [                                                 ] o.hibernate.engine.internal.Collections  : Collection found: [sid.service_admin.model.Modulesecurite.menuList#4], was: [sid.service_admin.model.Modulesecurite.menuList#4] (uninitialized)
2026-07-29T11:41:49.124+01:00 DEBUG 9164 --- [microservice-admin] [main] [                                                 ] o.hibernate.engine.internal.Collections  : Collection found: [sid.service_admin.model.Modulesecurite.usermoduleCollection#4], was: [sid.service_admin.model.Modulesecurite.usermoduleCollection#4] (uninitialized)
2026-07-29T11:41:49.124+01:00 DEBUG 9164 --- [microservice-admin] [main] [                                                 ] o.hibernate.engine.internal.Collections  : Collection found: [sid.service_admin.model.Modulesecurite.menuList#5], was: [sid.service_admin.model.Modulesecurite.menuList#5] (uninitialized)
2026-07-29T11:41:49.124+01:00 DEBUG 9164 --- [microservice-admin] [main] [                                                 ] o.hibernate.engine.internal.Collections  : Collection found: [sid.service_admin.model.Modulesecurite.usermoduleCollection#5], was: [sid.service_admin.model.Modulesecurite.usermoduleCollection#5] (uninitialized)
2026-07-29T11:41:49.124+01:00 DEBUG 9164 --- [microservice-admin] [main] [                                                 ] o.h.e.i.AbstractFlushingEventListener    : Flushed: 0 insertions, 0 updates, 0 deletions to 5 objects
2026-07-29T11:41:49.124+01:00 DEBUG 9164 --- [microservice-admin] [main] [                                                 ] o.h.e.i.AbstractFlushingEventListener    : Flushed: 0 (re)creations, 0 updates, 0 removals to 10 collections
2026-07-29T11:41:49.124+01:00 DEBUG 9164 --- [microservice-admin] [main] [                                                 ] o.hibernate.internal.util.EntityPrinter  : Listing entities:
2026-07-29T11:41:49.124+01:00 DEBUG 9164 --- [microservice-admin] [main] [                                                 ] o.hibernate.internal.util.EntityPrinter  : sid.service_admin.model.Modulesecurite{menuList=<uninitialized>, code=vente, description=Gestion des ventes, id=5, usermoduleCollection=<uninitialized>}
2026-07-29T11:41:49.124+01:00 DEBUG 9164 --- [microservice-admin] [main] [                                                 ] o.hibernate.internal.util.EntityPrinter  : sid.service_admin.model.Modulesecurite{menuList=<uninitialized>, code=securite, description=gestion Securite, id=2, usermoduleCollection=<uninitialized>}
2026-07-29T11:41:49.124+01:00 DEBUG 9164 --- [microservice-admin] [main] [                                                 ] o.hibernate.internal.util.EntityPrinter  : sid.service_admin.model.Modulesecurite{menuList=<uninitialized>, code=facturation, description=Facturation clients, id=1, usermoduleCollection=<uninitialized>}
2026-07-29T11:41:49.125+01:00 DEBUG 9164 --- [microservice-admin] [main] [                                                 ] o.hibernate.internal.util.EntityPrinter  : sid.service_admin.model.Modulesecurite{menuList=<uninitialized>, code=comptabilite, description=gestion de la comptabilite, id=4, usermoduleCollection=<uninitialized>}
2026-07-29T11:41:49.125+01:00 DEBUG 9164 --- [microservice-admin] [main] [                                                 ] o.hibernate.internal.util.EntityPrinter  : sid.service_admin.model.Modulesecurite{menuList=<uninitialized>, code=stock, description=gestion des stocks, id=3, usermoduleCollection=<uninitialized>}
2026-07-29T11:41:49.125+01:00 DEBUG 9164 --- [microservice-admin] [main] [                                                 ] org.hibernate.orm.sql.exec               : Skipping reading Query result cache data: cache-enabled = false, cache-mode = NORMAL
2026-07-29T11:41:49.125+01:00 DEBUG 9164 --- [microservice-admin] [main] [                                                 ] org.hibernate.SQL                        : select m1_0.id,m1_0.code,m1_0.description from modulesecurite m1_0 where m1_0.code=?
2026-07-29T11:41:49.127+01:00 TRACE 9164 --- [microservice-admin] [main] [                                                 ] o.s.t.i.TransactionInterceptor           : No need to create transaction for [org.springframework.data.jpa.repository.support.SimpleJpaRepository.findByCode]: This method is not transactional.
2026-07-29T11:41:49.127+01:00 DEBUG 9164 --- [microservice-admin] [main] [                                                 ] o.h.e.i.AbstractFlushingEventListener    : Processing flush-time cascades
2026-07-29T11:41:49.128+01:00 DEBUG 9164 --- [microservice-admin] [main] [                                                 ] o.h.e.i.AbstractFlushingEventListener    : Dirty checking collections
2026-07-29T11:41:49.128+01:00 DEBUG 9164 --- [microservice-admin] [main] [                                                 ] o.hibernate.engine.internal.Collections  : Collection found: [sid.service_admin.model.Modulesecurite.menuList#1], was: [sid.service_admin.model.Modulesecurite.menuList#1] (uninitialized)
2026-07-29T11:41:49.128+01:00 DEBUG 9164 --- [microservice-admin] [main] [                                                 ] o.hibernate.engine.internal.Collections  : Collection found: [sid.service_admin.model.Modulesecurite.usermoduleCollection#1], was: [sid.service_admin.model.Modulesecurite.usermoduleCollection#1] (uninitialized)
2026-07-29T11:41:49.128+01:00 DEBUG 9164 --- [microservice-admin] [main] [                                                 ] o.hibernate.engine.internal.Collections  : Collection found: [sid.service_admin.model.Modulesecurite.menuList#2], was: [sid.service_admin.model.Modulesecurite.menuList#2] (uninitialized)
2026-07-29T11:41:49.129+01:00 DEBUG 9164 --- [microservice-admin] [main] [                                                 ] o.hibernate.engine.internal.Collections  : Collection found: [sid.service_admin.model.Modulesecurite.usermoduleCollection#2], was: [sid.service_admin.model.Modulesecurite.usermoduleCollection#2] (uninitialized)
2026-07-29T11:41:49.129+01:00 DEBUG 9164 --- [microservice-admin] [main] [                                                 ] o.hibernate.engine.internal.Collections  : Collection found: [sid.service_admin.model.Modulesecurite.menuList#3], was: [sid.service_admin.model.Modulesecurite.menuList#3] (uninitialized)
2026-07-29T11:41:49.129+01:00 DEBUG 9164 --- [microservice-admin] [main] [                                                 ] o.hibernate.engine.internal.Collections  : Collection found: [sid.service_admin.model.Modulesecurite.usermoduleCollection#3], was: [sid.service_admin.model.Modulesecurite.usermoduleCollection#3] (uninitialized)
2026-07-29T11:41:49.129+01:00 DEBUG 9164 --- [microservice-admin] [main] [                                                 ] o.hibernate.engine.internal.Collections  : Collection found: [sid.service_admin.model.Modulesecurite.menuList#4], was: [sid.service_admin.model.Modulesecurite.menuList#4] (uninitialized)
2026-07-29T11:41:49.129+01:00 DEBUG 9164 --- [microservice-admin] [main] [                                                 ] o.hibernate.engine.internal.Collections  : Collection found: [sid.service_admin.model.Modulesecurite.usermoduleCollection#4], was: [sid.service_admin.model.Modulesecurite.usermoduleCollection#4] (uninitialized)
2026-07-29T11:41:49.129+01:00 DEBUG 9164 --- [microservice-admin] [main] [                                                 ] o.hibernate.engine.internal.Collections  : Collection found: [sid.service_admin.model.Modulesecurite.menuList#5], was: [sid.service_admin.model.Modulesecurite.menuList#5] (uninitialized)
2026-07-29T11:41:49.129+01:00 DEBUG 9164 --- [microservice-admin] [main] [                                                 ] o.hibernate.engine.internal.Collections  : Collection found: [sid.service_admin.model.Modulesecurite.usermoduleCollection#5], was: [sid.service_admin.model.Modulesecurite.usermoduleCollection#5] (uninitialized)
2026-07-29T11:41:49.129+01:00 DEBUG 9164 --- [microservice-admin] [main] [                                                 ] o.hibernate.engine.internal.Collections  : Collection found: [sid.service_admin.model.Modulesecurite.menuList#6], was: [sid.service_admin.model.Modulesecurite.menuList#6] (uninitialized)
2026-07-29T11:41:49.129+01:00 DEBUG 9164 --- [microservice-admin] [main] [                                                 ] o.hibernate.engine.internal.Collections  : Collection found: [sid.service_admin.model.Modulesecurite.usermoduleCollection#6], was: [sid.service_admin.model.Modulesecurite.usermoduleCollection#6] (uninitialized)
2026-07-29T11:41:49.130+01:00 DEBUG 9164 --- [microservice-admin] [main] [                                                 ] o.h.e.i.AbstractFlushingEventListener    : Flushed: 0 insertions, 0 updates, 0 deletions to 6 objects
2026-07-29T11:41:49.130+01:00 DEBUG 9164 --- [microservice-admin] [main] [                                                 ] o.h.e.i.AbstractFlushingEventListener    : Flushed: 0 (re)creations, 0 updates, 0 removals to 12 collections
2026-07-29T11:41:49.130+01:00 DEBUG 9164 --- [microservice-admin] [main] [                                                 ] o.hibernate.internal.util.EntityPrinter  : Listing entities:
2026-07-29T11:41:49.130+01:00 DEBUG 9164 --- [microservice-admin] [main] [                                                 ] o.hibernate.internal.util.EntityPrinter  : sid.service_admin.model.Modulesecurite{menuList=<uninitialized>, code=administration, description=administration de l entreprise, id=6, usermoduleCollection=<uninitialized>}
2026-07-29T11:41:49.130+01:00 DEBUG 9164 --- [microservice-admin] [main] [                                                 ] o.hibernate.internal.util.EntityPrinter  : sid.service_admin.model.Modulesecurite{menuList=<uninitialized>, code=vente, description=Gestion des ventes, id=5, usermoduleCollection=<uninitialized>}
2026-07-29T11:41:49.130+01:00 DEBUG 9164 --- [microservice-admin] [main] [                                                 ] o.hibernate.internal.util.EntityPrinter  : sid.service_admin.model.Modulesecurite{menuList=<uninitialized>, code=securite, description=gestion Securite, id=2, usermoduleCollection=<uninitialized>}
2026-07-29T11:41:49.130+01:00 DEBUG 9164 --- [microservice-admin] [main] [                                                 ] o.hibernate.internal.util.EntityPrinter  : sid.service_admin.model.Modulesecurite{menuList=<uninitialized>, code=facturation, description=Facturation clients, id=1, usermoduleCollection=<uninitialized>}
2026-07-29T11:41:49.130+01:00 DEBUG 9164 --- [microservice-admin] [main] [                                                 ] o.hibernate.internal.util.EntityPrinter  : sid.service_admin.model.Modulesecurite{menuList=<uninitialized>, code=comptabilite, description=gestion de la comptabilite, id=4, usermoduleCollection=<uninitialized>}
2026-07-29T11:41:49.130+01:00 DEBUG 9164 --- [microservice-admin] [main] [                                                 ] o.hibernate.internal.util.EntityPrinter  : sid.service_admin.model.Modulesecurite{menuList=<uninitialized>, code=stock, description=gestion des stocks, id=3, usermoduleCollection=<uninitialized>}
2026-07-29T11:41:49.130+01:00 DEBUG 9164 --- [microservice-admin] [main] [                                                 ] org.hibernate.orm.sql.exec               : Skipping reading Query result cache data: cache-enabled = false, cache-mode = NORMAL
2026-07-29T11:41:49.130+01:00 DEBUG 9164 --- [microservice-admin] [main] [                                                 ] org.hibernate.SQL                        : select m1_0.id,m1_0.code,m1_0.description from modulesecurite m1_0 where m1_0.code=?
2026-07-29T11:41:49.132+01:00 TRACE 9164 --- [microservice-admin] [main] [                                                 ] o.s.t.i.TransactionInterceptor           : No need to create transaction for [org.springframework.data.jpa.repository.support.SimpleJpaRepository.findByCode]: This method is not transactional.
2026-07-29T11:41:49.133+01:00 DEBUG 9164 --- [microservice-admin] [main] [                                                 ] o.h.e.i.AbstractFlushingEventListener    : Processing flush-time cascades
2026-07-29T11:41:49.133+01:00 DEBUG 9164 --- [microservice-admin] [main] [                                                 ] o.h.e.i.AbstractFlushingEventListener    : Dirty checking collections
2026-07-29T11:41:49.133+01:00 DEBUG 9164 --- [microservice-admin] [main] [                                                 ] o.hibernate.engine.internal.Collections  : Collection found: [sid.service_admin.model.Modulesecurite.menuList#1], was: [sid.service_admin.model.Modulesecurite.menuList#1] (uninitialized)
2026-07-29T11:41:49.134+01:00 DEBUG 9164 --- [microservice-admin] [main] [                                                 ] o.hibernate.engine.internal.Collections  : Collection found: [sid.service_admin.model.Modulesecurite.usermoduleCollection#1], was: [sid.service_admin.model.Modulesecurite.usermoduleCollection#1] (uninitialized)
2026-07-29T11:41:49.134+01:00 DEBUG 9164 --- [microservice-admin] [main] [                                                 ] o.hibernate.engine.internal.Collections  : Collection found: [sid.service_admin.model.Modulesecurite.menuList#2], was: [sid.service_admin.model.Modulesecurite.menuList#2] (uninitialized)
2026-07-29T11:41:49.134+01:00 DEBUG 9164 --- [microservice-admin] [main] [                                                 ] o.hibernate.engine.internal.Collections  : Collection found: [sid.service_admin.model.Modulesecurite.usermoduleCollection#2], was: [sid.service_admin.model.Modulesecurite.usermoduleCollection#2] (uninitialized)
2026-07-29T11:41:49.134+01:00 DEBUG 9164 --- [microservice-admin] [main] [                                                 ] o.hibernate.engine.internal.Collections  : Collection found: [sid.service_admin.model.Modulesecurite.menuList#3], was: [sid.service_admin.model.Modulesecurite.menuList#3] (uninitialized)
2026-07-29T11:41:49.134+01:00 DEBUG 9164 --- [microservice-admin] [main] [                                                 ] o.hibernate.engine.internal.Collections  : Collection found: [sid.service_admin.model.Modulesecurite.usermoduleCollection#3], was: [sid.service_admin.model.Modulesecurite.usermoduleCollection#3] (uninitialized)
2026-07-29T11:41:49.135+01:00 DEBUG 9164 --- [microservice-admin] [main] [                                                 ] o.hibernate.engine.internal.Collections  : Collection found: [sid.service_admin.model.Modulesecurite.menuList#4], was: [sid.service_admin.model.Modulesecurite.menuList#4] (uninitialized)
2026-07-29T11:41:49.135+01:00 DEBUG 9164 --- [microservice-admin] [main] [                                                 ] o.hibernate.engine.internal.Collections  : Collection found: [sid.service_admin.model.Modulesecurite.usermoduleCollection#4], was: [sid.service_admin.model.Modulesecurite.usermoduleCollection#4] (uninitialized)
2026-07-29T11:41:49.135+01:00 DEBUG 9164 --- [microservice-admin] [main] [                                                 ] o.hibernate.engine.internal.Collections  : Collection found: [sid.service_admin.model.Modulesecurite.menuList#5], was: [sid.service_admin.model.Modulesecurite.menuList#5] (uninitialized)
2026-07-29T11:41:49.135+01:00 DEBUG 9164 --- [microservice-admin] [main] [                                                 ] o.hibernate.engine.internal.Collections  : Collection found: [sid.service_admin.model.Modulesecurite.usermoduleCollection#5], was: [sid.service_admin.model.Modulesecurite.usermoduleCollection#5] (uninitialized)
2026-07-29T11:41:49.135+01:00 DEBUG 9164 --- [microservice-admin] [main] [                                                 ] o.hibernate.engine.internal.Collections  : Collection found: [sid.service_admin.model.Modulesecurite.menuList#6], was: [sid.service_admin.model.Modulesecurite.menuList#6] (uninitialized)
2026-07-29T11:41:49.135+01:00 DEBUG 9164 --- [microservice-admin] [main] [                                                 ] o.hibernate.engine.internal.Collections  : Collection found: [sid.service_admin.model.Modulesecurite.usermoduleCollection#6], was: [sid.service_admin.model.Modulesecurite.usermoduleCollection#6] (uninitialized)
2026-07-29T11:41:49.136+01:00 DEBUG 9164 --- [microservice-admin] [main] [                                                 ] o.hibernate.engine.internal.Collections  : Collection found: [sid.service_admin.model.Modulesecurite.menuList#7], was: [sid.service_admin.model.Modulesecurite.menuList#7] (uninitialized)
2026-07-29T11:41:49.136+01:00 DEBUG 9164 --- [microservice-admin] [main] [                                                 ] o.hibernate.engine.internal.Collections  : Collection found: [sid.service_admin.model.Modulesecurite.usermoduleCollection#7], was: [sid.service_admin.model.Modulesecurite.usermoduleCollection#7] (uninitialized)
2026-07-29T11:41:49.136+01:00 DEBUG 9164 --- [microservice-admin] [main] [                                                 ] o.h.e.i.AbstractFlushingEventListener    : Flushed: 0 insertions, 0 updates, 0 deletions to 7 objects
2026-07-29T11:41:49.136+01:00 DEBUG 9164 --- [microservice-admin] [main] [                                                 ] o.h.e.i.AbstractFlushingEventListener    : Flushed: 0 (re)creations, 0 updates, 0 removals to 14 collections
2026-07-29T11:41:49.136+01:00 DEBUG 9164 --- [microservice-admin] [main] [                                                 ] o.hibernate.internal.util.EntityPrinter  : Listing entities:
2026-07-29T11:41:49.136+01:00 DEBUG 9164 --- [microservice-admin] [main] [                                                 ] o.hibernate.internal.util.EntityPrinter  : sid.service_admin.model.Modulesecurite{menuList=<uninitialized>, code=administration, description=administration de l entreprise, id=6, usermoduleCollection=<uninitialized>}
2026-07-29T11:41:49.136+01:00 DEBUG 9164 --- [microservice-admin] [main] [                                                 ] o.hibernate.internal.util.EntityPrinter  : sid.service_admin.model.Modulesecurite{menuList=<uninitialized>, code=vente, description=Gestion des ventes, id=5, usermoduleCollection=<uninitialized>}
2026-07-29T11:41:49.136+01:00 DEBUG 9164 --- [microservice-admin] [main] [                                                 ] o.hibernate.internal.util.EntityPrinter  : sid.service_admin.model.Modulesecurite{menuList=<uninitialized>, code=parametrage, description=parametrage de  l entreprise, id=7, usermoduleCollection=<uninitialized>}
2026-07-29T11:41:49.136+01:00 DEBUG 9164 --- [microservice-admin] [main] [                                                 ] o.hibernate.internal.util.EntityPrinter  : sid.service_admin.model.Modulesecurite{menuList=<uninitialized>, code=securite, description=gestion Securite, id=2, usermoduleCollection=<uninitialized>}
2026-07-29T11:41:49.137+01:00 DEBUG 9164 --- [microservice-admin] [main] [                                                 ] o.hibernate.internal.util.EntityPrinter  : sid.service_admin.model.Modulesecurite{menuList=<uninitialized>, code=facturation, description=Facturation clients, id=1, usermoduleCollection=<uninitialized>}
2026-07-29T11:41:49.137+01:00 DEBUG 9164 --- [microservice-admin] [main] [                                                 ] o.hibernate.internal.util.EntityPrinter  : sid.service_admin.model.Modulesecurite{menuList=<uninitialized>, code=comptabilite, description=gestion de la comptabilite, id=4, usermoduleCollection=<uninitialized>}
2026-07-29T11:41:49.137+01:00 DEBUG 9164 --- [microservice-admin] [main] [                                                 ] o.hibernate.internal.util.EntityPrinter  : sid.service_admin.model.Modulesecurite{menuList=<uninitialized>, code=stock, description=gestion des stocks, id=3, usermoduleCollection=<uninitialized>}
2026-07-29T11:41:49.137+01:00 DEBUG 9164 --- [microservice-admin] [main] [                                                 ] org.hibernate.orm.sql.exec               : Skipping reading Query result cache data: cache-enabled = false, cache-mode = NORMAL
2026-07-29T11:41:49.137+01:00 DEBUG 9164 --- [microservice-admin] [main] [                                                 ] org.hibernate.SQL                        : select m1_0.id,m1_0.code,m1_0.description from modulesecurite m1_0 where m1_0.code=?
2026-07-29T11:41:49.139+01:00 TRACE 9164 --- [microservice-admin] [main] [                                                 ] o.s.t.i.TransactionInterceptor           : Completing transaction for [sid.service_admin.service.InitiationDb.getAllModuleSecurite]
2026-07-29T11:41:49.139+01:00 DEBUG 9164 --- [microservice-admin] [main] [                                                 ] o.s.orm.jpa.JpaTransactionManager        : Initiating transaction commit
2026-07-29T11:41:49.140+01:00 DEBUG 9164 --- [microservice-admin] [main] [                                                 ] o.s.orm.jpa.JpaTransactionManager        : Committing JPA transaction on EntityManager [SessionImpl(342984225<open>)]
2026-07-29T11:41:49.140+01:00 DEBUG 9164 --- [microservice-admin] [main] [                                                 ] o.h.e.t.internal.TransactionImpl         : committing
2026-07-29T11:41:49.140+01:00 DEBUG 9164 --- [microservice-admin] [main] [                                                 ] o.h.e.i.AbstractFlushingEventListener    : Processing flush-time cascades
2026-07-29T11:41:49.140+01:00 DEBUG 9164 --- [microservice-admin] [main] [                                                 ] o.h.e.i.AbstractFlushingEventListener    : Dirty checking collections
2026-07-29T11:41:49.140+01:00 DEBUG 9164 --- [microservice-admin] [main] [                                                 ] o.hibernate.engine.internal.Collections  : Collection found: [sid.service_admin.model.Modulesecurite.menuList#1], was: [sid.service_admin.model.Modulesecurite.menuList#1] (uninitialized)
2026-07-29T11:41:49.140+01:00 DEBUG 9164 --- [microservice-admin] [main] [                                                 ] o.hibernate.engine.internal.Collections  : Collection found: [sid.service_admin.model.Modulesecurite.usermoduleCollection#1], was: [sid.service_admin.model.Modulesecurite.usermoduleCollection#1] (uninitialized)
2026-07-29T11:41:49.140+01:00 DEBUG 9164 --- [microservice-admin] [main] [                                                 ] o.hibernate.engine.internal.Collections  : Collection found: [sid.service_admin.model.Modulesecurite.menuList#2], was: [sid.service_admin.model.Modulesecurite.menuList#2] (uninitialized)
2026-07-29T11:41:49.140+01:00 DEBUG 9164 --- [microservice-admin] [main] [                                                 ] o.hibernate.engine.internal.Collections  : Collection found: [sid.service_admin.model.Modulesecurite.usermoduleCollection#2], was: [sid.service_admin.model.Modulesecurite.usermoduleCollection#2] (uninitialized)
2026-07-29T11:41:49.140+01:00 DEBUG 9164 --- [microservice-admin] [main] [                                                 ] o.hibernate.engine.internal.Collections  : Collection found: [sid.service_admin.model.Modulesecurite.menuList#3], was: [sid.service_admin.model.Modulesecurite.menuList#3] (uninitialized)
2026-07-29T11:41:49.141+01:00 DEBUG 9164 --- [microservice-admin] [main] [                                                 ] o.hibernate.engine.internal.Collections  : Collection found: [sid.service_admin.model.Modulesecurite.usermoduleCollection#3], was: [sid.service_admin.model.Modulesecurite.usermoduleCollection#3] (uninitialized)
2026-07-29T11:41:49.141+01:00 DEBUG 9164 --- [microservice-admin] [main] [                                                 ] o.hibernate.engine.internal.Collections  : Collection found: [sid.service_admin.model.Modulesecurite.menuList#4], was: [sid.service_admin.model.Modulesecurite.menuList#4] (uninitialized)
2026-07-29T11:41:49.141+01:00 DEBUG 9164 --- [microservice-admin] [main] [                                                 ] o.hibernate.engine.internal.Collections  : Collection found: [sid.service_admin.model.Modulesecurite.usermoduleCollection#4], was: [sid.service_admin.model.Modulesecurite.usermoduleCollection#4] (uninitialized)
2026-07-29T11:41:49.141+01:00 DEBUG 9164 --- [microservice-admin] [main] [                                                 ] o.hibernate.engine.internal.Collections  : Collection found: [sid.service_admin.model.Modulesecurite.menuList#5], was: [sid.service_admin.model.Modulesecurite.menuList#5] (uninitialized)
2026-07-29T11:41:49.141+01:00 DEBUG 9164 --- [microservice-admin] [main] [                                                 ] o.hibernate.engine.internal.Collections  : Collection found: [sid.service_admin.model.Modulesecurite.usermoduleCollection#5], was: [sid.service_admin.model.Modulesecurite.usermoduleCollection#5] (uninitialized)
2026-07-29T11:41:49.141+01:00 DEBUG 9164 --- [microservice-admin] [main] [                                                 ] o.hibernate.engine.internal.Collections  : Collection found: [sid.service_admin.model.Modulesecurite.menuList#6], was: [sid.service_admin.model.Modulesecurite.menuList#6] (uninitialized)
2026-07-29T11:41:49.141+01:00 DEBUG 9164 --- [microservice-admin] [main] [                                                 ] o.hibernate.engine.internal.Collections  : Collection found: [sid.service_admin.model.Modulesecurite.usermoduleCollection#6], was: [sid.service_admin.model.Modulesecurite.usermoduleCollection#6] (uninitialized)
2026-07-29T11:41:49.141+01:00 DEBUG 9164 --- [microservice-admin] [main] [                                                 ] o.hibernate.engine.internal.Collections  : Collection found: [sid.service_admin.model.Modulesecurite.menuList#7], was: [sid.service_admin.model.Modulesecurite.menuList#7] (uninitialized)
2026-07-29T11:41:49.141+01:00 DEBUG 9164 --- [microservice-admin] [main] [                                                 ] o.hibernate.engine.internal.Collections  : Collection found: [sid.service_admin.model.Modulesecurite.usermoduleCollection#7], was: [sid.service_admin.model.Modulesecurite.usermoduleCollection#7] (uninitialized)
2026-07-29T11:41:49.141+01:00 DEBUG 9164 --- [microservice-admin] [main] [                                                 ] o.hibernate.engine.internal.Collections  : Collection found: [sid.service_admin.model.Modulesecurite.menuList#8], was: [sid.service_admin.model.Modulesecurite.menuList#8] (uninitialized)
2026-07-29T11:41:49.141+01:00 DEBUG 9164 --- [microservice-admin] [main] [                                                 ] o.hibernate.engine.internal.Collections  : Collection found: [sid.service_admin.model.Modulesecurite.usermoduleCollection#8], was: [sid.service_admin.model.Modulesecurite.usermoduleCollection#8] (uninitialized)
2026-07-29T11:41:49.141+01:00 DEBUG 9164 --- [microservice-admin] [main] [                                                 ] o.h.e.i.AbstractFlushingEventListener    : Flushed: 0 insertions, 0 updates, 0 deletions to 8 objects
2026-07-29T11:41:49.141+01:00 DEBUG 9164 --- [microservice-admin] [main] [                                                 ] o.h.e.i.AbstractFlushingEventListener    : Flushed: 0 (re)creations, 0 updates, 0 removals to 16 collections
2026-07-29T11:41:49.142+01:00 DEBUG 9164 --- [microservice-admin] [main] [                                                 ] o.hibernate.internal.util.EntityPrinter  : Listing entities:
2026-07-29T11:41:49.142+01:00 DEBUG 9164 --- [microservice-admin] [main] [                                                 ] o.hibernate.internal.util.EntityPrinter  : sid.service_admin.model.Modulesecurite{menuList=<uninitialized>, code=administration, description=administration de l entreprise, id=6, usermoduleCollection=<uninitialized>}
2026-07-29T11:41:49.142+01:00 DEBUG 9164 --- [microservice-admin] [main] [                                                 ] o.hibernate.internal.util.EntityPrinter  : sid.service_admin.model.Modulesecurite{menuList=<uninitialized>, code=vente, description=Gestion des ventes, id=5, usermoduleCollection=<uninitialized>}
2026-07-29T11:41:49.142+01:00 DEBUG 9164 --- [microservice-admin] [main] [                                                 ] o.hibernate.internal.util.EntityPrinter  : sid.service_admin.model.Modulesecurite{menuList=<uninitialized>, code=photocophie, description=gestion photocopie , id=8, usermoduleCollection=<uninitialized>}
2026-07-29T11:41:49.142+01:00 DEBUG 9164 --- [microservice-admin] [main] [                                                 ] o.hibernate.internal.util.EntityPrinter  : sid.service_admin.model.Modulesecurite{menuList=<uninitialized>, code=parametrage, description=parametrage de  l entreprise, id=7, usermoduleCollection=<uninitialized>}
2026-07-29T11:41:49.142+01:00 DEBUG 9164 --- [microservice-admin] [main] [                                                 ] o.hibernate.internal.util.EntityPrinter  : sid.service_admin.model.Modulesecurite{menuList=<uninitialized>, code=securite, description=gestion Securite, id=2, usermoduleCollection=<uninitialized>}
2026-07-29T11:41:49.142+01:00 DEBUG 9164 --- [microservice-admin] [main] [                                                 ] o.hibernate.internal.util.EntityPrinter  : sid.service_admin.model.Modulesecurite{menuList=<uninitialized>, code=facturation, description=Facturation clients, id=1, usermoduleCollection=<uninitialized>}
2026-07-29T11:41:49.142+01:00 DEBUG 9164 --- [microservice-admin] [main] [                                                 ] o.hibernate.internal.util.EntityPrinter  : sid.service_admin.model.Modulesecurite{menuList=<uninitialized>, code=comptabilite, description=gestion de la comptabilite, id=4, usermoduleCollection=<uninitialized>}
2026-07-29T11:41:49.142+01:00 DEBUG 9164 --- [microservice-admin] [main] [                                                 ] o.hibernate.internal.util.EntityPrinter  : sid.service_admin.model.Modulesecurite{menuList=<uninitialized>, code=stock, description=gestion des stocks, id=3, usermoduleCollection=<uninitialized>}
2026-07-29T11:41:49.143+01:00 DEBUG 9164 --- [microservice-admin] [main] [                                                 ] o.s.orm.jpa.JpaTransactionManager        : Closing JPA EntityManager [SessionImpl(342984225<open>)] after transaction
2026-07-29T11:41:49.144+01:00 DEBUG 9164 --- [microservice-admin] [main] [                                                 ] o.s.orm.jpa.JpaTransactionManager        : Creating new transaction with name [sid.service_admin.service.InitiationDb.getMenuByModuleFacturation]: PROPAGATION_REQUIRED,ISOLATION_DEFAULT
2026-07-29T11:41:49.144+01:00 DEBUG 9164 --- [microservice-admin] [main] [                                                 ] o.s.orm.jpa.JpaTransactionManager        : Opened new EntityManager [SessionImpl(1263264812<open>)] for JPA transaction
2026-07-29T11:41:49.144+01:00 DEBUG 9164 --- [microservice-admin] [main] [                                                 ] o.h.e.t.internal.TransactionImpl         : On TransactionImpl creation, JpaCompliance#isJpaTransactionComplianceEnabled == false
2026-07-29T11:41:49.144+01:00 DEBUG 9164 --- [microservice-admin] [main] [                                                 ] o.h.e.t.internal.TransactionImpl         : begin
2026-07-29T11:41:49.145+01:00 DEBUG 9164 --- [microservice-admin] [main] [                                                 ] o.s.orm.jpa.JpaTransactionManager        : Exposing JPA transaction as JDBC [org.springframework.orm.jpa.vendor.HibernateJpaDialect$HibernateConnectionHandle@7bcbc143]
2026-07-29T11:41:49.145+01:00 TRACE 9164 --- [microservice-admin] [main] [                                                 ] o.s.t.i.TransactionInterceptor           : Getting transaction for [sid.service_admin.service.InitiationDb.getMenuByModuleFacturation]
2026-07-29T11:41:49.145+01:00 TRACE 9164 --- [microservice-admin] [main] [                                                 ] o.s.t.i.TransactionInterceptor           : No need to create transaction for [org.springframework.data.jpa.repository.support.SimpleJpaRepository.findByCode]: This method is not transactional.
2026-07-29T11:41:49.146+01:00 DEBUG 9164 --- [microservice-admin] [main] [                                                 ] org.hibernate.orm.sql.exec               : Skipping reading Query result cache data: cache-enabled = false, cache-mode = NORMAL
2026-07-29T11:41:49.146+01:00 DEBUG 9164 --- [microservice-admin] [main] [                                                 ] org.hibernate.SQL                        : select m1_0.id,m1_0.code,m1_0.description from modulesecurite m1_0 where m1_0.code=?
2026-07-29T11:41:49.148+01:00 TRACE 9164 --- [microservice-admin] [main] [                                                 ] o.s.t.i.TransactionInterceptor           : No need to create transaction for [org.springframework.data.jpa.repository.support.SimpleJpaRepository.findByCode]: This method is not transactional.
2026-07-29T11:41:49.150+01:00 DEBUG 9164 --- [microservice-admin] [main] [                                                 ] o.h.e.i.AbstractFlushingEventListener    : Processing flush-time cascades
2026-07-29T11:41:49.151+01:00 DEBUG 9164 --- [microservice-admin] [main] [                                                 ] o.h.e.i.AbstractFlushingEventListener    : Dirty checking collections
2026-07-29T11:41:49.151+01:00 DEBUG 9164 --- [microservice-admin] [main] [                                                 ] org.hibernate.orm.sql.ast.create         : Created new SQL alias : m1_0
2026-07-29T11:41:49.151+01:00 DEBUG 9164 --- [microservice-admin] [main] [                                                 ] org.hibernate.orm.sql.ast.create         : Registration of TableGroup [StandardTableGroup(sid.service_admin.model.Menu(m))] with identifierForTableGroup [sid.service_admin.model.Menu] for NavigablePath [sid.service_admin.model.Menu] 
2026-07-29T11:41:49.151+01:00 DEBUG 9164 --- [microservice-admin] [main] [                                                 ] org.hibernate.orm.sql.ast.create         : Registration of TableGroup [org.hibernate.sql.ast.tree.from.LazyTableGroup@154a317c] with identifierForTableGroup [sid.service_admin.model.Menu(m).moduleid] for NavigablePath [sid.service_admin.model.Menu(m).moduleid] 
2026-07-29T11:41:49.152+01:00 DEBUG 9164 --- [microservice-admin] [main] [                                                 ] o.h.q.sqm.sql.BaseSqmToSqlAstConverter   : Determining mapping-model type for SqmParameter : SqmNamedParameter(code)
2026-07-29T11:41:49.152+01:00 DEBUG 9164 --- [microservice-admin] [main] [                                                 ] o.h.q.sqm.sql.BaseSqmToSqlAstConverter   : Determining mapping-model type for SqmPath : SqmBasicValuedSimplePath(sid.service_admin.model.Menu(m).code) 
2026-07-29T11:41:49.152+01:00 DEBUG 9164 --- [microservice-admin] [main] [                                                 ] org.hibernate.orm.results.graph.AST      : DomainResult Graph:
 \-EntityResultImpl [sid.service_admin.model.Menu(m)]
 |  +-BasicFetch [sid.service_admin.model.Menu(m).chemin]
 |  +-BasicFetch [sid.service_admin.model.Menu(m).code]
 |  +-BasicFetch [sid.service_admin.model.Menu(m).description]
 |  +-BasicFetch [sid.service_admin.model.Menu(m).etat]
 |  +-CircularFetchImpl [sid.service_admin.model.Menu(m).moduleid]
 |  \-DelayedCollectionFetch [sid.service_admin.model.Menu(m).usermenuCollection]

2026-07-29T11:41:49.152+01:00 DEBUG 9164 --- [microservice-admin] [main] [                                                 ] org.hibernate.orm.sql.ast.tree           : SQL AST Tree:
    SelectStatement {
      FromClause {
        StandardTableGroup (m1 : sid.service_admin.model.Menu(m)) {
          primaryTableReference : menu as m1_0
          TableGroupJoins {
            left  join LazyTableGroup (m2 : sid.service_admin.model.Menu(m).moduleid) {
            }
          }
        }
      }
    }

2026-07-29T11:41:49.152+01:00 DEBUG 9164 --- [microservice-admin] [main] [                                                 ] o.hibernate.engine.internal.Collections  : Collection found: [sid.service_admin.model.Modulesecurite.menuList#1], was: [sid.service_admin.model.Modulesecurite.menuList#1] (uninitialized)
2026-07-29T11:41:49.153+01:00 DEBUG 9164 --- [microservice-admin] [main] [                                                 ] o.hibernate.engine.internal.Collections  : Collection found: [sid.service_admin.model.Modulesecurite.usermoduleCollection#1], was: [sid.service_admin.model.Modulesecurite.usermoduleCollection#1] (uninitialized)
2026-07-29T11:41:49.153+01:00 DEBUG 9164 --- [microservice-admin] [main] [                                                 ] o.h.e.i.AbstractFlushingEventListener    : Flushed: 0 insertions, 0 updates, 0 deletions to 1 objects
2026-07-29T11:41:49.153+01:00 DEBUG 9164 --- [microservice-admin] [main] [                                                 ] o.h.e.i.AbstractFlushingEventListener    : Flushed: 0 (re)creations, 0 updates, 0 removals to 2 collections
2026-07-29T11:41:49.153+01:00 DEBUG 9164 --- [microservice-admin] [main] [                                                 ] o.hibernate.internal.util.EntityPrinter  : Listing entities:
2026-07-29T11:41:49.153+01:00 DEBUG 9164 --- [microservice-admin] [main] [                                                 ] o.hibernate.internal.util.EntityPrinter  : sid.service_admin.model.Modulesecurite{menuList=<uninitialized>, code=facturation, description=Facturation clients, id=1, usermoduleCollection=<uninitialized>}
2026-07-29T11:41:49.153+01:00 DEBUG 9164 --- [microservice-admin] [main] [                                                 ] org.hibernate.orm.sql.exec               : Skipping reading Query result cache data: cache-enabled = false, cache-mode = NORMAL
2026-07-29T11:41:49.153+01:00 DEBUG 9164 --- [microservice-admin] [main] [                                                 ] org.hibernate.SQL                        : select m1_0.id,m1_0.chemin,m1_0.code,m1_0.description,m1_0.etat,m1_0.moduleid from menu m1_0 where m1_0.code=?
2026-07-29T11:41:49.160+01:00 DEBUG 9164 --- [microservice-admin] [main] [                                                 ] org.hibernate.orm.results                : Initializer list:
	  sid.service_admin.model.Menu(m) -> EntityJoinedFetchInitializer(sid.service_admin.model.Menu(m))@1034899044 (SingleTableEntityPersister(sid.service_admin.model.Menu))
	  sid.service_admin.model.Menu(m).moduleid -> EntitySelectFetchInitializer(sid.service_admin.model.Menu(m).moduleid)@136768389 (ToOneAttributeMapping(NavigableRole[sid.service_admin.model.Menu.moduleid])@1955521630)
	  sid.service_admin.model.Menu(m).usermenuCollection -> DelayedCollectionInitializer(sid.service_admin.model.Menu(m).usermenuCollection)@1664405275 (PluralAttribute(sid.service_admin.model.Menu.usermenuCollection))

2026-07-29T11:41:49.163+01:00 TRACE 9164 --- [microservice-admin] [main] [                                                 ] o.s.t.i.TransactionInterceptor           : No need to create transaction for [org.springframework.data.jpa.repository.support.SimpleJpaRepository.findByCode]: This method is not transactional.
2026-07-29T11:41:49.163+01:00 DEBUG 9164 --- [microservice-admin] [main] [                                                 ] o.h.e.i.AbstractFlushingEventListener    : Processing flush-time cascades
2026-07-29T11:41:49.164+01:00 DEBUG 9164 --- [microservice-admin] [main] [                                                 ] o.h.e.i.AbstractFlushingEventListener    : Dirty checking collections
2026-07-29T11:41:49.164+01:00 DEBUG 9164 --- [microservice-admin] [main] [                                                 ] o.hibernate.engine.internal.Collections  : Collection found: [sid.service_admin.model.Modulesecurite.menuList#1], was: [sid.service_admin.model.Modulesecurite.menuList#1] (uninitialized)
2026-07-29T11:41:49.164+01:00 DEBUG 9164 --- [microservice-admin] [main] [                                                 ] o.hibernate.engine.internal.Collections  : Collection found: [sid.service_admin.model.Modulesecurite.usermoduleCollection#1], was: [sid.service_admin.model.Modulesecurite.usermoduleCollection#1] (uninitialized)
2026-07-29T11:41:49.165+01:00 DEBUG 9164 --- [microservice-admin] [main] [                                                 ] o.hibernate.engine.internal.Collections  : Collection found: [sid.service_admin.model.Menu.usermenuCollection#1], was: [sid.service_admin.model.Menu.usermenuCollection#1] (uninitialized)
2026-07-29T11:41:49.165+01:00 DEBUG 9164 --- [microservice-admin] [main] [                                                 ] o.h.e.i.AbstractFlushingEventListener    : Flushed: 0 insertions, 0 updates, 0 deletions to 2 objects
2026-07-29T11:41:49.165+01:00 DEBUG 9164 --- [microservice-admin] [main] [                                                 ] o.h.e.i.AbstractFlushingEventListener    : Flushed: 0 (re)creations, 0 updates, 0 removals to 3 collections
2026-07-29T11:41:49.165+01:00 DEBUG 9164 --- [microservice-admin] [main] [                                                 ] o.hibernate.internal.util.EntityPrinter  : Listing entities:
2026-07-29T11:41:49.165+01:00 DEBUG 9164 --- [microservice-admin] [main] [                                                 ] o.hibernate.internal.util.EntityPrinter  : sid.service_admin.model.Modulesecurite{menuList=<uninitialized>, code=facturation, description=Facturation clients, id=1, usermoduleCollection=<uninitialized>}
2026-07-29T11:41:49.165+01:00 DEBUG 9164 --- [microservice-admin] [main] [                                                 ] o.hibernate.internal.util.EntityPrinter  : sid.service_admin.model.Menu{code=Client, usermenuCollection=<uninitialized>, description=gestion client, chemin=null, id=1, moduleid=sid.service_admin.model.Modulesecurite#1, etat=false}
2026-07-29T11:41:49.165+01:00 DEBUG 9164 --- [microservice-admin] [main] [                                                 ] org.hibernate.orm.sql.exec               : Skipping reading Query result cache data: cache-enabled = false, cache-mode = NORMAL
2026-07-29T11:41:49.165+01:00 DEBUG 9164 --- [microservice-admin] [main] [                                                 ] org.hibernate.SQL                        : select m1_0.id,m1_0.chemin,m1_0.code,m1_0.description,m1_0.etat,m1_0.moduleid from menu m1_0 where m1_0.code=?
2026-07-29T11:41:49.167+01:00 TRACE 9164 --- [microservice-admin] [main] [                                                 ] o.s.t.i.TransactionInterceptor           : No need to create transaction for [org.springframework.data.jpa.repository.support.SimpleJpaRepository.findByCode]: This method is not transactional.
2026-07-29T11:41:49.168+01:00 DEBUG 9164 --- [microservice-admin] [main] [                                                 ] o.h.e.i.AbstractFlushingEventListener    : Processing flush-time cascades
2026-07-29T11:41:49.168+01:00 DEBUG 9164 --- [microservice-admin] [main] [                                                 ] o.h.e.i.AbstractFlushingEventListener    : Dirty checking collections
2026-07-29T11:41:49.169+01:00 DEBUG 9164 --- [microservice-admin] [main] [                                                 ] o.hibernate.engine.internal.Collections  : Collection found: [sid.service_admin.model.Modulesecurite.menuList#1], was: [sid.service_admin.model.Modulesecurite.menuList#1] (uninitialized)
2026-07-29T11:41:49.169+01:00 DEBUG 9164 --- [microservice-admin] [main] [                                                 ] o.hibernate.engine.internal.Collections  : Collection found: [sid.service_admin.model.Modulesecurite.usermoduleCollection#1], was: [sid.service_admin.model.Modulesecurite.usermoduleCollection#1] (uninitialized)
2026-07-29T11:41:49.169+01:00 DEBUG 9164 --- [microservice-admin] [main] [                                                 ] o.hibernate.engine.internal.Collections  : Collection found: [sid.service_admin.model.Menu.usermenuCollection#1], was: [sid.service_admin.model.Menu.usermenuCollection#1] (uninitialized)
2026-07-29T11:41:49.169+01:00 DEBUG 9164 --- [microservice-admin] [main] [                                                 ] o.hibernate.engine.internal.Collections  : Collection found: [sid.service_admin.model.Menu.usermenuCollection#2], was: [sid.service_admin.model.Menu.usermenuCollection#2] (uninitialized)
2026-07-29T11:41:49.169+01:00 DEBUG 9164 --- [microservice-admin] [main] [                                                 ] o.h.e.i.AbstractFlushingEventListener    : Flushed: 0 insertions, 0 updates, 0 deletions to 3 objects
2026-07-29T11:41:49.169+01:00 DEBUG 9164 --- [microservice-admin] [main] [                                                 ] o.h.e.i.AbstractFlushingEventListener    : Flushed: 0 (re)creations, 0 updates, 0 removals to 4 collections
2026-07-29T11:41:49.169+01:00 DEBUG 9164 --- [microservice-admin] [main] [                                                 ] o.hibernate.internal.util.EntityPrinter  : Listing entities:
2026-07-29T11:41:49.170+01:00 DEBUG 9164 --- [microservice-admin] [main] [                                                 ] o.hibernate.internal.util.EntityPrinter  : sid.service_admin.model.Menu{code=Devise Client, usermenuCollection=<uninitialized>, description=Gestion devis client, chemin=null, id=2, moduleid=sid.service_admin.model.Modulesecurite#1, etat=false}
2026-07-29T11:41:49.170+01:00 DEBUG 9164 --- [microservice-admin] [main] [                                                 ] o.hibernate.internal.util.EntityPrinter  : sid.service_admin.model.Modulesecurite{menuList=<uninitialized>, code=facturation, description=Facturation clients, id=1, usermoduleCollection=<uninitialized>}
2026-07-29T11:41:49.170+01:00 DEBUG 9164 --- [microservice-admin] [main] [                                                 ] o.hibernate.internal.util.EntityPrinter  : sid.service_admin.model.Menu{code=Client, usermenuCollection=<uninitialized>, description=gestion client, chemin=null, id=1, moduleid=sid.service_admin.model.Modulesecurite#1, etat=false}
2026-07-29T11:41:49.170+01:00 DEBUG 9164 --- [microservice-admin] [main] [                                                 ] org.hibernate.orm.sql.exec               : Skipping reading Query result cache data: cache-enabled = false, cache-mode = NORMAL
2026-07-29T11:41:49.170+01:00 DEBUG 9164 --- [microservice-admin] [main] [                                                 ] org.hibernate.SQL                        : select m1_0.id,m1_0.chemin,m1_0.code,m1_0.description,m1_0.etat,m1_0.moduleid from menu m1_0 where m1_0.code=?
2026-07-29T11:41:49.172+01:00 TRACE 9164 --- [microservice-admin] [main] [                                                 ] o.s.t.i.TransactionInterceptor           : No need to create transaction for [org.springframework.data.jpa.repository.support.SimpleJpaRepository.findByCode]: This method is not transactional.
2026-07-29T11:41:49.173+01:00 DEBUG 9164 --- [microservice-admin] [main] [                                                 ] o.h.e.i.AbstractFlushingEventListener    : Processing flush-time cascades
2026-07-29T11:41:49.173+01:00 DEBUG 9164 --- [microservice-admin] [main] [                                                 ] o.h.e.i.AbstractFlushingEventListener    : Dirty checking collections
2026-07-29T11:41:49.173+01:00 DEBUG 9164 --- [microservice-admin] [main] [                                                 ] o.hibernate.engine.internal.Collections  : Collection found: [sid.service_admin.model.Modulesecurite.menuList#1], was: [sid.service_admin.model.Modulesecurite.menuList#1] (uninitialized)
2026-07-29T11:41:49.173+01:00 DEBUG 9164 --- [microservice-admin] [main] [                                                 ] o.hibernate.engine.internal.Collections  : Collection found: [sid.service_admin.model.Modulesecurite.usermoduleCollection#1], was: [sid.service_admin.model.Modulesecurite.usermoduleCollection#1] (uninitialized)
2026-07-29T11:41:49.174+01:00 DEBUG 9164 --- [microservice-admin] [main] [                                                 ] o.hibernate.engine.internal.Collections  : Collection found: [sid.service_admin.model.Menu.usermenuCollection#1], was: [sid.service_admin.model.Menu.usermenuCollection#1] (uninitialized)
2026-07-29T11:41:49.174+01:00 DEBUG 9164 --- [microservice-admin] [main] [                                                 ] o.hibernate.engine.internal.Collections  : Collection found: [sid.service_admin.model.Menu.usermenuCollection#2], was: [sid.service_admin.model.Menu.usermenuCollection#2] (uninitialized)
2026-07-29T11:41:49.174+01:00 DEBUG 9164 --- [microservice-admin] [main] [                                                 ] o.hibernate.engine.internal.Collections  : Collection found: [sid.service_admin.model.Menu.usermenuCollection#3], was: [sid.service_admin.model.Menu.usermenuCollection#3] (uninitialized)
2026-07-29T11:41:49.174+01:00 DEBUG 9164 --- [microservice-admin] [main] [                                                 ] o.h.e.i.AbstractFlushingEventListener    : Flushed: 0 insertions, 0 updates, 0 deletions to 4 objects
2026-07-29T11:41:49.174+01:00 DEBUG 9164 --- [microservice-admin] [main] [                                                 ] o.h.e.i.AbstractFlushingEventListener    : Flushed: 0 (re)creations, 0 updates, 0 removals to 5 collections
2026-07-29T11:41:49.174+01:00 DEBUG 9164 --- [microservice-admin] [main] [                                                 ] o.hibernate.internal.util.EntityPrinter  : Listing entities:
2026-07-29T11:41:49.174+01:00 DEBUG 9164 --- [microservice-admin] [main] [                                                 ] o.hibernate.internal.util.EntityPrinter  : sid.service_admin.model.Menu{code=Devise Client, usermenuCollection=<uninitialized>, description=Gestion devis client, chemin=null, id=2, moduleid=sid.service_admin.model.Modulesecurite#1, etat=false}
2026-07-29T11:41:49.174+01:00 DEBUG 9164 --- [microservice-admin] [main] [                                                 ] o.hibernate.internal.util.EntityPrinter  : sid.service_admin.model.Menu{code=Facture, usermenuCollection=<uninitialized>, description=Facture client, chemin=null, id=3, moduleid=sid.service_admin.model.Modulesecurite#1, etat=false}
2026-07-29T11:41:49.174+01:00 DEBUG 9164 --- [microservice-admin] [main] [                                                 ] o.hibernate.internal.util.EntityPrinter  : sid.service_admin.model.Modulesecurite{menuList=<uninitialized>, code=facturation, description=Facturation clients, id=1, usermoduleCollection=<uninitialized>}
2026-07-29T11:41:49.174+01:00 DEBUG 9164 --- [microservice-admin] [main] [                                                 ] o.hibernate.internal.util.EntityPrinter  : sid.service_admin.model.Menu{code=Client, usermenuCollection=<uninitialized>, description=gestion client, chemin=null, id=1, moduleid=sid.service_admin.model.Modulesecurite#1, etat=false}
2026-07-29T11:41:49.174+01:00 DEBUG 9164 --- [microservice-admin] [main] [                                                 ] org.hibernate.orm.sql.exec               : Skipping reading Query result cache data: cache-enabled = false, cache-mode = NORMAL
2026-07-29T11:41:49.174+01:00 DEBUG 9164 --- [microservice-admin] [main] [                                                 ] org.hibernate.SQL                        : select m1_0.id,m1_0.chemin,m1_0.code,m1_0.description,m1_0.etat,m1_0.moduleid from menu m1_0 where m1_0.code=?
2026-07-29T11:41:49.176+01:00 TRACE 9164 --- [microservice-admin] [main] [                                                 ] o.s.t.i.TransactionInterceptor           : No need to create transaction for [org.springframework.data.jpa.repository.support.SimpleJpaRepository.findByCode]: This method is not transactional.
2026-07-29T11:41:49.177+01:00 DEBUG 9164 --- [microservice-admin] [main] [                                                 ] o.h.e.i.AbstractFlushingEventListener    : Processing flush-time cascades
2026-07-29T11:41:49.177+01:00 DEBUG 9164 --- [microservice-admin] [main] [                                                 ] o.h.e.i.AbstractFlushingEventListener    : Dirty checking collections
2026-07-29T11:41:49.178+01:00 DEBUG 9164 --- [microservice-admin] [main] [                                                 ] o.hibernate.engine.internal.Collections  : Collection found: [sid.service_admin.model.Modulesecurite.menuList#1], was: [sid.service_admin.model.Modulesecurite.menuList#1] (uninitialized)
2026-07-29T11:41:49.178+01:00 DEBUG 9164 --- [microservice-admin] [main] [                                                 ] o.hibernate.engine.internal.Collections  : Collection found: [sid.service_admin.model.Modulesecurite.usermoduleCollection#1], was: [sid.service_admin.model.Modulesecurite.usermoduleCollection#1] (uninitialized)
2026-07-29T11:41:49.178+01:00 DEBUG 9164 --- [microservice-admin] [main] [                                                 ] o.hibernate.engine.internal.Collections  : Collection found: [sid.service_admin.model.Menu.usermenuCollection#1], was: [sid.service_admin.model.Menu.usermenuCollection#1] (uninitialized)
2026-07-29T11:41:49.178+01:00 DEBUG 9164 --- [microservice-admin] [main] [                                                 ] o.hibernate.engine.internal.Collections  : Collection found: [sid.service_admin.model.Menu.usermenuCollection#2], was: [sid.service_admin.model.Menu.usermenuCollection#2] (uninitialized)
2026-07-29T11:41:49.178+01:00 DEBUG 9164 --- [microservice-admin] [main] [                                                 ] o.hibernate.engine.internal.Collections  : Collection found: [sid.service_admin.model.Menu.usermenuCollection#3], was: [sid.service_admin.model.Menu.usermenuCollection#3] (uninitialized)
2026-07-29T11:41:49.179+01:00 DEBUG 9164 --- [microservice-admin] [main] [                                                 ] o.hibernate.engine.internal.Collections  : Collection found: [sid.service_admin.model.Menu.usermenuCollection#4], was: [sid.service_admin.model.Menu.usermenuCollection#4] (uninitialized)
2026-07-29T11:41:49.179+01:00 DEBUG 9164 --- [microservice-admin] [main] [                                                 ] o.h.e.i.AbstractFlushingEventListener    : Flushed: 0 insertions, 0 updates, 0 deletions to 5 objects
2026-07-29T11:41:49.179+01:00 DEBUG 9164 --- [microservice-admin] [main] [                                                 ] o.h.e.i.AbstractFlushingEventListener    : Flushed: 0 (re)creations, 0 updates, 0 removals to 6 collections
2026-07-29T11:41:49.179+01:00 DEBUG 9164 --- [microservice-admin] [main] [                                                 ] o.hibernate.internal.util.EntityPrinter  : Listing entities:
2026-07-29T11:41:49.179+01:00 DEBUG 9164 --- [microservice-admin] [main] [                                                 ] o.hibernate.internal.util.EntityPrinter  : sid.service_admin.model.Menu{code=Devise Client, usermenuCollection=<uninitialized>, description=Gestion devis client, chemin=null, id=2, moduleid=sid.service_admin.model.Modulesecurite#1, etat=false}
2026-07-29T11:41:49.179+01:00 DEBUG 9164 --- [microservice-admin] [main] [                                                 ] o.hibernate.internal.util.EntityPrinter  : sid.service_admin.model.Menu{code=Facture, usermenuCollection=<uninitialized>, description=Facture client, chemin=null, id=3, moduleid=sid.service_admin.model.Modulesecurite#1, etat=false}
2026-07-29T11:41:49.179+01:00 DEBUG 9164 --- [microservice-admin] [main] [                                                 ] o.hibernate.internal.util.EntityPrinter  : sid.service_admin.model.Menu{code=Rapport, usermenuCollection=<uninitialized>, description=Rapport Facturation, chemin=null, id=4, moduleid=sid.service_admin.model.Modulesecurite#1, etat=false}
2026-07-29T11:41:49.179+01:00 DEBUG 9164 --- [microservice-admin] [main] [                                                 ] o.hibernate.internal.util.EntityPrinter  : sid.service_admin.model.Modulesecurite{menuList=<uninitialized>, code=facturation, description=Facturation clients, id=1, usermoduleCollection=<uninitialized>}
2026-07-29T11:41:49.179+01:00 DEBUG 9164 --- [microservice-admin] [main] [                                                 ] o.hibernate.internal.util.EntityPrinter  : sid.service_admin.model.Menu{code=Client, usermenuCollection=<uninitialized>, description=gestion client, chemin=null, id=1, moduleid=sid.service_admin.model.Modulesecurite#1, etat=false}
2026-07-29T11:41:49.179+01:00 DEBUG 9164 --- [microservice-admin] [main] [                                                 ] org.hibernate.orm.sql.exec               : Skipping reading Query result cache data: cache-enabled = false, cache-mode = NORMAL
2026-07-29T11:41:49.179+01:00 DEBUG 9164 --- [microservice-admin] [main] [                                                 ] org.hibernate.SQL                        : select m1_0.id,m1_0.chemin,m1_0.code,m1_0.description,m1_0.etat,m1_0.moduleid from menu m1_0 where m1_0.code=?
2026-07-29T11:41:49.181+01:00 TRACE 9164 --- [microservice-admin] [main] [                                                 ] o.s.t.i.TransactionInterceptor           : Completing transaction for [sid.service_admin.service.InitiationDb.getMenuByModuleFacturation]
2026-07-29T11:41:49.181+01:00 DEBUG 9164 --- [microservice-admin] [main] [                                                 ] o.s.orm.jpa.JpaTransactionManager        : Initiating transaction commit
2026-07-29T11:41:49.182+01:00 DEBUG 9164 --- [microservice-admin] [main] [                                                 ] o.s.orm.jpa.JpaTransactionManager        : Committing JPA transaction on EntityManager [SessionImpl(1263264812<open>)]
2026-07-29T11:41:49.182+01:00 DEBUG 9164 --- [microservice-admin] [main] [                                                 ] o.h.e.t.internal.TransactionImpl         : committing
2026-07-29T11:41:49.182+01:00 DEBUG 9164 --- [microservice-admin] [main] [                                                 ] o.h.e.i.AbstractFlushingEventListener    : Processing flush-time cascades
2026-07-29T11:41:49.182+01:00 DEBUG 9164 --- [microservice-admin] [main] [                                                 ] o.h.e.i.AbstractFlushingEventListener    : Dirty checking collections
2026-07-29T11:41:49.182+01:00 DEBUG 9164 --- [microservice-admin] [main] [                                                 ] o.hibernate.engine.internal.Collections  : Collection found: [sid.service_admin.model.Modulesecurite.menuList#1], was: [sid.service_admin.model.Modulesecurite.menuList#1] (uninitialized)
2026-07-29T11:41:49.182+01:00 DEBUG 9164 --- [microservice-admin] [main] [                                                 ] o.hibernate.engine.internal.Collections  : Collection found: [sid.service_admin.model.Modulesecurite.usermoduleCollection#1], was: [sid.service_admin.model.Modulesecurite.usermoduleCollection#1] (uninitialized)
2026-07-29T11:41:49.182+01:00 DEBUG 9164 --- [microservice-admin] [main] [                                                 ] o.hibernate.engine.internal.Collections  : Collection found: [sid.service_admin.model.Menu.usermenuCollection#1], was: [sid.service_admin.model.Menu.usermenuCollection#1] (uninitialized)
2026-07-29T11:41:49.183+01:00 DEBUG 9164 --- [microservice-admin] [main] [                                                 ] o.hibernate.engine.internal.Collections  : Collection found: [sid.service_admin.model.Menu.usermenuCollection#2], was: [sid.service_admin.model.Menu.usermenuCollection#2] (uninitialized)
2026-07-29T11:41:49.183+01:00 DEBUG 9164 --- [microservice-admin] [main] [                                                 ] o.hibernate.engine.internal.Collections  : Collection found: [sid.service_admin.model.Menu.usermenuCollection#3], was: [sid.service_admin.model.Menu.usermenuCollection#3] (uninitialized)
2026-07-29T11:41:49.183+01:00 DEBUG 9164 --- [microservice-admin] [main] [                                                 ] o.hibernate.engine.internal.Collections  : Collection found: [sid.service_admin.model.Menu.usermenuCollection#4], was: [sid.service_admin.model.Menu.usermenuCollection#4] (uninitialized)
2026-07-29T11:41:49.183+01:00 DEBUG 9164 --- [microservice-admin] [main] [                                                 ] o.hibernate.engine.internal.Collections  : Collection found: [sid.service_admin.model.Menu.usermenuCollection#5], was: [sid.service_admin.model.Menu.usermenuCollection#5] (uninitialized)
2026-07-29T11:41:49.183+01:00 DEBUG 9164 --- [microservice-admin] [main] [                                                 ] o.h.e.i.AbstractFlushingEventListener    : Flushed: 0 insertions, 0 updates, 0 deletions to 6 objects
2026-07-29T11:41:49.183+01:00 DEBUG 9164 --- [microservice-admin] [main] [                                                 ] o.h.e.i.AbstractFlushingEventListener    : Flushed: 0 (re)creations, 0 updates, 0 removals to 7 collections
2026-07-29T11:41:49.183+01:00 DEBUG 9164 --- [microservice-admin] [main] [                                                 ] o.hibernate.internal.util.EntityPrinter  : Listing entities:
2026-07-29T11:41:49.183+01:00 DEBUG 9164 --- [microservice-admin] [main] [                                                 ] o.hibernate.internal.util.EntityPrinter  : sid.service_admin.model.Menu{code=Devise Client, usermenuCollection=<uninitialized>, description=Gestion devis client, chemin=null, id=2, moduleid=sid.service_admin.model.Modulesecurite#1, etat=false}
2026-07-29T11:41:49.184+01:00 DEBUG 9164 --- [microservice-admin] [main] [                                                 ] o.hibernate.internal.util.EntityPrinter  : sid.service_admin.model.Menu{code=Facture, usermenuCollection=<uninitialized>, description=Facture client, chemin=null, id=3, moduleid=sid.service_admin.model.Modulesecurite#1, etat=false}
2026-07-29T11:41:49.184+01:00 DEBUG 9164 --- [microservice-admin] [main] [                                                 ] o.hibernate.internal.util.EntityPrinter  : sid.service_admin.model.Menu{code=Rapport, usermenuCollection=<uninitialized>, description=Rapport Facturation, chemin=null, id=4, moduleid=sid.service_admin.model.Modulesecurite#1, etat=false}
2026-07-29T11:41:49.184+01:00 DEBUG 9164 --- [microservice-admin] [main] [                                                 ] o.hibernate.internal.util.EntityPrinter  : sid.service_admin.model.Menu{code=Versement, usermenuCollection=<uninitialized>, description=Versement client, chemin=null, id=5, moduleid=sid.service_admin.model.Modulesecurite#1, etat=false}
2026-07-29T11:41:49.184+01:00 DEBUG 9164 --- [microservice-admin] [main] [                                                 ] o.hibernate.internal.util.EntityPrinter  : sid.service_admin.model.Modulesecurite{menuList=<uninitialized>, code=facturation, description=Facturation clients, id=1, usermoduleCollection=<uninitialized>}
2026-07-29T11:41:49.184+01:00 DEBUG 9164 --- [microservice-admin] [main] [                                                 ] o.hibernate.internal.util.EntityPrinter  : sid.service_admin.model.Menu{code=Client, usermenuCollection=<uninitialized>, description=gestion client, chemin=null, id=1, moduleid=sid.service_admin.model.Modulesecurite#1, etat=false}
2026-07-29T11:41:49.186+01:00 DEBUG 9164 --- [microservice-admin] [main] [                                                 ] o.s.orm.jpa.JpaTransactionManager        : Closing JPA EntityManager [SessionImpl(1263264812<open>)] after transaction
2026-07-29T11:41:49.186+01:00 DEBUG 9164 --- [microservice-admin] [main] [                                                 ] o.s.orm.jpa.JpaTransactionManager        : Creating new transaction with name [sid.service_admin.service.InitiationDb.getMenuByModulePhotocopie]: PROPAGATION_REQUIRED,ISOLATION_DEFAULT
2026-07-29T11:41:49.186+01:00 DEBUG 9164 --- [microservice-admin] [main] [                                                 ] o.s.orm.jpa.JpaTransactionManager        : Opened new EntityManager [SessionImpl(861361568<open>)] for JPA transaction
2026-07-29T11:41:49.186+01:00 DEBUG 9164 --- [microservice-admin] [main] [                                                 ] o.h.e.t.internal.TransactionImpl         : On TransactionImpl creation, JpaCompliance#isJpaTransactionComplianceEnabled == false
2026-07-29T11:41:49.186+01:00 DEBUG 9164 --- [microservice-admin] [main] [                                                 ] o.h.e.t.internal.TransactionImpl         : begin
2026-07-29T11:41:49.187+01:00 DEBUG 9164 --- [microservice-admin] [main] [                                                 ] o.s.orm.jpa.JpaTransactionManager        : Exposing JPA transaction as JDBC [org.springframework.orm.jpa.vendor.HibernateJpaDialect$HibernateConnectionHandle@40ba320f]
2026-07-29T11:41:49.187+01:00 TRACE 9164 --- [microservice-admin] [main] [                                                 ] o.s.t.i.TransactionInterceptor           : Getting transaction for [sid.service_admin.service.InitiationDb.getMenuByModulePhotocopie]
2026-07-29T11:41:49.188+01:00 TRACE 9164 --- [microservice-admin] [main] [                                                 ] o.s.t.i.TransactionInterceptor           : No need to create transaction for [org.springframework.data.jpa.repository.support.SimpleJpaRepository.findByCode]: This method is not transactional.
2026-07-29T11:41:49.188+01:00 DEBUG 9164 --- [microservice-admin] [main] [                                                 ] org.hibernate.orm.sql.exec               : Skipping reading Query result cache data: cache-enabled = false, cache-mode = NORMAL
2026-07-29T11:41:49.189+01:00 DEBUG 9164 --- [microservice-admin] [main] [                                                 ] org.hibernate.SQL                        : select m1_0.id,m1_0.code,m1_0.description from modulesecurite m1_0 where m1_0.code=?
2026-07-29T11:41:49.190+01:00 TRACE 9164 --- [microservice-admin] [main] [                                                 ] o.s.t.i.TransactionInterceptor           : No need to create transaction for [org.springframework.data.jpa.repository.support.SimpleJpaRepository.findByCode]: This method is not transactional.
2026-07-29T11:41:49.191+01:00 DEBUG 9164 --- [microservice-admin] [main] [                                                 ] o.h.e.i.AbstractFlushingEventListener    : Processing flush-time cascades
2026-07-29T11:41:49.191+01:00 DEBUG 9164 --- [microservice-admin] [main] [                                                 ] o.h.e.i.AbstractFlushingEventListener    : Dirty checking collections
2026-07-29T11:41:49.192+01:00 DEBUG 9164 --- [microservice-admin] [main] [                                                 ] o.hibernate.engine.internal.Collections  : Collection found: [sid.service_admin.model.Modulesecurite.menuList#8], was: [sid.service_admin.model.Modulesecurite.menuList#8] (uninitialized)
2026-07-29T11:41:49.192+01:00 DEBUG 9164 --- [microservice-admin] [main] [                                                 ] o.hibernate.engine.internal.Collections  : Collection found: [sid.service_admin.model.Modulesecurite.usermoduleCollection#8], was: [sid.service_admin.model.Modulesecurite.usermoduleCollection#8] (uninitialized)
2026-07-29T11:41:49.192+01:00 DEBUG 9164 --- [microservice-admin] [main] [                                                 ] o.h.e.i.AbstractFlushingEventListener    : Flushed: 0 insertions, 0 updates, 0 deletions to 1 objects
2026-07-29T11:41:49.192+01:00 DEBUG 9164 --- [microservice-admin] [main] [                                                 ] o.h.e.i.AbstractFlushingEventListener    : Flushed: 0 (re)creations, 0 updates, 0 removals to 2 collections
2026-07-29T11:41:49.192+01:00 DEBUG 9164 --- [microservice-admin] [main] [                                                 ] o.hibernate.internal.util.EntityPrinter  : Listing entities:
2026-07-29T11:41:49.192+01:00 DEBUG 9164 --- [microservice-admin] [main] [                                                 ] o.hibernate.internal.util.EntityPrinter  : sid.service_admin.model.Modulesecurite{menuList=<uninitialized>, code=photocophie, description=gestion photocopie , id=8, usermoduleCollection=<uninitialized>}
2026-07-29T11:41:49.192+01:00 DEBUG 9164 --- [microservice-admin] [main] [                                                 ] org.hibernate.orm.sql.exec               : Skipping reading Query result cache data: cache-enabled = false, cache-mode = NORMAL
2026-07-29T11:41:49.192+01:00 DEBUG 9164 --- [microservice-admin] [main] [                                                 ] org.hibernate.SQL                        : select m1_0.id,m1_0.chemin,m1_0.code,m1_0.description,m1_0.etat,m1_0.moduleid from menu m1_0 where m1_0.code=?
2026-07-29T11:41:49.194+01:00 TRACE 9164 --- [microservice-admin] [main] [                                                 ] o.s.t.i.TransactionInterceptor           : No need to create transaction for [org.springframework.data.jpa.repository.support.SimpleJpaRepository.findByCode]: This method is not transactional.
2026-07-29T11:41:49.194+01:00 DEBUG 9164 --- [microservice-admin] [main] [                                                 ] o.h.e.i.AbstractFlushingEventListener    : Processing flush-time cascades
2026-07-29T11:41:49.195+01:00 DEBUG 9164 --- [microservice-admin] [main] [                                                 ] o.h.e.i.AbstractFlushingEventListener    : Dirty checking collections
2026-07-29T11:41:49.195+01:00 DEBUG 9164 --- [microservice-admin] [main] [                                                 ] o.hibernate.engine.internal.Collections  : Collection found: [sid.service_admin.model.Modulesecurite.menuList#8], was: [sid.service_admin.model.Modulesecurite.menuList#8] (uninitialized)
2026-07-29T11:41:49.195+01:00 DEBUG 9164 --- [microservice-admin] [main] [                                                 ] o.hibernate.engine.internal.Collections  : Collection found: [sid.service_admin.model.Modulesecurite.usermoduleCollection#8], was: [sid.service_admin.model.Modulesecurite.usermoduleCollection#8] (uninitialized)
2026-07-29T11:41:49.195+01:00 DEBUG 9164 --- [microservice-admin] [main] [                                                 ] o.hibernate.engine.internal.Collections  : Collection found: [sid.service_admin.model.Menu.usermenuCollection#6], was: [sid.service_admin.model.Menu.usermenuCollection#6] (uninitialized)
2026-07-29T11:41:49.195+01:00 DEBUG 9164 --- [microservice-admin] [main] [                                                 ] o.h.e.i.AbstractFlushingEventListener    : Flushed: 0 insertions, 0 updates, 0 deletions to 2 objects
2026-07-29T11:41:49.195+01:00 DEBUG 9164 --- [microservice-admin] [main] [                                                 ] o.h.e.i.AbstractFlushingEventListener    : Flushed: 0 (re)creations, 0 updates, 0 removals to 3 collections
2026-07-29T11:41:49.196+01:00 DEBUG 9164 --- [microservice-admin] [main] [                                                 ] o.hibernate.internal.util.EntityPrinter  : Listing entities:
2026-07-29T11:41:49.196+01:00 DEBUG 9164 --- [microservice-admin] [main] [                                                 ] o.hibernate.internal.util.EntityPrinter  : sid.service_admin.model.Modulesecurite{menuList=<uninitialized>, code=photocophie, description=gestion photocopie , id=8, usermoduleCollection=<uninitialized>}
2026-07-29T11:41:49.196+01:00 DEBUG 9164 --- [microservice-admin] [main] [                                                 ] o.hibernate.internal.util.EntityPrinter  : sid.service_admin.model.Menu{code=Photocopie/Saisir, usermenuCollection=<uninitialized>, description=Gestion saisir des photocopies, chemin=null, id=6, moduleid=sid.service_admin.model.Modulesecurite#8, etat=false}
2026-07-29T11:41:49.196+01:00 DEBUG 9164 --- [microservice-admin] [main] [                                                 ] org.hibernate.orm.sql.exec               : Skipping reading Query result cache data: cache-enabled = false, cache-mode = NORMAL
2026-07-29T11:41:49.196+01:00 DEBUG 9164 --- [microservice-admin] [main] [                                                 ] org.hibernate.SQL                        : select m1_0.id,m1_0.chemin,m1_0.code,m1_0.description,m1_0.etat,m1_0.moduleid from menu m1_0 where m1_0.code=?
2026-07-29T11:41:49.198+01:00 TRACE 9164 --- [microservice-admin] [main] [                                                 ] o.s.t.i.TransactionInterceptor           : Completing transaction for [sid.service_admin.service.InitiationDb.getMenuByModulePhotocopie]
2026-07-29T11:41:49.198+01:00 DEBUG 9164 --- [microservice-admin] [main] [                                                 ] o.s.orm.jpa.JpaTransactionManager        : Initiating transaction commit
2026-07-29T11:41:49.198+01:00 DEBUG 9164 --- [microservice-admin] [main] [                                                 ] o.s.orm.jpa.JpaTransactionManager        : Committing JPA transaction on EntityManager [SessionImpl(861361568<open>)]
2026-07-29T11:41:49.198+01:00 DEBUG 9164 --- [microservice-admin] [main] [                                                 ] o.h.e.t.internal.TransactionImpl         : committing
2026-07-29T11:41:49.199+01:00 DEBUG 9164 --- [microservice-admin] [main] [                                                 ] o.h.e.i.AbstractFlushingEventListener    : Processing flush-time cascades
2026-07-29T11:41:49.199+01:00 DEBUG 9164 --- [microservice-admin] [main] [                                                 ] o.h.e.i.AbstractFlushingEventListener    : Dirty checking collections
2026-07-29T11:41:49.199+01:00 DEBUG 9164 --- [microservice-admin] [main] [                                                 ] o.hibernate.engine.internal.Collections  : Collection found: [sid.service_admin.model.Modulesecurite.menuList#8], was: [sid.service_admin.model.Modulesecurite.menuList#8] (uninitialized)
2026-07-29T11:41:49.199+01:00 DEBUG 9164 --- [microservice-admin] [main] [                                                 ] o.hibernate.engine.internal.Collections  : Collection found: [sid.service_admin.model.Modulesecurite.usermoduleCollection#8], was: [sid.service_admin.model.Modulesecurite.usermoduleCollection#8] (uninitialized)
2026-07-29T11:41:49.199+01:00 DEBUG 9164 --- [microservice-admin] [main] [                                                 ] o.hibernate.engine.internal.Collections  : Collection found: [sid.service_admin.model.Menu.usermenuCollection#6], was: [sid.service_admin.model.Menu.usermenuCollection#6] (uninitialized)
2026-07-29T11:41:49.199+01:00 DEBUG 9164 --- [microservice-admin] [main] [                                                 ] o.hibernate.engine.internal.Collections  : Collection found: [sid.service_admin.model.Menu.usermenuCollection#7], was: [sid.service_admin.model.Menu.usermenuCollection#7] (uninitialized)
2026-07-29T11:41:49.199+01:00 DEBUG 9164 --- [microservice-admin] [main] [                                                 ] o.h.e.i.AbstractFlushingEventListener    : Flushed: 0 insertions, 0 updates, 0 deletions to 3 objects
2026-07-29T11:41:49.199+01:00 DEBUG 9164 --- [microservice-admin] [main] [                                                 ] o.h.e.i.AbstractFlushingEventListener    : Flushed: 0 (re)creations, 0 updates, 0 removals to 4 collections
2026-07-29T11:41:49.199+01:00 DEBUG 9164 --- [microservice-admin] [main] [                                                 ] o.hibernate.internal.util.EntityPrinter  : Listing entities:
2026-07-29T11:41:49.200+01:00 DEBUG 9164 --- [microservice-admin] [main] [                                                 ] o.hibernate.internal.util.EntityPrinter  : sid.service_admin.model.Modulesecurite{menuList=<uninitialized>, code=photocophie, description=gestion photocopie , id=8, usermoduleCollection=<uninitialized>}
2026-07-29T11:41:49.200+01:00 DEBUG 9164 --- [microservice-admin] [main] [                                                 ] o.hibernate.internal.util.EntityPrinter  : sid.service_admin.model.Menu{code=Photocopie/Saisir, usermenuCollection=<uninitialized>, description=Gestion saisir des photocopies, chemin=null, id=6, moduleid=sid.service_admin.model.Modulesecurite#8, etat=false}
2026-07-29T11:41:49.200+01:00 DEBUG 9164 --- [microservice-admin] [main] [                                                 ] o.hibernate.internal.util.EntityPrinter  : sid.service_admin.model.Menu{code=Historique Photocopie, usermenuCollection=<uninitialized>, description=historique  des photocopies, chemin=null, id=7, moduleid=sid.service_admin.model.Modulesecurite#8, etat=false}
2026-07-29T11:41:49.201+01:00 DEBUG 9164 --- [microservice-admin] [main] [                                                 ] o.s.orm.jpa.JpaTransactionManager        : Closing JPA EntityManager [SessionImpl(861361568<open>)] after transaction
2026-07-29T11:41:49.201+01:00 DEBUG 9164 --- [microservice-admin] [main] [                                                 ] o.s.orm.jpa.JpaTransactionManager        : Creating new transaction with name [sid.service_admin.service.InitiationDb.getMenuByModuleStock]: PROPAGATION_REQUIRED,ISOLATION_DEFAULT
2026-07-29T11:41:49.201+01:00 DEBUG 9164 --- [microservice-admin] [main] [                                                 ] o.s.orm.jpa.JpaTransactionManager        : Opened new EntityManager [SessionImpl(411007080<open>)] for JPA transaction
2026-07-29T11:41:49.201+01:00 DEBUG 9164 --- [microservice-admin] [main] [                                                 ] o.h.e.t.internal.TransactionImpl         : On TransactionImpl creation, JpaCompliance#isJpaTransactionComplianceEnabled == false
2026-07-29T11:41:49.202+01:00 DEBUG 9164 --- [microservice-admin] [main] [                                                 ] o.h.e.t.internal.TransactionImpl         : begin
2026-07-29T11:41:49.202+01:00 DEBUG 9164 --- [microservice-admin] [main] [                                                 ] o.s.orm.jpa.JpaTransactionManager        : Exposing JPA transaction as JDBC [org.springframework.orm.jpa.vendor.HibernateJpaDialect$HibernateConnectionHandle@777ebf6b]
2026-07-29T11:41:49.202+01:00 TRACE 9164 --- [microservice-admin] [main] [                                                 ] o.s.t.i.TransactionInterceptor           : Getting transaction for [sid.service_admin.service.InitiationDb.getMenuByModuleStock]
2026-07-29T11:41:49.203+01:00 TRACE 9164 --- [microservice-admin] [main] [                                                 ] o.s.t.i.TransactionInterceptor           : No need to create transaction for [org.springframework.data.jpa.repository.support.SimpleJpaRepository.findByCode]: This method is not transactional.
2026-07-29T11:41:49.203+01:00 DEBUG 9164 --- [microservice-admin] [main] [                                                 ] org.hibernate.orm.sql.exec               : Skipping reading Query result cache data: cache-enabled = false, cache-mode = NORMAL
2026-07-29T11:41:49.203+01:00 DEBUG 9164 --- [microservice-admin] [main] [                                                 ] org.hibernate.SQL                        : select m1_0.id,m1_0.code,m1_0.description from modulesecurite m1_0 where m1_0.code=?
2026-07-29T11:41:49.206+01:00 TRACE 9164 --- [microservice-admin] [main] [                                                 ] o.s.t.i.TransactionInterceptor           : No need to create transaction for [org.springframework.data.jpa.repository.support.SimpleJpaRepository.findByCode]: This method is not transactional.
2026-07-29T11:41:49.206+01:00 DEBUG 9164 --- [microservice-admin] [main] [                                                 ] o.h.e.i.AbstractFlushingEventListener    : Processing flush-time cascades
2026-07-29T11:41:49.206+01:00 DEBUG 9164 --- [microservice-admin] [main] [                                                 ] o.h.e.i.AbstractFlushingEventListener    : Dirty checking collections
2026-07-29T11:41:49.206+01:00 DEBUG 9164 --- [microservice-admin] [main] [                                                 ] o.hibernate.engine.internal.Collections  : Collection found: [sid.service_admin.model.Modulesecurite.menuList#3], was: [sid.service_admin.model.Modulesecurite.menuList#3] (uninitialized)
2026-07-29T11:41:49.206+01:00 DEBUG 9164 --- [microservice-admin] [main] [                                                 ] o.hibernate.engine.internal.Collections  : Collection found: [sid.service_admin.model.Modulesecurite.usermoduleCollection#3], was: [sid.service_admin.model.Modulesecurite.usermoduleCollection#3] (uninitialized)
2026-07-29T11:41:49.207+01:00 DEBUG 9164 --- [microservice-admin] [main] [                                                 ] o.h.e.i.AbstractFlushingEventListener    : Flushed: 0 insertions, 0 updates, 0 deletions to 1 objects
2026-07-29T11:41:49.207+01:00 DEBUG 9164 --- [microservice-admin] [main] [                                                 ] o.h.e.i.AbstractFlushingEventListener    : Flushed: 0 (re)creations, 0 updates, 0 removals to 2 collections
2026-07-29T11:41:49.207+01:00 DEBUG 9164 --- [microservice-admin] [main] [                                                 ] o.hibernate.internal.util.EntityPrinter  : Listing entities:
2026-07-29T11:41:49.207+01:00 DEBUG 9164 --- [microservice-admin] [main] [                                                 ] o.hibernate.internal.util.EntityPrinter  : sid.service_admin.model.Modulesecurite{menuList=<uninitialized>, code=stock, description=gestion des stocks, id=3, usermoduleCollection=<uninitialized>}
2026-07-29T11:41:49.207+01:00 DEBUG 9164 --- [microservice-admin] [main] [                                                 ] org.hibernate.orm.sql.exec               : Skipping reading Query result cache data: cache-enabled = false, cache-mode = NORMAL
2026-07-29T11:41:49.207+01:00 DEBUG 9164 --- [microservice-admin] [main] [                                                 ] org.hibernate.SQL                        : select m1_0.id,m1_0.chemin,m1_0.code,m1_0.description,m1_0.etat,m1_0.moduleid from menu m1_0 where m1_0.code=?
2026-07-29T11:41:49.209+01:00 TRACE 9164 --- [microservice-admin] [main] [                                                 ] o.s.t.i.TransactionInterceptor           : No need to create transaction for [org.springframework.data.jpa.repository.support.SimpleJpaRepository.findByCode]: This method is not transactional.
2026-07-29T11:41:49.209+01:00 DEBUG 9164 --- [microservice-admin] [main] [                                                 ] o.h.e.i.AbstractFlushingEventListener    : Processing flush-time cascades
2026-07-29T11:41:49.209+01:00 DEBUG 9164 --- [microservice-admin] [main] [                                                 ] o.h.e.i.AbstractFlushingEventListener    : Dirty checking collections
2026-07-29T11:41:49.210+01:00 DEBUG 9164 --- [microservice-admin] [main] [                                                 ] o.hibernate.engine.internal.Collections  : Collection found: [sid.service_admin.model.Modulesecurite.menuList#3], was: [sid.service_admin.model.Modulesecurite.menuList#3] (uninitialized)
2026-07-29T11:41:49.210+01:00 DEBUG 9164 --- [microservice-admin] [main] [                                                 ] o.hibernate.engine.internal.Collections  : Collection found: [sid.service_admin.model.Modulesecurite.usermoduleCollection#3], was: [sid.service_admin.model.Modulesecurite.usermoduleCollection#3] (uninitialized)
2026-07-29T11:41:49.210+01:00 DEBUG 9164 --- [microservice-admin] [main] [                                                 ] o.hibernate.engine.internal.Collections  : Collection found: [sid.service_admin.model.Menu.usermenuCollection#8], was: [sid.service_admin.model.Menu.usermenuCollection#8] (uninitialized)
2026-07-29T11:41:49.210+01:00 DEBUG 9164 --- [microservice-admin] [main] [                                                 ] o.h.e.i.AbstractFlushingEventListener    : Flushed: 0 insertions, 0 updates, 0 deletions to 2 objects
2026-07-29T11:41:49.210+01:00 DEBUG 9164 --- [microservice-admin] [main] [                                                 ] o.h.e.i.AbstractFlushingEventListener    : Flushed: 0 (re)creations, 0 updates, 0 removals to 3 collections
2026-07-29T11:41:49.210+01:00 DEBUG 9164 --- [microservice-admin] [main] [                                                 ] o.hibernate.internal.util.EntityPrinter  : Listing entities:
2026-07-29T11:41:49.210+01:00 DEBUG 9164 --- [microservice-admin] [main] [                                                 ] o.hibernate.internal.util.EntityPrinter  : sid.service_admin.model.Modulesecurite{menuList=<uninitialized>, code=stock, description=gestion des stocks, id=3, usermoduleCollection=<uninitialized>}
2026-07-29T11:41:49.210+01:00 DEBUG 9164 --- [microservice-admin] [main] [                                                 ] o.hibernate.internal.util.EntityPrinter  : sid.service_admin.model.Menu{code=Dashboard Transfert, usermenuCollection=<uninitialized>, description=tableau de bord pour le transfert de stock, chemin=null, id=8, moduleid=sid.service_admin.model.Modulesecurite#3, etat=false}
2026-07-29T11:41:49.210+01:00 DEBUG 9164 --- [microservice-admin] [main] [                                                 ] org.hibernate.orm.sql.exec               : Skipping reading Query result cache data: cache-enabled = false, cache-mode = NORMAL
2026-07-29T11:41:49.210+01:00 DEBUG 9164 --- [microservice-admin] [main] [                                                 ] org.hibernate.SQL                        : select m1_0.id,m1_0.chemin,m1_0.code,m1_0.description,m1_0.etat,m1_0.moduleid from menu m1_0 where m1_0.code=?
2026-07-29T11:41:49.213+01:00 TRACE 9164 --- [microservice-admin] [main] [                                                 ] o.s.t.i.TransactionInterceptor           : Completing transaction for [sid.service_admin.service.InitiationDb.getMenuByModuleStock]
2026-07-29T11:41:49.213+01:00 DEBUG 9164 --- [microservice-admin] [main] [                                                 ] o.s.orm.jpa.JpaTransactionManager        : Initiating transaction commit
2026-07-29T11:41:49.213+01:00 DEBUG 9164 --- [microservice-admin] [main] [                                                 ] o.s.orm.jpa.JpaTransactionManager        : Committing JPA transaction on EntityManager [SessionImpl(411007080<open>)]
2026-07-29T11:41:49.213+01:00 DEBUG 9164 --- [microservice-admin] [main] [                                                 ] o.h.e.t.internal.TransactionImpl         : committing
2026-07-29T11:41:49.213+01:00 DEBUG 9164 --- [microservice-admin] [main] [                                                 ] o.h.e.i.AbstractFlushingEventListener    : Processing flush-time cascades
2026-07-29T11:41:49.213+01:00 DEBUG 9164 --- [microservice-admin] [main] [                                                 ] o.h.e.i.AbstractFlushingEventListener    : Dirty checking collections
2026-07-29T11:41:49.213+01:00 DEBUG 9164 --- [microservice-admin] [main] [                                                 ] o.hibernate.engine.internal.Collections  : Collection found: [sid.service_admin.model.Modulesecurite.menuList#3], was: [sid.service_admin.model.Modulesecurite.menuList#3] (uninitialized)
2026-07-29T11:41:49.214+01:00 DEBUG 9164 --- [microservice-admin] [main] [                                                 ] o.hibernate.engine.internal.Collections  : Collection found: [sid.service_admin.model.Modulesecurite.usermoduleCollection#3], was: [sid.service_admin.model.Modulesecurite.usermoduleCollection#3] (uninitialized)
2026-07-29T11:41:49.214+01:00 DEBUG 9164 --- [microservice-admin] [main] [                                                 ] o.hibernate.engine.internal.Collections  : Collection found: [sid.service_admin.model.Menu.usermenuCollection#8], was: [sid.service_admin.model.Menu.usermenuCollection#8] (uninitialized)
2026-07-29T11:41:49.214+01:00 DEBUG 9164 --- [microservice-admin] [main] [                                                 ] o.hibernate.engine.internal.Collections  : Collection found: [sid.service_admin.model.Menu.usermenuCollection#9], was: [sid.service_admin.model.Menu.usermenuCollection#9] (uninitialized)
2026-07-29T11:41:49.214+01:00 DEBUG 9164 --- [microservice-admin] [main] [                                                 ] o.h.e.i.AbstractFlushingEventListener    : Flushed: 0 insertions, 0 updates, 0 deletions to 3 objects
2026-07-29T11:41:49.214+01:00 DEBUG 9164 --- [microservice-admin] [main] [                                                 ] o.h.e.i.AbstractFlushingEventListener    : Flushed: 0 (re)creations, 0 updates, 0 removals to 4 collections
2026-07-29T11:41:49.214+01:00 DEBUG 9164 --- [microservice-admin] [main] [                                                 ] o.hibernate.internal.util.EntityPrinter  : Listing entities:
2026-07-29T11:41:49.214+01:00 DEBUG 9164 --- [microservice-admin] [main] [                                                 ] o.hibernate.internal.util.EntityPrinter  : sid.service_admin.model.Modulesecurite{menuList=<uninitialized>, code=stock, description=gestion des stocks, id=3, usermoduleCollection=<uninitialized>}
2026-07-29T11:41:49.214+01:00 DEBUG 9164 --- [microservice-admin] [main] [                                                 ] o.hibernate.internal.util.EntityPrinter  : sid.service_admin.model.Menu{code=Dashboard Transfert, usermenuCollection=<uninitialized>, description=tableau de bord pour le transfert de stock, chemin=null, id=8, moduleid=sid.service_admin.model.Modulesecurite#3, etat=false}
2026-07-29T11:41:49.214+01:00 DEBUG 9164 --- [microservice-admin] [main] [                                                 ] o.hibernate.internal.util.EntityPrinter  : sid.service_admin.model.Menu{code=Static Stock, usermenuCollection=<uninitialized>, description=Gestion des static de stock, chemin=null, id=9, moduleid=sid.service_admin.model.Modulesecurite#3, etat=false}
2026-07-29T11:41:49.215+01:00 DEBUG 9164 --- [microservice-admin] [main] [                                                 ] o.s.orm.jpa.JpaTransactionManager        : Closing JPA EntityManager [SessionImpl(411007080<open>)] after transaction
2026-07-29T11:41:49.216+01:00 DEBUG 9164 --- [microservice-admin] [main] [                                                 ] o.s.orm.jpa.JpaTransactionManager        : Creating new transaction with name [sid.service_admin.service.InitiationDb.getMenuByModuleVente]: PROPAGATION_REQUIRED,ISOLATION_DEFAULT
2026-07-29T11:41:49.216+01:00 DEBUG 9164 --- [microservice-admin] [main] [                                                 ] o.s.orm.jpa.JpaTransactionManager        : Opened new EntityManager [SessionImpl(143459421<open>)] for JPA transaction
2026-07-29T11:41:49.216+01:00 DEBUG 9164 --- [microservice-admin] [main] [                                                 ] o.h.e.t.internal.TransactionImpl         : On TransactionImpl creation, JpaCompliance#isJpaTransactionComplianceEnabled == false
2026-07-29T11:41:49.216+01:00 DEBUG 9164 --- [microservice-admin] [main] [                                                 ] o.h.e.t.internal.TransactionImpl         : begin
2026-07-29T11:41:49.217+01:00 DEBUG 9164 --- [microservice-admin] [main] [                                                 ] o.s.orm.jpa.JpaTransactionManager        : Exposing JPA transaction as JDBC [org.springframework.orm.jpa.vendor.HibernateJpaDialect$HibernateConnectionHandle@29df2302]
2026-07-29T11:41:49.217+01:00 TRACE 9164 --- [microservice-admin] [main] [                                                 ] o.s.t.i.TransactionInterceptor           : Getting transaction for [sid.service_admin.service.InitiationDb.getMenuByModuleVente]
2026-07-29T11:41:49.217+01:00 TRACE 9164 --- [microservice-admin] [main] [                                                 ] o.s.t.i.TransactionInterceptor           : No need to create transaction for [org.springframework.data.jpa.repository.support.SimpleJpaRepository.findByCode]: This method is not transactional.
2026-07-29T11:41:49.218+01:00 DEBUG 9164 --- [microservice-admin] [main] [                                                 ] org.hibernate.orm.sql.exec               : Skipping reading Query result cache data: cache-enabled = false, cache-mode = NORMAL
2026-07-29T11:41:49.218+01:00 DEBUG 9164 --- [microservice-admin] [main] [                                                 ] org.hibernate.SQL                        : select m1_0.id,m1_0.code,m1_0.description from modulesecurite m1_0 where m1_0.code=?
2026-07-29T11:41:49.219+01:00 TRACE 9164 --- [microservice-admin] [main] [                                                 ] o.s.t.i.TransactionInterceptor           : No need to create transaction for [org.springframework.data.jpa.repository.support.SimpleJpaRepository.findByCode]: This method is not transactional.
2026-07-29T11:41:49.220+01:00 DEBUG 9164 --- [microservice-admin] [main] [                                                 ] o.h.e.i.AbstractFlushingEventListener    : Processing flush-time cascades
2026-07-29T11:41:49.220+01:00 DEBUG 9164 --- [microservice-admin] [main] [                                                 ] o.h.e.i.AbstractFlushingEventListener    : Dirty checking collections
2026-07-29T11:41:49.220+01:00 DEBUG 9164 --- [microservice-admin] [main] [                                                 ] o.hibernate.engine.internal.Collections  : Collection found: [sid.service_admin.model.Modulesecurite.menuList#5], was: [sid.service_admin.model.Modulesecurite.menuList#5] (uninitialized)
2026-07-29T11:41:49.221+01:00 DEBUG 9164 --- [microservice-admin] [main] [                                                 ] o.hibernate.engine.internal.Collections  : Collection found: [sid.service_admin.model.Modulesecurite.usermoduleCollection#5], was: [sid.service_admin.model.Modulesecurite.usermoduleCollection#5] (uninitialized)
2026-07-29T11:41:49.221+01:00 DEBUG 9164 --- [microservice-admin] [main] [                                                 ] o.h.e.i.AbstractFlushingEventListener    : Flushed: 0 insertions, 0 updates, 0 deletions to 1 objects
2026-07-29T11:41:49.221+01:00 DEBUG 9164 --- [microservice-admin] [main] [                                                 ] o.h.e.i.AbstractFlushingEventListener    : Flushed: 0 (re)creations, 0 updates, 0 removals to 2 collections
2026-07-29T11:41:49.221+01:00 DEBUG 9164 --- [microservice-admin] [main] [                                                 ] o.hibernate.internal.util.EntityPrinter  : Listing entities:
2026-07-29T11:41:49.221+01:00 DEBUG 9164 --- [microservice-admin] [main] [                                                 ] o.hibernate.internal.util.EntityPrinter  : sid.service_admin.model.Modulesecurite{menuList=<uninitialized>, code=vente, description=Gestion des ventes, id=5, usermoduleCollection=<uninitialized>}
2026-07-29T11:41:49.221+01:00 DEBUG 9164 --- [microservice-admin] [main] [                                                 ] org.hibernate.orm.sql.exec               : Skipping reading Query result cache data: cache-enabled = false, cache-mode = NORMAL
2026-07-29T11:41:49.221+01:00 DEBUG 9164 --- [microservice-admin] [main] [                                                 ] org.hibernate.SQL                        : select m1_0.id,m1_0.chemin,m1_0.code,m1_0.description,m1_0.etat,m1_0.moduleid from menu m1_0 where m1_0.code=?
2026-07-29T11:41:49.223+01:00 TRACE 9164 --- [microservice-admin] [main] [                                                 ] o.s.t.i.TransactionInterceptor           : Completing transaction for [sid.service_admin.service.InitiationDb.getMenuByModuleVente]
2026-07-29T11:41:49.223+01:00 DEBUG 9164 --- [microservice-admin] [main] [                                                 ] o.s.orm.jpa.JpaTransactionManager        : Initiating transaction commit
2026-07-29T11:41:49.223+01:00 DEBUG 9164 --- [microservice-admin] [main] [                                                 ] o.s.orm.jpa.JpaTransactionManager        : Committing JPA transaction on EntityManager [SessionImpl(143459421<open>)]
2026-07-29T11:41:49.224+01:00 DEBUG 9164 --- [microservice-admin] [main] [                                                 ] o.h.e.t.internal.TransactionImpl         : committing
2026-07-29T11:41:49.224+01:00 DEBUG 9164 --- [microservice-admin] [main] [                                                 ] o.h.e.i.AbstractFlushingEventListener    : Processing flush-time cascades
2026-07-29T11:41:49.224+01:00 DEBUG 9164 --- [microservice-admin] [main] [                                                 ] o.h.e.i.AbstractFlushingEventListener    : Dirty checking collections
2026-07-29T11:41:49.224+01:00 DEBUG 9164 --- [microservice-admin] [main] [                                                 ] o.hibernate.engine.internal.Collections  : Collection found: [sid.service_admin.model.Modulesecurite.menuList#5], was: [sid.service_admin.model.Modulesecurite.menuList#5] (uninitialized)
2026-07-29T11:41:49.224+01:00 DEBUG 9164 --- [microservice-admin] [main] [                                                 ] o.hibernate.engine.internal.Collections  : Collection found: [sid.service_admin.model.Modulesecurite.usermoduleCollection#5], was: [sid.service_admin.model.Modulesecurite.usermoduleCollection#5] (uninitialized)
2026-07-29T11:41:49.224+01:00 DEBUG 9164 --- [microservice-admin] [main] [                                                 ] o.hibernate.engine.internal.Collections  : Collection found: [sid.service_admin.model.Menu.usermenuCollection#10], was: [sid.service_admin.model.Menu.usermenuCollection#10] (uninitialized)
2026-07-29T11:41:49.225+01:00 DEBUG 9164 --- [microservice-admin] [main] [                                                 ] o.h.e.i.AbstractFlushingEventListener    : Flushed: 0 insertions, 0 updates, 0 deletions to 2 objects
2026-07-29T11:41:49.225+01:00 DEBUG 9164 --- [microservice-admin] [main] [                                                 ] o.h.e.i.AbstractFlushingEventListener    : Flushed: 0 (re)creations, 0 updates, 0 removals to 3 collections
2026-07-29T11:41:49.225+01:00 DEBUG 9164 --- [microservice-admin] [main] [                                                 ] o.hibernate.internal.util.EntityPrinter  : Listing entities:
2026-07-29T11:41:49.225+01:00 DEBUG 9164 --- [microservice-admin] [main] [                                                 ] o.hibernate.internal.util.EntityPrinter  : sid.service_admin.model.Modulesecurite{menuList=<uninitialized>, code=vente, description=Gestion des ventes, id=5, usermoduleCollection=<uninitialized>}
2026-07-29T11:41:49.225+01:00 DEBUG 9164 --- [microservice-admin] [main] [                                                 ] o.hibernate.internal.util.EntityPrinter  : sid.service_admin.model.Menu{code=Historique Vente, usermenuCollection=<uninitialized>, description=Gestion Historique Vente, chemin=null, id=10, moduleid=sid.service_admin.model.Modulesecurite#5, etat=false}
2026-07-29T11:41:49.226+01:00 DEBUG 9164 --- [microservice-admin] [main] [                                                 ] o.s.orm.jpa.JpaTransactionManager        : Closing JPA EntityManager [SessionImpl(143459421<open>)] after transaction
2026-07-29T11:41:49.228+01:00 TRACE 9164 --- [microservice-admin] [main] [                                                 ] o.s.t.i.TransactionInterceptor           : No need to create transaction for [org.springframework.data.jpa.repository.support.SimpleJpaRepository.findByName]: This method is not transactional.
2026-07-29T11:41:49.228+01:00 DEBUG 9164 --- [microservice-admin] [main] [                                                 ] tor$SharedEntityManagerInvocationHandler : Creating new EntityManager for shared EntityManager invocation
2026-07-29T11:41:49.238+01:00 DEBUG 9164 --- [microservice-admin] [main] [                                                 ] org.hibernate.orm.sql.ast.create         : Created new SQL alias : r1_0
2026-07-29T11:41:49.238+01:00 DEBUG 9164 --- [microservice-admin] [main] [                                                 ] org.hibernate.orm.sql.ast.create         : Registration of TableGroup [StandardTableGroup(sid.service_admin.model.Roles(30))] with identifierForTableGroup [sid.service_admin.model.Roles] for NavigablePath [sid.service_admin.model.Roles] 
2026-07-29T11:41:49.239+01:00 DEBUG 9164 --- [microservice-admin] [main] [                                                 ] o.h.q.sqm.sql.BaseSqmToSqlAstConverter   : Determining mapping-model type for SqmParameter : org.hibernate.query.sqm.tree.expression.SqmJpaCriteriaParameterWrapper@1d8ec941
2026-07-29T11:41:49.239+01:00 DEBUG 9164 --- [microservice-admin] [main] [                                                 ] o.h.q.sqm.sql.BaseSqmToSqlAstConverter   : Determining mapping-model type for SqmPath : SqmBasicValuedSimplePath(sid.service_admin.model.Roles(30).name) 
2026-07-29T11:41:49.240+01:00 DEBUG 9164 --- [microservice-admin] [main] [                                                 ] org.hibernate.orm.results.graph.AST      : DomainResult Graph:
 \-EntityResultImpl [sid.service_admin.model.Roles(30)]
 |  +-BasicFetch [sid.service_admin.model.Roles(30).description]
 |  +-BasicFetch [sid.service_admin.model.Roles(30).lastUserModif]
 |  +-BasicFetch [sid.service_admin.model.Roles(30).lastdateModif]
 |  +-BasicFetch [sid.service_admin.model.Roles(30).name]
 |  +-DelayedCollectionFetch [sid.service_admin.model.Roles(30).personneList]
 |  +-DelayedCollectionFetch [sid.service_admin.model.Roles(30).rolePermissionses]
 |  +-BasicFetch [sid.service_admin.model.Roles(30).statut]
 |  \-BasicFetch [sid.service_admin.model.Roles(30).userDelete]

2026-07-29T11:41:49.240+01:00 DEBUG 9164 --- [microservice-admin] [main] [                                                 ] org.hibernate.orm.sql.ast.tree           : SQL AST Tree:
    SelectStatement {
      FromClause {
        StandardTableGroup (r1 : sid.service_admin.model.Roles(30)) {
          primaryTableReference : role as r1_0
        }
      }
    }

2026-07-29T11:41:49.240+01:00 DEBUG 9164 --- [microservice-admin] [main] [                                                 ] org.hibernate.orm.sql.exec               : Skipping reading Query result cache data: cache-enabled = false, cache-mode = NORMAL
2026-07-29T11:41:49.240+01:00 DEBUG 9164 --- [microservice-admin] [main] [                                                 ] org.hibernate.SQL                        : select r1_0.id,r1_0.description,r1_0.last_user_modif,r1_0.lastdate_modif,r1_0.code,r1_0.statut,r1_0.user_delete from role r1_0 where r1_0.code=?
2026-07-29T11:41:49.242+01:00 DEBUG 9164 --- [microservice-admin] [main] [                                                 ] org.hibernate.orm.results                : Initializer list:
	  sid.service_admin.model.Roles(30).personneList -> DelayedCollectionInitializer(sid.service_admin.model.Roles(30).personneList)@1255348633 (PluralAttribute(sid.service_admin.model.Roles.personneList))
	  sid.service_admin.model.Roles(30) -> EntityJoinedFetchInitializer(sid.service_admin.model.Roles(30))@1580825201 (SingleTableEntityPersister(sid.service_admin.model.Roles))
	  sid.service_admin.model.Roles(30).rolePermissionses -> DelayedCollectionInitializer(sid.service_admin.model.Roles(30).rolePermissionses)@679870615 (PluralAttribute(sid.service_admin.model.Roles.rolePermissionses))

2026-07-29T11:41:49.246+01:00 TRACE 9164 --- [microservice-admin] [main] [                                                 ] o.s.t.i.TransactionInterceptor           : No need to create transaction for [org.springframework.data.jpa.repository.support.SimpleJpaRepository.findByName]: This method is not transactional.
2026-07-29T11:41:49.246+01:00 DEBUG 9164 --- [microservice-admin] [main] [                                                 ] tor$SharedEntityManagerInvocationHandler : Creating new EntityManager for shared EntityManager invocation
2026-07-29T11:41:49.247+01:00 DEBUG 9164 --- [microservice-admin] [main] [                                                 ] org.hibernate.orm.sql.ast.create         : Created new SQL alias : r1_0
2026-07-29T11:41:49.247+01:00 DEBUG 9164 --- [microservice-admin] [main] [                                                 ] org.hibernate.orm.sql.ast.create         : Registration of TableGroup [StandardTableGroup(sid.service_admin.model.Roles(30))] with identifierForTableGroup [sid.service_admin.model.Roles] for NavigablePath [sid.service_admin.model.Roles] 
2026-07-29T11:41:49.248+01:00 DEBUG 9164 --- [microservice-admin] [main] [                                                 ] o.h.q.sqm.sql.BaseSqmToSqlAstConverter   : Determining mapping-model type for SqmParameter : org.hibernate.query.sqm.tree.expression.SqmJpaCriteriaParameterWrapper@3e2c2452
2026-07-29T11:41:49.248+01:00 DEBUG 9164 --- [microservice-admin] [main] [                                                 ] o.h.q.sqm.sql.BaseSqmToSqlAstConverter   : Determining mapping-model type for SqmPath : SqmBasicValuedSimplePath(sid.service_admin.model.Roles(30).name) 
2026-07-29T11:41:49.248+01:00 DEBUG 9164 --- [microservice-admin] [main] [                                                 ] org.hibernate.orm.results.graph.AST      : DomainResult Graph:
 \-EntityResultImpl [sid.service_admin.model.Roles(30)]
 |  +-BasicFetch [sid.service_admin.model.Roles(30).description]
 |  +-BasicFetch [sid.service_admin.model.Roles(30).lastUserModif]
 |  +-BasicFetch [sid.service_admin.model.Roles(30).lastdateModif]
 |  +-BasicFetch [sid.service_admin.model.Roles(30).name]
 |  +-DelayedCollectionFetch [sid.service_admin.model.Roles(30).personneList]
 |  +-DelayedCollectionFetch [sid.service_admin.model.Roles(30).rolePermissionses]
 |  +-BasicFetch [sid.service_admin.model.Roles(30).statut]
 |  \-BasicFetch [sid.service_admin.model.Roles(30).userDelete]

2026-07-29T11:41:49.248+01:00 DEBUG 9164 --- [microservice-admin] [main] [                                                 ] org.hibernate.orm.sql.ast.tree           : SQL AST Tree:
    SelectStatement {
      FromClause {
        StandardTableGroup (r1 : sid.service_admin.model.Roles(30)) {
          primaryTableReference : role as r1_0
        }
      }
    }

2026-07-29T11:41:49.249+01:00 DEBUG 9164 --- [microservice-admin] [main] [                                                 ] org.hibernate.orm.sql.exec               : Skipping reading Query result cache data: cache-enabled = false, cache-mode = NORMAL
2026-07-29T11:41:49.249+01:00 DEBUG 9164 --- [microservice-admin] [main] [                                                 ] org.hibernate.SQL                        : select r1_0.id,r1_0.description,r1_0.last_user_modif,r1_0.lastdate_modif,r1_0.code,r1_0.statut,r1_0.user_delete from role r1_0 where r1_0.code=?
2026-07-29T11:41:49.251+01:00 DEBUG 9164 --- [microservice-admin] [main] [                                                 ] org.hibernate.orm.results                : Initializer list:
	  sid.service_admin.model.Roles(30).personneList -> DelayedCollectionInitializer(sid.service_admin.model.Roles(30).personneList)@874281235 (PluralAttribute(sid.service_admin.model.Roles.personneList))
	  sid.service_admin.model.Roles(30) -> EntityJoinedFetchInitializer(sid.service_admin.model.Roles(30))@505825397 (SingleTableEntityPersister(sid.service_admin.model.Roles))
	  sid.service_admin.model.Roles(30).rolePermissionses -> DelayedCollectionInitializer(sid.service_admin.model.Roles(30).rolePermissionses)@1741788768 (PluralAttribute(sid.service_admin.model.Roles.rolePermissionses))

2026-07-29T11:41:49.252+01:00 TRACE 9164 --- [microservice-admin] [main] [                                                 ] o.s.t.i.TransactionInterceptor           : No need to create transaction for [org.springframework.data.jpa.repository.support.SimpleJpaRepository.findByName]: This method is not transactional.
2026-07-29T11:41:49.252+01:00 DEBUG 9164 --- [microservice-admin] [main] [                                                 ] tor$SharedEntityManagerInvocationHandler : Creating new EntityManager for shared EntityManager invocation
2026-07-29T11:41:49.253+01:00 DEBUG 9164 --- [microservice-admin] [main] [                                                 ] org.hibernate.orm.sql.ast.create         : Created new SQL alias : r1_0
2026-07-29T11:41:49.254+01:00 DEBUG 9164 --- [microservice-admin] [main] [                                                 ] org.hibernate.orm.sql.ast.create         : Registration of TableGroup [StandardTableGroup(sid.service_admin.model.Roles(30))] with identifierForTableGroup [sid.service_admin.model.Roles] for NavigablePath [sid.service_admin.model.Roles] 
2026-07-29T11:41:49.254+01:00 DEBUG 9164 --- [microservice-admin] [main] [                                                 ] o.h.q.sqm.sql.BaseSqmToSqlAstConverter   : Determining mapping-model type for SqmParameter : org.hibernate.query.sqm.tree.expression.SqmJpaCriteriaParameterWrapper@58095469
2026-07-29T11:41:49.254+01:00 DEBUG 9164 --- [microservice-admin] [main] [                                                 ] o.h.q.sqm.sql.BaseSqmToSqlAstConverter   : Determining mapping-model type for SqmPath : SqmBasicValuedSimplePath(sid.service_admin.model.Roles(30).name) 
2026-07-29T11:41:49.255+01:00 DEBUG 9164 --- [microservice-admin] [main] [                                                 ] org.hibernate.orm.results.graph.AST      : DomainResult Graph:
 \-EntityResultImpl [sid.service_admin.model.Roles(30)]
 |  +-BasicFetch [sid.service_admin.model.Roles(30).description]
 |  +-BasicFetch [sid.service_admin.model.Roles(30).lastUserModif]
 |  +-BasicFetch [sid.service_admin.model.Roles(30).lastdateModif]
 |  +-BasicFetch [sid.service_admin.model.Roles(30).name]
 |  +-DelayedCollectionFetch [sid.service_admin.model.Roles(30).personneList]
 |  +-DelayedCollectionFetch [sid.service_admin.model.Roles(30).rolePermissionses]
 |  +-BasicFetch [sid.service_admin.model.Roles(30).statut]
 |  \-BasicFetch [sid.service_admin.model.Roles(30).userDelete]

2026-07-29T11:41:49.255+01:00 DEBUG 9164 --- [microservice-admin] [main] [                                                 ] org.hibernate.orm.sql.ast.tree           : SQL AST Tree:
    SelectStatement {
      FromClause {
        StandardTableGroup (r1 : sid.service_admin.model.Roles(30)) {
          primaryTableReference : role as r1_0
        }
      }
    }

2026-07-29T11:41:49.255+01:00 DEBUG 9164 --- [microservice-admin] [main] [                                                 ] org.hibernate.orm.sql.exec               : Skipping reading Query result cache data: cache-enabled = false, cache-mode = NORMAL
2026-07-29T11:41:49.256+01:00 DEBUG 9164 --- [microservice-admin] [main] [                                                 ] org.hibernate.SQL                        : select r1_0.id,r1_0.description,r1_0.last_user_modif,r1_0.lastdate_modif,r1_0.code,r1_0.statut,r1_0.user_delete from role r1_0 where r1_0.code=?
2026-07-29T11:41:49.257+01:00 DEBUG 9164 --- [microservice-admin] [main] [                                                 ] org.hibernate.orm.results                : Initializer list:
	  sid.service_admin.model.Roles(30).personneList -> DelayedCollectionInitializer(sid.service_admin.model.Roles(30).personneList)@328963989 (PluralAttribute(sid.service_admin.model.Roles.personneList))
	  sid.service_admin.model.Roles(30) -> EntityJoinedFetchInitializer(sid.service_admin.model.Roles(30))@380090661 (SingleTableEntityPersister(sid.service_admin.model.Roles))
	  sid.service_admin.model.Roles(30).rolePermissionses -> DelayedCollectionInitializer(sid.service_admin.model.Roles(30).rolePermissionses)@1827301332 (PluralAttribute(sid.service_admin.model.Roles.rolePermissionses))

2026-07-29T11:41:49.259+01:00 TRACE 9164 --- [microservice-admin] [main] [                                                 ] o.s.t.i.TransactionInterceptor           : No need to create transaction for [org.springframework.data.jpa.repository.support.SimpleJpaRepository.findByUserName]: This method is not transactional.
2026-07-29T11:41:49.260+01:00 DEBUG 9164 --- [microservice-admin] [main] [                                                 ] tor$SharedEntityManagerInvocationHandler : Creating new EntityManager for shared EntityManager invocation
2026-07-29T11:41:49.261+01:00 DEBUG 9164 --- [microservice-admin] [main] [                                                 ] org.hibernate.orm.sql.ast.create         : Created new SQL alias : p1_0
2026-07-29T11:41:49.261+01:00 DEBUG 9164 --- [microservice-admin] [main] [                                                 ] org.hibernate.orm.sql.ast.create         : Registration of TableGroup [StandardTableGroup(sid.service_admin.model.Personne(p))] with identifierForTableGroup [sid.service_admin.model.Personne] for NavigablePath [sid.service_admin.model.Personne] 
2026-07-29T11:41:49.261+01:00 DEBUG 9164 --- [microservice-admin] [main] [                                                 ] org.hibernate.orm.sql.ast.create         : Registration of TableGroup [org.hibernate.sql.ast.tree.from.LazyTableGroup@156873a4] with identifierForTableGroup [sid.service_admin.model.Personne(p).boutique] for NavigablePath [sid.service_admin.model.Personne(p).boutique] 
2026-07-29T11:41:49.261+01:00 DEBUG 9164 --- [microservice-admin] [main] [                                                 ] org.hibernate.orm.sql.ast.create         : Registration of TableGroup [org.hibernate.sql.ast.tree.from.LazyTableGroup@348792e3] with identifierForTableGroup [sid.service_admin.model.Personne(p).compagnie] for NavigablePath [sid.service_admin.model.Personne(p).compagnie] 
2026-07-29T11:41:49.262+01:00 DEBUG 9164 --- [microservice-admin] [main] [                                                 ] org.hibernate.orm.sql.ast.create         : Registration of TableGroup [org.hibernate.sql.ast.tree.from.LazyTableGroup@72594e59] with identifierForTableGroup [sid.service_admin.model.Personne(p).paysid] for NavigablePath [sid.service_admin.model.Personne(p).paysid] 
2026-07-29T11:41:49.262+01:00 DEBUG 9164 --- [microservice-admin] [main] [                                                 ] org.hibernate.orm.sql.ast.create         : Registration of TableGroup [org.hibernate.sql.ast.tree.from.LazyTableGroup@6c84fdaa] with identifierForTableGroup [sid.service_admin.model.Personne(p).profilid] for NavigablePath [sid.service_admin.model.Personne(p).profilid] 
2026-07-29T11:41:49.262+01:00 DEBUG 9164 --- [microservice-admin] [main] [                                                 ] org.hibernate.orm.sql.ast.create         : Registration of TableGroup [org.hibernate.sql.ast.tree.from.LazyTableGroup@3aa746cd] with identifierForTableGroup [sid.service_admin.model.Personne(p).religionid] for NavigablePath [sid.service_admin.model.Personne(p).religionid] 
2026-07-29T11:41:49.262+01:00 DEBUG 9164 --- [microservice-admin] [main] [                                                 ] org.hibernate.orm.sql.ast.create         : Registration of TableGroup [org.hibernate.sql.ast.tree.from.LazyTableGroup@323fdbf0] with identifierForTableGroup [sid.service_admin.model.Personne(p).roleid] for NavigablePath [sid.service_admin.model.Personne(p).roleid] 
2026-07-29T11:41:49.263+01:00 DEBUG 9164 --- [microservice-admin] [main] [                                                 ] org.hibernate.orm.sql.ast.create         : Registration of TableGroup [org.hibernate.sql.ast.tree.from.LazyTableGroup@a2c6068] with identifierForTableGroup [sid.service_admin.model.Personne(p).titreid] for NavigablePath [sid.service_admin.model.Personne(p).titreid] 
2026-07-29T11:41:49.263+01:00 DEBUG 9164 --- [microservice-admin] [main] [                                                 ] o.h.q.sqm.sql.BaseSqmToSqlAstConverter   : Determining mapping-model type for SqmParameter : SqmNamedParameter(userName)
2026-07-29T11:41:49.263+01:00 DEBUG 9164 --- [microservice-admin] [main] [                                                 ] o.h.q.sqm.sql.BaseSqmToSqlAstConverter   : Determining mapping-model type for SqmPath : SqmBasicValuedSimplePath(sid.service_admin.model.Personne(p).userName) 
2026-07-29T11:41:49.264+01:00 DEBUG 9164 --- [microservice-admin] [main] [                                                 ] org.hibernate.orm.results.graph.AST      : DomainResult Graph:
 \-EntityResultImpl [sid.service_admin.model.Personne(p)]
 |  +-BasicFetch [sid.service_admin.model.Personne(p).autorisationDeletes]
 |  +-EntityFetchSelectImpl [sid.service_admin.model.Personne(p).boutique]
 |  +-BasicFetch [sid.service_admin.model.Personne(p).bp]
 |  +-BasicFetch [sid.service_admin.model.Personne(p).codePays]
 |  +-CircularFetchImpl [sid.service_admin.model.Personne(p).compagnie]
 |  +-BasicFetch [sid.service_admin.model.Personne(p).createdAt]
 |  +-BasicFetch [sid.service_admin.model.Personne(p).createdBy]
 |  +-BasicFetch [sid.service_admin.model.Personne(p).dateNaissance]
 |  +-BasicFetch [sid.service_admin.model.Personne(p).deleteDate]
 |  +-BasicFetch [sid.service_admin.model.Personne(p).email]
 |  +-BasicFetch [sid.service_admin.model.Personne(p).fax]
 |  +-BasicFetch [sid.service_admin.model.Personne(p).firstName]
 |  +-BasicFetch [sid.service_admin.model.Personne(p).isActive]
 |  +-BasicFetch [sid.service_admin.model.Personne(p).lastDatePwdModif]
 |  +-BasicFetch [sid.service_admin.model.Personne(p).lastModifDate]
 |  +-BasicFetch [sid.service_admin.model.Personne(p).lastModifiedBy]
 |  +-BasicFetch [sid.service_admin.model.Personne(p).lastModifiedDate]
 |  +-BasicFetch [sid.service_admin.model.Personne(p).lastUserModif]
 |  +-BasicFetch [sid.service_admin.model.Personne(p).lastlogin]
 |  +-BasicFetch [sid.service_admin.model.Personne(p).lastname]
 |  +-BasicFetch [sid.service_admin.model.Personne(p).lieuNaissance]
 |  +-BasicFetch [sid.service_admin.model.Personne(p).nbreEnfant]
 |  +-BasicFetch [sid.service_admin.model.Personne(p).password]
 |  +-CircularFetchImpl [sid.service_admin.model.Personne(p).paysid]
 |  +-DelayedCollectionFetch [sid.service_admin.model.Personne(p).photoList]
 |  +-BasicFetch [sid.service_admin.model.Personne(p).profession]
 |  +-CircularFetchImpl [sid.service_admin.model.Personne(p).profilid]
 |  +-BasicFetch [sid.service_admin.model.Personne(p).quartier]
 |  +-BasicFetch [sid.service_admin.model.Personne(p).region]
 |  +-CircularFetchImpl [sid.service_admin.model.Personne(p).religionid]
 |  +-BasicFetch [sid.service_admin.model.Personne(p).remarques]
 |  +-CircularFetchImpl [sid.service_admin.model.Personne(p).roleid]
 |  +-BasicFetch [sid.service_admin.model.Personne(p).sexe]
 |  +-BasicFetch [sid.service_admin.model.Personne(p).situationMatrimoniale]
 |  +-BasicFetch [sid.service_admin.model.Personne(p).statut]
 |  +-BasicFetch [sid.service_admin.model.Personne(p).tel]
 |  +-CircularFetchImpl [sid.service_admin.model.Personne(p).titreid]
 |  +-BasicFetch [sid.service_admin.model.Personne(p).updatedAt]
 |  +-BasicFetch [sid.service_admin.model.Personne(p).userDelete]
 |  +-BasicFetch [sid.service_admin.model.Personne(p).userName]
 |  +-BasicFetch [sid.service_admin.model.Personne(p).usermenuList]
 |  +-DelayedCollectionFetch [sid.service_admin.model.Personne(p).usermoduleList]
 |  \-BasicFetch [sid.service_admin.model.Personne(p).ville]

2026-07-29T11:41:49.264+01:00 DEBUG 9164 --- [microservice-admin] [main] [                                                 ] org.hibernate.orm.sql.ast.tree           : SQL AST Tree:
    SelectStatement {
      FromClause {
        StandardTableGroup (p1 : sid.service_admin.model.Personne(p)) {
          primaryTableReference : personne as p1_0
          TableGroupJoins {
            left  join LazyTableGroup (b1 : sid.service_admin.model.Personne(p).boutique) {
            }
            left  join LazyTableGroup (c1 : sid.service_admin.model.Personne(p).compagnie) {
            }
            left  join LazyTableGroup (p2 : sid.service_admin.model.Personne(p).paysid) {
            }
            left  join LazyTableGroup (p3 : sid.service_admin.model.Personne(p).profilid) {
            }
            left  join LazyTableGroup (r1 : sid.service_admin.model.Personne(p).religionid) {
            }
            left  join LazyTableGroup (r2 : sid.service_admin.model.Personne(p).roleid) {
            }
            left  join LazyTableGroup (t1 : sid.service_admin.model.Personne(p).titreid) {
            }
          }
        }
      }
    }

2026-07-29T11:41:49.265+01:00 DEBUG 9164 --- [microservice-admin] [main] [                                                 ] org.hibernate.orm.sql.exec               : Skipping reading Query result cache data: cache-enabled = false, cache-mode = NORMAL
2026-07-29T11:41:49.265+01:00 DEBUG 9164 --- [microservice-admin] [main] [                                                 ] org.hibernate.SQL                        : select p1_0.id,p1_0.autorisation_deletes,p1_0.boutiqueid,p1_0.bp,p1_0.indicatif_pays,p1_0.compagnieid,p1_0.date_enregistrement,p1_0.user_create,p1_0.date_naissance,p1_0.delete_date,p1_0.email,p1_0.fax,p1_0.nom,p1_0.compte_actif,p1_0.last_date_pwd_modif,p1_0.last_modif_date,p1_0.last_modified_by,p1_0.last_modified_date,p1_0.last_user_modif,p1_0.lastlogin,p1_0.prenom,p1_0.lieu_naissance,p1_0.nbre_enfant,p1_0.pwd,p1_0.pays_id,p1_0.profession,p1_0.profilid,p1_0.quartier,p1_0.region,p1_0.religion_id,p1_0.remarques,p1_0.role_id,p1_0.sexe,p1_0.situation_matrimoniale,p1_0.statut,p1_0.tel,p1_0.titre_id,p1_0.updated_at,p1_0.user_delete,p1_0.matricule,p1_0.usermenu_list,p1_0.ville from personne p1_0 where p1_0.matricule=?
2026-07-29T11:41:49.269+01:00 DEBUG 9164 --- [microservice-admin] [main] [                                                 ] org.hibernate.orm.results                : Initializer list:
	  sid.service_admin.model.Personne(p).religionid -> EntityDelayedFetchInitializer(sid.service_admin.model.Personne(p).religionid)@129540299 (ToOneAttributeMapping(NavigableRole[sid.service_admin.model.Personne.religionid])@57656859)
	  sid.service_admin.model.Personne(p).compagnie -> EntityDelayedFetchInitializer(sid.service_admin.model.Personne(p).compagnie)@1291354646 (ToOneAttributeMapping(NavigableRole[sid.service_admin.model.Personne.compagnie])@996283719)
	  sid.service_admin.model.Personne(p).photoList -> DelayedCollectionInitializer(sid.service_admin.model.Personne(p).photoList)@2040419352 (PluralAttribute(sid.service_admin.model.Personne.photoList))
	  sid.service_admin.model.Personne(p).usermoduleList -> DelayedCollectionInitializer(sid.service_admin.model.Personne(p).usermoduleList)@71047726 (PluralAttribute(sid.service_admin.model.Personne.usermoduleList))
	  sid.service_admin.model.Personne(p).paysid -> EntityDelayedFetchInitializer(sid.service_admin.model.Personne(p).paysid)@215797901 (ToOneAttributeMapping(NavigableRole[sid.service_admin.model.Personne.paysid])@658449532)
	  sid.service_admin.model.Personne(p).roleid -> EntityDelayedFetchInitializer(sid.service_admin.model.Personne(p).roleid)@747280919 (ToOneAttributeMapping(NavigableRole[sid.service_admin.model.Personne.roleid])@1208162498)
	  sid.service_admin.model.Personne(p).boutique -> EntitySelectFetchInitializer(sid.service_admin.model.Personne(p).boutique)@573698551 (ToOneAttributeMapping(NavigableRole[sid.service_admin.model.Personne.boutique])@2087922953)
	  sid.service_admin.model.Personne(p).profilid -> EntityDelayedFetchInitializer(sid.service_admin.model.Personne(p).profilid)@72440498 (ToOneAttributeMapping(NavigableRole[sid.service_admin.model.Personne.profilid])@1422170098)
	  sid.service_admin.model.Personne(p).titreid -> EntityDelayedFetchInitializer(sid.service_admin.model.Personne(p).titreid)@2044160724 (ToOneAttributeMapping(NavigableRole[sid.service_admin.model.Personne.titreid])@472451970)
	  sid.service_admin.model.Personne(p) -> EntityJoinedFetchInitializer(sid.service_admin.model.Personne(p))@304301695 (SingleTableEntityPersister(sid.service_admin.model.Personne))

2026-07-29T11:41:49.283+01:00 DEBUG 9164 --- [microservice-admin] [main] [                                                 ] o.s.b.a.ApplicationAvailabilityBean      : Application availability state ReadinessState changed to ACCEPTING_TRAFFIC
2026-07-29T11:41:49.458+01:00 DEBUG 9164 --- [microservice-admin] [AsyncReporter{ZipkinRestTemplateSender{http://localhost:9411/api/v2/spans}}] [                                                 ] o.s.web.client.RestTemplate              : HTTP POST http://localhost:9411/api/v2/spans
2026-07-29T11:41:49.459+01:00 DEBUG 9164 --- [microservice-admin] [AsyncReporter{ZipkinRestTemplateSender{http://localhost:9411/api/v2/spans}}] [                                                 ] o.s.web.client.RestTemplate              : Accept=[application/json, application/*+json]
2026-07-29T11:41:49.459+01:00 DEBUG 9164 --- [microservice-admin] [AsyncReporter{ZipkinRestTemplateSender{http://localhost:9411/api/v2/spans}}] [                                                 ] o.s.web.client.RestTemplate              : Writing [[B@166ebdee] as "application/json"
2026-07-29T11:41:49.467+01:00  WARN 9164 --- [microservice-admin] [AsyncReporter{ZipkinRestTemplateSender{http://localhost:9411/api/v2/spans}}] [                                                 ] z.r.i.AsyncReporter$BoundedAsyncReporter : Spans were dropped due to exceptions. All subsequent errors will be logged at FINE level.
2026-07-29T11:41:49.467+01:00  WARN 9164 --- [microservice-admin] [AsyncReporter{ZipkinRestTemplateSender{http://localhost:9411/api/v2/spans}}] [                                                 ] z.r.i.AsyncReporter$BoundedAsyncReporter : Dropped 2 spans due to ResourceAccessException(I/O error on POST request for "http://localhost:9411/api/v2/spans": Connect to http://localhost:9411 [localhost/127.0.0.1, localhost/0:0:0:0:0:0:0:1] failed: Connection refused: no further information)

org.springframework.web.client.ResourceAccessException: I/O error on POST request for "http://localhost:9411/api/v2/spans": Connect to http://localhost:9411 [localhost/127.0.0.1, localhost/0:0:0:0:0:0:0:1] failed: Connection refused: no further information
	at org.springframework.web.client.RestTemplate.createResourceAccessException(RestTemplate.java:925) ~[spring-web-6.2.3.jar:6.2.3]
	at org.springframework.web.client.RestTemplate.doExecute(RestTemplate.java:905) ~[spring-web-6.2.3.jar:6.2.3]
	at org.springframework.web.client.RestTemplate.execute(RestTemplate.java:840) ~[spring-web-6.2.3.jar:6.2.3]
	at org.springframework.web.client.RestTemplate.exchange(RestTemplate.java:701) ~[spring-web-6.2.3.jar:6.2.3]
	at org.springframework.boot.actuate.autoconfigure.tracing.zipkin.ZipkinRestTemplateSender.postSpans(ZipkinRestTemplateSender.java:50) ~[spring-boot-actuator-autoconfigure-3.4.3.jar:3.4.3]
	at org.springframework.boot.actuate.autoconfigure.tracing.zipkin.HttpSender.postSpans(HttpSender.java:69) ~[spring-boot-actuator-autoconfigure-3.4.3.jar:3.4.3]
	at org.springframework.boot.actuate.autoconfigure.tracing.zipkin.HttpSender.postSpans(HttpSender.java:41) ~[spring-boot-actuator-autoconfigure-3.4.3.jar:3.4.3]
	at zipkin2.reporter.BaseHttpSender.send(BaseHttpSender.java:123) ~[zipkin-reporter-3.4.3.jar:na]
	at zipkin2.reporter.internal.AsyncReporter$BoundedAsyncReporter.flush(AsyncReporter.java:266) ~[zipkin-reporter-3.4.3.jar:na]
	at zipkin2.reporter.internal.AsyncReporter$Flusher.run(AsyncReporter.java:352) ~[zipkin-reporter-3.4.3.jar:na]
	at java.base/java.lang.Thread.run(Thread.java:1583) ~[na:na]
Caused by: org.apache.hc.client5.http.HttpHostConnectException: Connect to http://localhost:9411 [localhost/127.0.0.1, localhost/0:0:0:0:0:0:0:1] failed: Connection refused: no further information
	at java.base/sun.nio.ch.Net.pollConnect(Native Method) ~[na:na]
	at java.base/sun.nio.ch.Net.pollConnectNow(Net.java:682) ~[na:na]
	at java.base/sun.nio.ch.NioSocketImpl.timedFinishConnect(NioSocketImpl.java:542) ~[na:na]
	at java.base/sun.nio.ch.NioSocketImpl.connect(NioSocketImpl.java:592) ~[na:na]
	at java.base/java.net.SocksSocketImpl.connect(SocksSocketImpl.java:327) ~[na:na]
	at java.base/java.net.Socket.connect(Socket.java:751) ~[na:na]
	at org.apache.hc.client5.http.impl.io.DefaultHttpClientConnectionOperator.connect(DefaultHttpClientConnectionOperator.java:216) ~[httpclient5-5.4.2.jar:5.4.2]
	at org.apache.hc.client5.http.impl.io.PoolingHttpClientConnectionManager.connect(PoolingHttpClientConnectionManager.java:490) ~[httpclient5-5.4.2.jar:5.4.2]
	at org.apache.hc.client5.http.impl.classic.InternalExecRuntime.connectEndpoint(InternalExecRuntime.java:164) ~[httpclient5-5.4.2.jar:5.4.2]
	at org.apache.hc.client5.http.impl.classic.InternalExecRuntime.connectEndpoint(InternalExecRuntime.java:174) ~[httpclient5-5.4.2.jar:5.4.2]
	at org.apache.hc.client5.http.impl.classic.ConnectExec.execute(ConnectExec.java:144) ~[httpclient5-5.4.2.jar:5.4.2]
	at org.apache.hc.client5.http.impl.classic.ExecChainElement.execute(ExecChainElement.java:51) ~[httpclient5-5.4.2.jar:5.4.2]
	at org.apache.hc.client5.http.impl.classic.ProtocolExec.execute(ProtocolExec.java:192) ~[httpclient5-5.4.2.jar:5.4.2]
	at org.apache.hc.client5.http.impl.classic.ExecChainElement.execute(ExecChainElement.java:51) ~[httpclient5-5.4.2.jar:5.4.2]
	at org.apache.hc.client5.http.impl.classic.ContentCompressionExec.execute(ContentCompressionExec.java:150) ~[httpclient5-5.4.2.jar:5.4.2]
	at org.apache.hc.client5.http.impl.classic.ExecChainElement.execute(ExecChainElement.java:51) ~[httpclient5-5.4.2.jar:5.4.2]
	at org.apache.hc.client5.http.impl.classic.HttpRequestRetryExec.execute(HttpRequestRetryExec.java:113) ~[httpclient5-5.4.2.jar:5.4.2]
	at org.apache.hc.client5.http.impl.classic.ExecChainElement.execute(ExecChainElement.java:51) ~[httpclient5-5.4.2.jar:5.4.2]
	at org.apache.hc.client5.http.impl.classic.RedirectExec.execute(RedirectExec.java:110) ~[httpclient5-5.4.2.jar:5.4.2]
	at org.apache.hc.client5.http.impl.classic.ExecChainElement.execute(ExecChainElement.java:51) ~[httpclient5-5.4.2.jar:5.4.2]
	at org.apache.hc.client5.http.impl.classic.InternalHttpClient.doExecute(InternalHttpClient.java:174) ~[httpclient5-5.4.2.jar:5.4.2]
	at org.apache.hc.client5.http.impl.classic.CloseableHttpClient.execute(CloseableHttpClient.java:87) ~[httpclient5-5.4.2.jar:5.4.2]
	at org.apache.hc.client5.http.impl.classic.CloseableHttpClient.execute(CloseableHttpClient.java:55) ~[httpclient5-5.4.2.jar:5.4.2]
	at org.apache.hc.client5.http.classic.HttpClient.executeOpen(HttpClient.java:183) ~[httpclient5-5.4.2.jar:5.4.2]
	at org.springframework.http.client.HttpComponentsClientHttpRequest.executeInternal(HttpComponentsClientHttpRequest.java:99) ~[spring-web-6.2.3.jar:6.2.3]
	at org.springframework.http.client.AbstractStreamingClientHttpRequest.executeInternal(AbstractStreamingClientHttpRequest.java:71) ~[spring-web-6.2.3.jar:6.2.3]
	at org.springframework.http.client.AbstractClientHttpRequest.execute(AbstractClientHttpRequest.java:81) ~[spring-web-6.2.3.jar:6.2.3]
	at org.springframework.web.client.RestTemplate.doExecute(RestTemplate.java:899) ~[spring-web-6.2.3.jar:6.2.3]
	... 9 common frames omitted

2026-07-29T11:42:18.476+01:00 DEBUG 9164 --- [microservice-admin] [DiscoveryClient-CacheRefreshExecutor-%d] [                                                 ] o.s.web.client.RestTemplate              : HTTP GET http://127.0.0.1:8761/eureka/apps/delta
2026-07-29T11:42:18.477+01:00 DEBUG 9164 --- [microservice-admin] [DiscoveryClient-HeartbeatExecutor-%d] [                                                 ] o.s.web.client.RestTemplate              : HTTP PUT http://127.0.0.1:8761/eureka/apps/MICROSERVICE-ADMIN/DLA-HO-LP-013.zenitheins0.net:microservice-admin:9008?status=UP&lastDirtyTimestamp=1785321708473
2026-07-29T11:42:18.477+01:00 DEBUG 9164 --- [microservice-admin] [DiscoveryClient-CacheRefreshExecutor-%d] [6a69d90a12967ff101e131e230bfee4f-01e131e230bfee4f] o.s.web.client.RestTemplate              : Accept=[application/json, application/*+json]
2026-07-29T11:42:18.484+01:00 DEBUG 9164 --- [microservice-admin] [DiscoveryClient-HeartbeatExecutor-%d] [6a69d90a14f304d0e8bb47dd7ee3bc5c-e8bb47dd7ee3bc5c] o.s.web.client.RestTemplate              : Accept=[application/json, application/*+json]
2026-07-29T11:42:18.492+01:00 DEBUG 9164 --- [microservice-admin] [DiscoveryClient-HeartbeatExecutor-%d] [6a69d90a14f304d0e8bb47dd7ee3bc5c-e8bb47dd7ee3bc5c] o.s.web.client.RestTemplate              : Response 200 OK
2026-07-29T11:42:18.492+01:00 DEBUG 9164 --- [microservice-admin] [DiscoveryClient-CacheRefreshExecutor-%d] [6a69d90a12967ff101e131e230bfee4f-01e131e230bfee4f] o.s.web.client.RestTemplate              : Response 200 OK
2026-07-29T11:42:18.492+01:00 DEBUG 9164 --- [microservice-admin] [DiscoveryClient-CacheRefreshExecutor-%d] [6a69d90a12967ff101e131e230bfee4f-01e131e230bfee4f] o.s.web.client.RestTemplate              : Reading to [org.springframework.cloud.netflix.eureka.http.EurekaApplications]
2026-07-29T11:42:18.769+01:00 DEBUG 9164 --- [microservice-admin] [AsyncReporter{ZipkinRestTemplateSender{http://localhost:9411/api/v2/spans}}] [                                                 ] o.s.web.client.RestTemplate              : HTTP POST http://localhost:9411/api/v2/spans
2026-07-29T11:42:18.769+01:00 DEBUG 9164 --- [microservice-admin] [AsyncReporter{ZipkinRestTemplateSender{http://localhost:9411/api/v2/spans}}] [                                                 ] o.s.web.client.RestTemplate              : Accept=[application/json, application/*+json]
2026-07-29T11:42:18.769+01:00 DEBUG 9164 --- [microservice-admin] [AsyncReporter{ZipkinRestTemplateSender{http://localhost:9411/api/v2/spans}}] [                                                 ] o.s.web.client.RestTemplate              : Writing [[B@71addc2c] as "application/json"
2026-07-29T11:42:48.496+01:00 DEBUG 9164 --- [microservice-admin] [DiscoveryClient-HeartbeatExecutor-%d] [                                                 ] o.s.web.client.RestTemplate              : HTTP PUT http://127.0.0.1:8761/eureka/apps/MICROSERVICE-ADMIN/DLA-HO-LP-013.zenitheins0.net:microservice-admin:9008?status=UP&lastDirtyTimestamp=1785321708473
2026-07-29T11:42:48.496+01:00 DEBUG 9164 --- [microservice-admin] [DiscoveryClient-CacheRefreshExecutor-%d] [                                                 ] o.s.web.client.RestTemplate              : HTTP GET http://127.0.0.1:8761/eureka/apps/delta
2026-07-29T11:42:48.498+01:00 DEBUG 9164 --- [microservice-admin] [DiscoveryClient-HeartbeatExecutor-%d] [6a69d9282ea64ad4eb5457fcbb6ea452-eb5457fcbb6ea452] o.s.web.client.RestTemplate              : Accept=[application/json, application/*+json]
2026-07-29T11:42:48.498+01:00 DEBUG 9164 --- [microservice-admin] [DiscoveryClient-CacheRefreshExecutor-%d] [6a69d9287f17625e2be394415a36f9df-2be394415a36f9df] o.s.web.client.RestTemplate              : Accept=[application/json, application/*+json]
2026-07-29T11:42:48.515+01:00 DEBUG 9164 --- [microservice-admin] [DiscoveryClient-HeartbeatExecutor-%d] [6a69d9282ea64ad4eb5457fcbb6ea452-eb5457fcbb6ea452] o.s.web.client.RestTemplate              : Response 200 OK
2026-07-29T11:42:48.515+01:00 DEBUG 9164 --- [microservice-admin] [DiscoveryClient-CacheRefreshExecutor-%d] [6a69d9287f17625e2be394415a36f9df-2be394415a36f9df] o.s.web.client.RestTemplate              : Response 200 OK
2026-07-29T11:42:48.515+01:00 DEBUG 9164 --- [microservice-admin] [DiscoveryClient-CacheRefreshExecutor-%d] [6a69d9287f17625e2be394415a36f9df-2be394415a36f9df] o.s.web.client.RestTemplate              : Reading to [org.springframework.cloud.netflix.eureka.http.EurekaApplications]
2026-07-29T11:42:49.075+01:00 DEBUG 9164 --- [microservice-admin] [AsyncReporter{ZipkinRestTemplateSender{http://localhost:9411/api/v2/spans}}] [                                                 ] o.s.web.client.RestTemplate              : HTTP POST http://localhost:9411/api/v2/spans
2026-07-29T11:42:49.076+01:00 DEBUG 9164 --- [microservice-admin] [AsyncReporter{ZipkinRestTemplateSender{http://localhost:9411/api/v2/spans}}] [                                                 ] o.s.web.client.RestTemplate              : Accept=[application/json, application/*+json]
2026-07-29T11:42:49.076+01:00 DEBUG 9164 --- [microservice-admin] [AsyncReporter{ZipkinRestTemplateSender{http://localhost:9411/api/v2/spans}}] [                                                 ] o.s.web.client.RestTemplate              : Writing [[B@392517a4] as "application/json"
2026-07-29T11:43:18.523+01:00 DEBUG 9164 --- [microservice-admin] [DiscoveryClient-CacheRefreshExecutor-%d] [                                                 ] o.s.web.client.RestTemplate              : HTTP GET http://127.0.0.1:8761/eureka/apps/delta
2026-07-29T11:43:18.523+01:00 DEBUG 9164 --- [microservice-admin] [DiscoveryClient-HeartbeatExecutor-%d] [                                                 ] o.s.web.client.RestTemplate              : HTTP PUT http://127.0.0.1:8761/eureka/apps/MICROSERVICE-ADMIN/DLA-HO-LP-013.zenitheins0.net:microservice-admin:9008?status=UP&lastDirtyTimestamp=1785321708473
2026-07-29T11:43:18.524+01:00 DEBUG 9164 --- [microservice-admin] [DiscoveryClient-CacheRefreshExecutor-%d] [6a69d946aedd5b9bb0cadb108708432a-b0cadb108708432a] o.s.web.client.RestTemplate              : Accept=[application/json, application/*+json]
2026-07-29T11:43:18.524+01:00 DEBUG 9164 --- [microservice-admin] [DiscoveryClient-HeartbeatExecutor-%d] [6a69d9461f3729ec5dbc1cbcc38a737d-5dbc1cbcc38a737d] o.s.web.client.RestTemplate              : Accept=[application/json, application/*+json]
2026-07-29T11:43:18.542+01:00 DEBUG 9164 --- [microservice-admin] [DiscoveryClient-HeartbeatExecutor-%d] [6a69d9461f3729ec5dbc1cbcc38a737d-5dbc1cbcc38a737d] o.s.web.client.RestTemplate              : Response 200 OK
2026-07-29T11:43:18.543+01:00 DEBUG 9164 --- [microservice-admin] [DiscoveryClient-CacheRefreshExecutor-%d] [6a69d946aedd5b9bb0cadb108708432a-b0cadb108708432a] o.s.web.client.RestTemplate              : Response 200 OK
2026-07-29T11:43:18.543+01:00 DEBUG 9164 --- [microservice-admin] [DiscoveryClient-CacheRefreshExecutor-%d] [6a69d946aedd5b9bb0cadb108708432a-b0cadb108708432a] o.s.web.client.RestTemplate              : Reading to [org.springframework.cloud.netflix.eureka.http.EurekaApplications]
2026-07-29T11:43:19.395+01:00 DEBUG 9164 --- [microservice-admin] [AsyncReporter{ZipkinRestTemplateSender{http://localhost:9411/api/v2/spans}}] [                                                 ] o.s.web.client.RestTemplate              : HTTP POST http://localhost:9411/api/v2/spans
2026-07-29T11:43:19.396+01:00 DEBUG 9164 --- [microservice-admin] [AsyncReporter{ZipkinRestTemplateSender{http://localhost:9411/api/v2/spans}}] [                                                 ] o.s.web.client.RestTemplate              : Accept=[application/json, application/*+json]
2026-07-29T11:43:19.397+01:00 DEBUG 9164 --- [microservice-admin] [AsyncReporter{ZipkinRestTemplateSender{http://localhost:9411/api/v2/spans}}] [                                                 ] o.s.web.client.RestTemplate              : Writing [[B@3ce48ca8] as "application/json"
2026-07-29T11:43:48.554+01:00 DEBUG 9164 --- [microservice-admin] [DiscoveryClient-CacheRefreshExecutor-%d] [                                                 ] o.s.web.client.RestTemplate              : HTTP GET http://127.0.0.1:8761/eureka/apps/delta
2026-07-29T11:43:48.554+01:00 DEBUG 9164 --- [microservice-admin] [DiscoveryClient-HeartbeatExecutor-%d] [                                                 ] o.s.web.client.RestTemplate              : HTTP PUT http://127.0.0.1:8761/eureka/apps/MICROSERVICE-ADMIN/DLA-HO-LP-013.zenitheins0.net:microservice-admin:9008?status=UP&lastDirtyTimestamp=1785321708473
2026-07-29T11:43:48.556+01:00 DEBUG 9164 --- [microservice-admin] [DiscoveryClient-CacheRefreshExecutor-%d] [6a69d964b629e3f7e2f60fb92ffd7757-e2f60fb92ffd7757] o.s.web.client.RestTemplate              : Accept=[application/json, application/*+json]
2026-07-29T11:43:48.556+01:00 DEBUG 9164 --- [microservice-admin] [DiscoveryClient-HeartbeatExecutor-%d] [6a69d964859d011c01013329841a2b28-01013329841a2b28] o.s.web.client.RestTemplate              : Accept=[application/json, application/*+json]
2026-07-29T11:43:48.572+01:00 DEBUG 9164 --- [microservice-admin] [DiscoveryClient-HeartbeatExecutor-%d] [6a69d964859d011c01013329841a2b28-01013329841a2b28] o.s.web.client.RestTemplate              : Response 200 OK
2026-07-29T11:43:48.572+01:00 DEBUG 9164 --- [microservice-admin] [DiscoveryClient-CacheRefreshExecutor-%d] [6a69d964b629e3f7e2f60fb92ffd7757-e2f60fb92ffd7757] o.s.web.client.RestTemplate              : Response 200 OK
2026-07-29T11:43:48.572+01:00 DEBUG 9164 --- [microservice-admin] [DiscoveryClient-CacheRefreshExecutor-%d] [6a69d964b629e3f7e2f60fb92ffd7757-e2f60fb92ffd7757] o.s.web.client.RestTemplate              : Reading to [org.springframework.cloud.netflix.eureka.http.EurekaApplications]
2026-07-29T11:43:48.724+01:00 DEBUG 9164 --- [microservice-admin] [AsyncReporter{ZipkinRestTemplateSender{http://localhost:9411/api/v2/spans}}] [                                                 ] o.s.web.client.RestTemplate              : HTTP POST http://localhost:9411/api/v2/spans
2026-07-29T11:43:48.725+01:00 DEBUG 9164 --- [microservice-admin] [AsyncReporter{ZipkinRestTemplateSender{http://localhost:9411/api/v2/spans}}] [                                                 ] o.s.web.client.RestTemplate              : Accept=[application/json, application/*+json]
2026-07-29T11:43:48.725+01:00 DEBUG 9164 --- [microservice-admin] [AsyncReporter{ZipkinRestTemplateSender{http://localhost:9411/api/v2/spans}}] [                                                 ] o.s.web.client.RestTemplate              : Writing [[B@2e348884] as "application/json"
2026-07-29T11:44:18.589+01:00 DEBUG 9164 --- [microservice-admin] [DiscoveryClient-CacheRefreshExecutor-%d] [                                                 ] o.s.web.client.RestTemplate              : HTTP GET http://127.0.0.1:8761/eureka/apps/delta
2026-07-29T11:44:18.589+01:00 DEBUG 9164 --- [microservice-admin] [DiscoveryClient-HeartbeatExecutor-%d] [                                                 ] o.s.web.client.RestTemplate              : HTTP PUT http://127.0.0.1:8761/eureka/apps/MICROSERVICE-ADMIN/DLA-HO-LP-013.zenitheins0.net:microservice-admin:9008?status=UP&lastDirtyTimestamp=1785321708473
2026-07-29T11:44:18.598+01:00 DEBUG 9164 --- [microservice-admin] [DiscoveryClient-CacheRefreshExecutor-%d] [6a69d9823b9c9dcf8b938eb4bf0de4ae-8b938eb4bf0de4ae] o.s.web.client.RestTemplate              : Accept=[application/json, application/*+json]
2026-07-29T11:44:18.600+01:00 DEBUG 9164 --- [microservice-admin] [DiscoveryClient-HeartbeatExecutor-%d] [6a69d982a2d08831de558744c8905067-de558744c8905067] o.s.web.client.RestTemplate              : Accept=[application/json, application/*+json]
2026-07-29T11:44:18.605+01:00 DEBUG 9164 --- [microservice-admin] [DiscoveryClient-HeartbeatExecutor-%d] [6a69d982a2d08831de558744c8905067-de558744c8905067] o.s.web.client.RestTemplate              : Response 200 OK
2026-07-29T11:44:18.605+01:00 DEBUG 9164 --- [microservice-admin] [DiscoveryClient-CacheRefreshExecutor-%d] [6a69d9823b9c9dcf8b938eb4bf0de4ae-8b938eb4bf0de4ae] o.s.web.client.RestTemplate              : Response 200 OK
2026-07-29T11:44:18.606+01:00 DEBUG 9164 --- [microservice-admin] [DiscoveryClient-CacheRefreshExecutor-%d] [6a69d9823b9c9dcf8b938eb4bf0de4ae-8b938eb4bf0de4ae] o.s.web.client.RestTemplate              : Reading to [org.springframework.cloud.netflix.eureka.http.EurekaApplications]
2026-07-29T11:44:19.058+01:00 DEBUG 9164 --- [microservice-admin] [AsyncReporter{ZipkinRestTemplateSender{http://localhost:9411/api/v2/spans}}] [                                                 ] o.s.web.client.RestTemplate              : HTTP POST http://localhost:9411/api/v2/spans
2026-07-29T11:44:19.059+01:00 DEBUG 9164 --- [microservice-admin] [AsyncReporter{ZipkinRestTemplateSender{http://localhost:9411/api/v2/spans}}] [                                                 ] o.s.web.client.RestTemplate              : Accept=[application/json, application/*+json]
2026-07-29T11:44:19.059+01:00 DEBUG 9164 --- [microservice-admin] [AsyncReporter{ZipkinRestTemplateSender{http://localhost:9411/api/v2/spans}}] [                                                 ] o.s.web.client.RestTemplate              : Writing [[B@2e40ab3b] as "application/json"
2026-07-29T11:44:48.617+01:00 DEBUG 9164 --- [microservice-admin] [DiscoveryClient-CacheRefreshExecutor-%d] [                                                 ] o.s.web.client.RestTemplate              : HTTP GET http://127.0.0.1:8761/eureka/apps/delta
2026-07-29T11:44:48.617+01:00 DEBUG 9164 --- [microservice-admin] [DiscoveryClient-HeartbeatExecutor-%d] [                                                 ] o.s.web.client.RestTemplate              : HTTP PUT http://127.0.0.1:8761/eureka/apps/MICROSERVICE-ADMIN/DLA-HO-LP-013.zenitheins0.net:microservice-admin:9008?status=UP&lastDirtyTimestamp=1785321708473
2026-07-29T11:44:48.617+01:00 DEBUG 9164 --- [microservice-admin] [DiscoveryClient-HeartbeatExecutor-%d] [6a69d9a079b79c7be604475c476b59bc-e604475c476b59bc] o.s.web.client.RestTemplate              : Accept=[application/json, application/*+json]
2026-07-29T11:44:48.617+01:00 DEBUG 9164 --- [microservice-admin] [DiscoveryClient-CacheRefreshExecutor-%d] [6a69d9a0762a269da37cf90f61254ed8-a37cf90f61254ed8] o.s.web.client.RestTemplate              : Accept=[application/json, application/*+json]
2026-07-29T11:44:48.635+01:00 DEBUG 9164 --- [microservice-admin] [DiscoveryClient-HeartbeatExecutor-%d] [6a69d9a079b79c7be604475c476b59bc-e604475c476b59bc] o.s.web.client.RestTemplate              : Response 200 OK
2026-07-29T11:44:48.635+01:00 DEBUG 9164 --- [microservice-admin] [DiscoveryClient-CacheRefreshExecutor-%d] [6a69d9a0762a269da37cf90f61254ed8-a37cf90f61254ed8] o.s.web.client.RestTemplate              : Response 200 OK
2026-07-29T11:44:48.635+01:00 DEBUG 9164 --- [microservice-admin] [DiscoveryClient-CacheRefreshExecutor-%d] [6a69d9a0762a269da37cf90f61254ed8-a37cf90f61254ed8] o.s.web.client.RestTemplate              : Reading to [org.springframework.cloud.netflix.eureka.http.EurekaApplications]
2026-07-29T11:44:49.365+01:00 DEBUG 9164 --- [microservice-admin] [AsyncReporter{ZipkinRestTemplateSender{http://localhost:9411/api/v2/spans}}] [                                                 ] o.s.web.client.RestTemplate              : HTTP POST http://localhost:9411/api/v2/spans
2026-07-29T11:44:49.366+01:00 DEBUG 9164 --- [microservice-admin] [AsyncReporter{ZipkinRestTemplateSender{http://localhost:9411/api/v2/spans}}] [                                                 ] o.s.web.client.RestTemplate              : Accept=[application/json, application/*+json]
2026-07-29T11:44:49.367+01:00 DEBUG 9164 --- [microservice-admin] [AsyncReporter{ZipkinRestTemplateSender{http://localhost:9411/api/v2/spans}}] [                                                 ] o.s.web.client.RestTemplate              : Writing [[B@72d6f39a] as "application/json"
2026-07-29T11:45:18.640+01:00 DEBUG 9164 --- [microservice-admin] [DiscoveryClient-CacheRefreshExecutor-%d] [                                                 ] o.s.web.client.RestTemplate              : HTTP GET http://127.0.0.1:8761/eureka/apps/delta
2026-07-29T11:45:18.640+01:00 DEBUG 9164 --- [microservice-admin] [DiscoveryClient-HeartbeatExecutor-%d] [                                                 ] o.s.web.client.RestTemplate              : HTTP PUT http://127.0.0.1:8761/eureka/apps/MICROSERVICE-ADMIN/DLA-HO-LP-013.zenitheins0.net:microservice-admin:9008?status=UP&lastDirtyTimestamp=1785321708473
2026-07-29T11:45:18.641+01:00 DEBUG 9164 --- [microservice-admin] [DiscoveryClient-CacheRefreshExecutor-%d] [6a69d9beb109ed527db3d27839eab85b-7db3d27839eab85b] o.s.web.client.RestTemplate              : Accept=[application/json, application/*+json]
2026-07-29T11:45:18.641+01:00 DEBUG 9164 --- [microservice-admin] [DiscoveryClient-HeartbeatExecutor-%d] [6a69d9be2544e86a40a8df6893c61e93-40a8df6893c61e93] o.s.web.client.RestTemplate              : Accept=[application/json, application/*+json]
2026-07-29T11:45:18.657+01:00 DEBUG 9164 --- [microservice-admin] [DiscoveryClient-HeartbeatExecutor-%d] [6a69d9be2544e86a40a8df6893c61e93-40a8df6893c61e93] o.s.web.client.RestTemplate              : Response 200 OK
2026-07-29T11:45:18.658+01:00 DEBUG 9164 --- [microservice-admin] [DiscoveryClient-CacheRefreshExecutor-%d] [6a69d9beb109ed527db3d27839eab85b-7db3d27839eab85b] o.s.web.client.RestTemplate              : Response 200 OK
2026-07-29T11:45:18.658+01:00 DEBUG 9164 --- [microservice-admin] [DiscoveryClient-CacheRefreshExecutor-%d] [6a69d9beb109ed527db3d27839eab85b-7db3d27839eab85b] o.s.web.client.RestTemplate              : Reading to [org.springframework.cloud.netflix.eureka.http.EurekaApplications]
2026-07-29T11:45:18.671+01:00 DEBUG 9164 --- [microservice-admin] [AsyncReporter{ZipkinRestTemplateSender{http://localhost:9411/api/v2/spans}}] [                                                 ] o.s.web.client.RestTemplate              : HTTP POST http://localhost:9411/api/v2/spans
2026-07-29T11:45:18.671+01:00 DEBUG 9164 --- [microservice-admin] [AsyncReporter{ZipkinRestTemplateSender{http://localhost:9411/api/v2/spans}}] [                                                 ] o.s.web.client.RestTemplate              : Accept=[application/json, application/*+json]
2026-07-29T11:45:18.671+01:00 DEBUG 9164 --- [microservice-admin] [AsyncReporter{ZipkinRestTemplateSender{http://localhost:9411/api/v2/spans}}] [                                                 ] o.s.web.client.RestTemplate              : Writing [[B@20c09b32] as "application/json"
2026-07-29T11:45:48.671+01:00 DEBUG 9164 --- [microservice-admin] [DiscoveryClient-HeartbeatExecutor-%d] [                                                 ] o.s.web.client.RestTemplate              : HTTP PUT http://127.0.0.1:8761/eureka/apps/MICROSERVICE-ADMIN/DLA-HO-LP-013.zenitheins0.net:microservice-admin:9008?status=UP&lastDirtyTimestamp=1785321708473
2026-07-29T11:45:48.671+01:00 DEBUG 9164 --- [microservice-admin] [DiscoveryClient-CacheRefreshExecutor-%d] [                                                 ] o.s.web.client.RestTemplate              : HTTP GET http://127.0.0.1:8761/eureka/apps/delta
2026-07-29T11:45:48.671+01:00 DEBUG 9164 --- [microservice-admin] [DiscoveryClient-HeartbeatExecutor-%d] [6a69d9dc27b731024f92a6ef12d7e934-4f92a6ef12d7e934] o.s.web.client.RestTemplate              : Accept=[application/json, application/*+json]
2026-07-29T11:45:48.671+01:00 DEBUG 9164 --- [microservice-admin] [DiscoveryClient-CacheRefreshExecutor-%d] [6a69d9dc246899ae7785a968c12dadda-7785a968c12dadda] o.s.web.client.RestTemplate              : Accept=[application/json, application/*+json]
2026-07-29T11:45:48.688+01:00 DEBUG 9164 --- [microservice-admin] [DiscoveryClient-HeartbeatExecutor-%d] [6a69d9dc27b731024f92a6ef12d7e934-4f92a6ef12d7e934] o.s.web.client.RestTemplate              : Response 200 OK
2026-07-29T11:45:48.688+01:00 DEBUG 9164 --- [microservice-admin] [DiscoveryClient-CacheRefreshExecutor-%d] [6a69d9dc246899ae7785a968c12dadda-7785a968c12dadda] o.s.web.client.RestTemplate              : Response 200 OK
2026-07-29T11:45:48.689+01:00 DEBUG 9164 --- [microservice-admin] [DiscoveryClient-CacheRefreshExecutor-%d] [6a69d9dc246899ae7785a968c12dadda-7785a968c12dadda] o.s.web.client.RestTemplate              : Reading to [org.springframework.cloud.netflix.eureka.http.EurekaApplications]
2026-07-29T11:45:48.982+01:00 DEBUG 9164 --- [microservice-admin] [AsyncReporter{ZipkinRestTemplateSender{http://localhost:9411/api/v2/spans}}] [                                                 ] o.s.web.client.RestTemplate              : HTTP POST http://localhost:9411/api/v2/spans
2026-07-29T11:45:48.983+01:00 DEBUG 9164 --- [microservice-admin] [AsyncReporter{ZipkinRestTemplateSender{http://localhost:9411/api/v2/spans}}] [                                                 ] o.s.web.client.RestTemplate              : Accept=[application/json, application/*+json]
2026-07-29T11:45:48.983+01:00 DEBUG 9164 --- [microservice-admin] [AsyncReporter{ZipkinRestTemplateSender{http://localhost:9411/api/v2/spans}}] [                                                 ] o.s.web.client.RestTemplate              : Writing [[B@7cdf4426] as "application/json"
2026-07-29T11:46:18.694+01:00 DEBUG 9164 --- [microservice-admin] [DiscoveryClient-HeartbeatExecutor-%d] [                                                 ] o.s.web.client.RestTemplate              : HTTP PUT http://127.0.0.1:8761/eureka/apps/MICROSERVICE-ADMIN/DLA-HO-LP-013.zenitheins0.net:microservice-admin:9008?status=UP&lastDirtyTimestamp=1785321708473
2026-07-29T11:46:18.694+01:00 DEBUG 9164 --- [microservice-admin] [DiscoveryClient-CacheRefreshExecutor-%d] [                                                 ] o.s.web.client.RestTemplate              : HTTP GET http://127.0.0.1:8761/eureka/apps/delta
2026-07-29T11:46:18.696+01:00 DEBUG 9164 --- [microservice-admin] [DiscoveryClient-HeartbeatExecutor-%d] [6a69d9fa253195d74c2e4704985a9f13-4c2e4704985a9f13] o.s.web.client.RestTemplate              : Accept=[application/json, application/*+json]
2026-07-29T11:46:18.696+01:00 DEBUG 9164 --- [microservice-admin] [DiscoveryClient-CacheRefreshExecutor-%d] [6a69d9fa318240f09743e2838a503902-9743e2838a503902] o.s.web.client.RestTemplate              : Accept=[application/json, application/*+json]
2026-07-29T11:46:18.711+01:00 DEBUG 9164 --- [microservice-admin] [DiscoveryClient-HeartbeatExecutor-%d] [6a69d9fa253195d74c2e4704985a9f13-4c2e4704985a9f13] o.s.web.client.RestTemplate              : Response 200 OK
2026-07-29T11:46:18.712+01:00 DEBUG 9164 --- [microservice-admin] [DiscoveryClient-CacheRefreshExecutor-%d] [6a69d9fa318240f09743e2838a503902-9743e2838a503902] o.s.web.client.RestTemplate              : Response 200 OK
2026-07-29T11:46:18.712+01:00 DEBUG 9164 --- [microservice-admin] [DiscoveryClient-CacheRefreshExecutor-%d] [6a69d9fa318240f09743e2838a503902-9743e2838a503902] o.s.web.client.RestTemplate              : Reading to [org.springframework.cloud.netflix.eureka.http.EurekaApplications]
2026-07-29T11:46:19.347+01:00 DEBUG 9164 --- [microservice-admin] [AsyncReporter{ZipkinRestTemplateSender{http://localhost:9411/api/v2/spans}}] [                                                 ] o.s.web.client.RestTemplate              : HTTP POST http://localhost:9411/api/v2/spans
2026-07-29T11:46:19.347+01:00 DEBUG 9164 --- [microservice-admin] [AsyncReporter{ZipkinRestTemplateSender{http://localhost:9411/api/v2/spans}}] [                                                 ] o.s.web.client.RestTemplate              : Accept=[application/json, application/*+json]
2026-07-29T11:46:19.347+01:00 DEBUG 9164 --- [microservice-admin] [AsyncReporter{ZipkinRestTemplateSender{http://localhost:9411/api/v2/spans}}] [                                                 ] o.s.web.client.RestTemplate              : Writing [[B@448c67c6] as "application/json"
2026-07-29T11:46:48.228+01:00  INFO 9164 --- [microservice-admin] [AsyncResolver-bootstrap-executor-%d] [                                                 ] c.n.d.s.r.aws.ConfigClusterResolver      : Resolving eureka endpoints via configuration
2026-07-29T11:46:48.724+01:00 DEBUG 9164 --- [microservice-admin] [DiscoveryClient-CacheRefreshExecutor-%d] [                                                 ] o.s.web.client.RestTemplate              : HTTP GET http://127.0.0.1:8761/eureka/apps/delta
2026-07-29T11:46:48.724+01:00 DEBUG 9164 --- [microservice-admin] [DiscoveryClient-HeartbeatExecutor-%d] [                                                 ] o.s.web.client.RestTemplate              : HTTP PUT http://127.0.0.1:8761/eureka/apps/MICROSERVICE-ADMIN/DLA-HO-LP-013.zenitheins0.net:microservice-admin:9008?status=UP&lastDirtyTimestamp=1785321708473
2026-07-29T11:46:48.725+01:00 DEBUG 9164 --- [microservice-admin] [DiscoveryClient-HeartbeatExecutor-%d] [6a69da18f49d576d7567afe2c8d7a826-7567afe2c8d7a826] o.s.web.client.RestTemplate              : Accept=[application/json, application/*+json]
2026-07-29T11:46:48.725+01:00 DEBUG 9164 --- [microservice-admin] [DiscoveryClient-CacheRefreshExecutor-%d] [6a69da18285e10c14e22d4100ddb8721-4e22d4100ddb8721] o.s.web.client.RestTemplate              : Accept=[application/json, application/*+json]
2026-07-29T11:46:48.742+01:00 DEBUG 9164 --- [microservice-admin] [DiscoveryClient-CacheRefreshExecutor-%d] [6a69da18285e10c14e22d4100ddb8721-4e22d4100ddb8721] o.s.web.client.RestTemplate              : Response 200 OK
2026-07-29T11:46:48.742+01:00 DEBUG 9164 --- [microservice-admin] [DiscoveryClient-CacheRefreshExecutor-%d] [6a69da18285e10c14e22d4100ddb8721-4e22d4100ddb8721] o.s.web.client.RestTemplate              : Reading to [org.springframework.cloud.netflix.eureka.http.EurekaApplications]
2026-07-29T11:46:48.742+01:00 DEBUG 9164 --- [microservice-admin] [DiscoveryClient-HeartbeatExecutor-%d] [6a69da18f49d576d7567afe2c8d7a826-7567afe2c8d7a826] o.s.web.client.RestTemplate              : Response 200 OK
2026-07-29T11:46:49.685+01:00 DEBUG 9164 --- [microservice-admin] [AsyncReporter{ZipkinRestTemplateSender{http://localhost:9411/api/v2/spans}}] [                                                 ] o.s.web.client.RestTemplate              : HTTP POST http://localhost:9411/api/v2/spans
2026-07-29T11:46:49.686+01:00 DEBUG 9164 --- [microservice-admin] [AsyncReporter{ZipkinRestTemplateSender{http://localhost:9411/api/v2/spans}}] [                                                 ] o.s.web.client.RestTemplate              : Accept=[application/json, application/*+json]
2026-07-29T11:46:49.686+01:00 DEBUG 9164 --- [microservice-admin] [AsyncReporter{ZipkinRestTemplateSender{http://localhost:9411/api/v2/spans}}] [                                                 ] o.s.web.client.RestTemplate              : Writing [[B@7ac97db4] as "application/json"
2026-07-29T11:47:18.754+01:00 DEBUG 9164 --- [microservice-admin] [DiscoveryClient-CacheRefreshExecutor-%d] [                                                 ] o.s.web.client.RestTemplate              : HTTP GET http://127.0.0.1:8761/eureka/apps/delta
2026-07-29T11:47:18.754+01:00 DEBUG 9164 --- [microservice-admin] [DiscoveryClient-HeartbeatExecutor-%d] [                                                 ] o.s.web.client.RestTemplate              : HTTP PUT http://127.0.0.1:8761/eureka/apps/MICROSERVICE-ADMIN/DLA-HO-LP-013.zenitheins0.net:microservice-admin:9008?status=UP&lastDirtyTimestamp=1785321708473
2026-07-29T11:47:18.755+01:00 DEBUG 9164 --- [microservice-admin] [DiscoveryClient-CacheRefreshExecutor-%d] [6a69da36f931e9bd2fb9b38196538899-2fb9b38196538899] o.s.web.client.RestTemplate              : Accept=[application/json, application/*+json]
2026-07-29T11:47:18.755+01:00 DEBUG 9164 --- [microservice-admin] [DiscoveryClient-HeartbeatExecutor-%d] [6a69da36998b42dba74acef82df7167d-a74acef82df7167d] o.s.web.client.RestTemplate              : Accept=[application/json, application/*+json]
2026-07-29T11:47:18.770+01:00 DEBUG 9164 --- [microservice-admin] [DiscoveryClient-CacheRefreshExecutor-%d] [6a69da36f931e9bd2fb9b38196538899-2fb9b38196538899] o.s.web.client.RestTemplate              : Response 200 OK
2026-07-29T11:47:18.770+01:00 DEBUG 9164 --- [microservice-admin] [DiscoveryClient-CacheRefreshExecutor-%d] [6a69da36f931e9bd2fb9b38196538899-2fb9b38196538899] o.s.web.client.RestTemplate              : Reading to [org.springframework.cloud.netflix.eureka.http.EurekaApplications]
2026-07-29T11:47:18.771+01:00 DEBUG 9164 --- [microservice-admin] [DiscoveryClient-HeartbeatExecutor-%d] [6a69da36998b42dba74acef82df7167d-a74acef82df7167d] o.s.web.client.RestTemplate              : Response 200 OK
2026-07-29T11:47:19.018+01:00 DEBUG 9164 --- [microservice-admin] [AsyncReporter{ZipkinRestTemplateSender{http://localhost:9411/api/v2/spans}}] [                                                 ] o.s.web.client.RestTemplate              : HTTP POST http://localhost:9411/api/v2/spans
2026-07-29T11:47:19.019+01:00 DEBUG 9164 --- [microservice-admin] [AsyncReporter{ZipkinRestTemplateSender{http://localhost:9411/api/v2/spans}}] [                                                 ] o.s.web.client.RestTemplate              : Accept=[application/json, application/*+json]
2026-07-29T11:47:19.019+01:00 DEBUG 9164 --- [microservice-admin] [AsyncReporter{ZipkinRestTemplateSender{http://localhost:9411/api/v2/spans}}] [                                                 ] o.s.web.client.RestTemplate              : Writing [[B@36494a9f] as "application/json"
2026-07-29T11:47:48.780+01:00 DEBUG 9164 --- [microservice-admin] [DiscoveryClient-HeartbeatExecutor-%d] [                                                 ] o.s.web.client.RestTemplate              : HTTP PUT http://127.0.0.1:8761/eureka/apps/MICROSERVICE-ADMIN/DLA-HO-LP-013.zenitheins0.net:microservice-admin:9008?status=UP&lastDirtyTimestamp=1785321708473
2026-07-29T11:47:48.780+01:00 DEBUG 9164 --- [microservice-admin] [DiscoveryClient-CacheRefreshExecutor-%d] [                                                 ] o.s.web.client.RestTemplate              : HTTP GET http://127.0.0.1:8761/eureka/apps/delta
2026-07-29T11:47:48.782+01:00 DEBUG 9164 --- [microservice-admin] [DiscoveryClient-CacheRefreshExecutor-%d] [6a69da547329733c32ee49f0216baa86-32ee49f0216baa86] o.s.web.client.RestTemplate              : Accept=[application/json, application/*+json]
2026-07-29T11:47:48.782+01:00 DEBUG 9164 --- [microservice-admin] [DiscoveryClient-HeartbeatExecutor-%d] [6a69da546611246c6de6564cb0d93733-6de6564cb0d93733] o.s.web.client.RestTemplate              : Accept=[application/json, application/*+json]
2026-07-29T11:47:48.798+01:00 DEBUG 9164 --- [microservice-admin] [DiscoveryClient-HeartbeatExecutor-%d] [6a69da546611246c6de6564cb0d93733-6de6564cb0d93733] o.s.web.client.RestTemplate              : Response 200 OK
2026-07-29T11:47:48.799+01:00 DEBUG 9164 --- [microservice-admin] [DiscoveryClient-CacheRefreshExecutor-%d] [6a69da547329733c32ee49f0216baa86-32ee49f0216baa86] o.s.web.client.RestTemplate              : Response 200 OK
2026-07-29T11:47:48.799+01:00 DEBUG 9164 --- [microservice-admin] [DiscoveryClient-CacheRefreshExecutor-%d] [6a69da547329733c32ee49f0216baa86-32ee49f0216baa86] o.s.web.client.RestTemplate              : Reading to [org.springframework.cloud.netflix.eureka.http.EurekaApplications]
2026-07-29T11:47:49.353+01:00 DEBUG 9164 --- [microservice-admin] [AsyncReporter{ZipkinRestTemplateSender{http://localhost:9411/api/v2/spans}}] [                                                 ] o.s.web.client.RestTemplate              : HTTP POST http://localhost:9411/api/v2/spans
2026-07-29T11:47:49.353+01:00 DEBUG 9164 --- [microservice-admin] [AsyncReporter{ZipkinRestTemplateSender{http://localhost:9411/api/v2/spans}}] [                                                 ] o.s.web.client.RestTemplate              : Accept=[application/json, application/*+json]
2026-07-29T11:47:49.353+01:00 DEBUG 9164 --- [microservice-admin] [AsyncReporter{ZipkinRestTemplateSender{http://localhost:9411/api/v2/spans}}] [                                                 ] o.s.web.client.RestTemplate              : Writing [[B@745da70e] as "application/json"
2026-07-29T11:48:18.811+01:00 DEBUG 9164 --- [microservice-admin] [DiscoveryClient-CacheRefreshExecutor-%d] [                                                 ] o.s.web.client.RestTemplate              : HTTP GET http://127.0.0.1:8761/eureka/apps/delta
2026-07-29T11:48:18.812+01:00 DEBUG 9164 --- [microservice-admin] [DiscoveryClient-HeartbeatExecutor-%d] [                                                 ] o.s.web.client.RestTemplate              : HTTP PUT http://127.0.0.1:8761/eureka/apps/MICROSERVICE-ADMIN/DLA-HO-LP-013.zenitheins0.net:microservice-admin:9008?status=UP&lastDirtyTimestamp=1785321708473
2026-07-29T11:48:18.812+01:00 DEBUG 9164 --- [microservice-admin] [DiscoveryClient-CacheRefreshExecutor-%d] [6a69da72abaf35ef06b75a9760f9b5b0-06b75a9760f9b5b0] o.s.web.client.RestTemplate              : Accept=[application/json, application/*+json]
2026-07-29T11:48:18.812+01:00 DEBUG 9164 --- [microservice-admin] [DiscoveryClient-HeartbeatExecutor-%d] [6a69da729c804cfd2a7ce2c189244660-2a7ce2c189244660] o.s.web.client.RestTemplate              : Accept=[application/json, application/*+json]
2026-07-29T11:48:18.831+01:00 DEBUG 9164 --- [microservice-admin] [DiscoveryClient-CacheRefreshExecutor-%d] [6a69da72abaf35ef06b75a9760f9b5b0-06b75a9760f9b5b0] o.s.web.client.RestTemplate              : Response 200 OK
2026-07-29T11:48:18.831+01:00 DEBUG 9164 --- [microservice-admin] [DiscoveryClient-HeartbeatExecutor-%d] [6a69da729c804cfd2a7ce2c189244660-2a7ce2c189244660] o.s.web.client.RestTemplate              : Response 200 OK
2026-07-29T11:48:18.831+01:00 DEBUG 9164 --- [microservice-admin] [DiscoveryClient-CacheRefreshExecutor-%d] [6a69da72abaf35ef06b75a9760f9b5b0-06b75a9760f9b5b0] o.s.web.client.RestTemplate              : Reading to [org.springframework.cloud.netflix.eureka.http.EurekaApplications]
2026-07-29T11:48:19.650+01:00 DEBUG 9164 --- [microservice-admin] [AsyncReporter{ZipkinRestTemplateSender{http://localhost:9411/api/v2/spans}}] [                                                 ] o.s.web.client.RestTemplate              : HTTP POST http://localhost:9411/api/v2/spans
2026-07-29T11:48:19.651+01:00 DEBUG 9164 --- [microservice-admin] [AsyncReporter{ZipkinRestTemplateSender{http://localhost:9411/api/v2/spans}}] [                                                 ] o.s.web.client.RestTemplate              : Accept=[application/json, application/*+json]
2026-07-29T11:48:19.652+01:00 DEBUG 9164 --- [microservice-admin] [AsyncReporter{ZipkinRestTemplateSender{http://localhost:9411/api/v2/spans}}] [                                                 ] o.s.web.client.RestTemplate              : Writing [[B@7c7da61b] as "application/json"
2026-07-29T11:48:48.840+01:00 DEBUG 9164 --- [microservice-admin] [DiscoveryClient-HeartbeatExecutor-%d] [                                                 ] o.s.web.client.RestTemplate              : HTTP PUT http://127.0.0.1:8761/eureka/apps/MICROSERVICE-ADMIN/DLA-HO-LP-013.zenitheins0.net:microservice-admin:9008?status=UP&lastDirtyTimestamp=1785321708473
2026-07-29T11:48:48.840+01:00 DEBUG 9164 --- [microservice-admin] [DiscoveryClient-HeartbeatExecutor-%d] [6a69da906aaf4bbd3e947a5d0d3ed330-3e947a5d0d3ed330] o.s.web.client.RestTemplate              : Accept=[application/json, application/*+json]
2026-07-29T11:48:48.840+01:00 DEBUG 9164 --- [microservice-admin] [DiscoveryClient-CacheRefreshExecutor-%d] [                                                 ] o.s.web.client.RestTemplate              : HTTP GET http://127.0.0.1:8761/eureka/apps/delta
2026-07-29T11:48:48.841+01:00 DEBUG 9164 --- [microservice-admin] [DiscoveryClient-CacheRefreshExecutor-%d] [6a69da90aa4ed5db61bef86405ed7839-61bef86405ed7839] o.s.web.client.RestTemplate              : Accept=[application/json, application/*+json]
2026-07-29T11:48:48.857+01:00 DEBUG 9164 --- [microservice-admin] [DiscoveryClient-CacheRefreshExecutor-%d] [6a69da90aa4ed5db61bef86405ed7839-61bef86405ed7839] o.s.web.client.RestTemplate              : Response 200 OK
2026-07-29T11:48:48.857+01:00 DEBUG 9164 --- [microservice-admin] [DiscoveryClient-HeartbeatExecutor-%d] [6a69da906aaf4bbd3e947a5d0d3ed330-3e947a5d0d3ed330] o.s.web.client.RestTemplate              : Response 200 OK
2026-07-29T11:48:48.858+01:00 DEBUG 9164 --- [microservice-admin] [DiscoveryClient-CacheRefreshExecutor-%d] [6a69da90aa4ed5db61bef86405ed7839-61bef86405ed7839] o.s.web.client.RestTemplate              : Reading to [org.springframework.cloud.netflix.eureka.http.EurekaApplications]
2026-07-29T11:48:48.980+01:00 DEBUG 9164 --- [microservice-admin] [AsyncReporter{ZipkinRestTemplateSender{http://localhost:9411/api/v2/spans}}] [                                                 ] o.s.web.client.RestTemplate              : HTTP POST http://localhost:9411/api/v2/spans
2026-07-29T11:48:48.980+01:00 DEBUG 9164 --- [microservice-admin] [AsyncReporter{ZipkinRestTemplateSender{http://localhost:9411/api/v2/spans}}] [                                                 ] o.s.web.client.RestTemplate              : Accept=[application/json, application/*+json]
2026-07-29T11:48:48.980+01:00 DEBUG 9164 --- [microservice-admin] [AsyncReporter{ZipkinRestTemplateSender{http://localhost:9411/api/v2/spans}}] [                                                 ] o.s.web.client.RestTemplate              : Writing [[B@6278ccd5] as "application/json"
2026-07-29T11:49:18.874+01:00 DEBUG 9164 --- [microservice-admin] [DiscoveryClient-HeartbeatExecutor-%d] [                                                 ] o.s.web.client.RestTemplate              : HTTP PUT http://127.0.0.1:8761/eureka/apps/MICROSERVICE-ADMIN/DLA-HO-LP-013.zenitheins0.net:microservice-admin:9008?status=UP&lastDirtyTimestamp=1785321708473
2026-07-29T11:49:18.874+01:00 DEBUG 9164 --- [microservice-admin] [DiscoveryClient-CacheRefreshExecutor-%d] [                                                 ] o.s.web.client.RestTemplate              : HTTP GET http://127.0.0.1:8761/eureka/apps/delta
2026-07-29T11:49:18.875+01:00 DEBUG 9164 --- [microservice-admin] [DiscoveryClient-HeartbeatExecutor-%d] [6a69daaecd5626def362dc6f4649a738-f362dc6f4649a738] o.s.web.client.RestTemplate              : Accept=[application/json, application/*+json]
2026-07-29T11:49:18.875+01:00 DEBUG 9164 --- [microservice-admin] [DiscoveryClient-CacheRefreshExecutor-%d] [6a69daae72554ca572f9fd2cbf9dd87b-72f9fd2cbf9dd87b] o.s.web.client.RestTemplate              : Accept=[application/json, application/*+json]
2026-07-29T11:49:18.891+01:00 DEBUG 9164 --- [microservice-admin] [DiscoveryClient-HeartbeatExecutor-%d] [6a69daaecd5626def362dc6f4649a738-f362dc6f4649a738] o.s.web.client.RestTemplate              : Response 200 OK
2026-07-29T11:49:18.892+01:00 DEBUG 9164 --- [microservice-admin] [DiscoveryClient-CacheRefreshExecutor-%d] [6a69daae72554ca572f9fd2cbf9dd87b-72f9fd2cbf9dd87b] o.s.web.client.RestTemplate              : Response 200 OK
2026-07-29T11:49:18.892+01:00 DEBUG 9164 --- [microservice-admin] [DiscoveryClient-CacheRefreshExecutor-%d] [6a69daae72554ca572f9fd2cbf9dd87b-72f9fd2cbf9dd87b] o.s.web.client.RestTemplate              : Reading to [org.springframework.cloud.netflix.eureka.http.EurekaApplications]
2026-07-29T11:49:19.323+01:00 DEBUG 9164 --- [microservice-admin] [AsyncReporter{ZipkinRestTemplateSender{http://localhost:9411/api/v2/spans}}] [                                                 ] o.s.web.client.RestTemplate              : HTTP POST http://localhost:9411/api/v2/spans
2026-07-29T11:49:19.323+01:00 DEBUG 9164 --- [microservice-admin] [AsyncReporter{ZipkinRestTemplateSender{http://localhost:9411/api/v2/spans}}] [                                                 ] o.s.web.client.RestTemplate              : Accept=[application/json, application/*+json]
2026-07-29T11:49:19.323+01:00 DEBUG 9164 --- [microservice-admin] [AsyncReporter{ZipkinRestTemplateSender{http://localhost:9411/api/v2/spans}}] [                                                 ] o.s.web.client.RestTemplate              : Writing [[B@139197a2] as "application/json"
2026-07-29T11:49:48.901+01:00 DEBUG 9164 --- [microservice-admin] [DiscoveryClient-CacheRefreshExecutor-%d] [                                                 ] o.s.web.client.RestTemplate              : HTTP GET http://127.0.0.1:8761/eureka/apps/delta
2026-07-29T11:49:48.902+01:00 DEBUG 9164 --- [microservice-admin] [DiscoveryClient-HeartbeatExecutor-%d] [                                                 ] o.s.web.client.RestTemplate              : HTTP PUT http://127.0.0.1:8761/eureka/apps/MICROSERVICE-ADMIN/DLA-HO-LP-013.zenitheins0.net:microservice-admin:9008?status=UP&lastDirtyTimestamp=1785321708473
2026-07-29T11:49:48.903+01:00 DEBUG 9164 --- [microservice-admin] [DiscoveryClient-CacheRefreshExecutor-%d] [6a69dacce5610aef0c10e23f214666a0-0c10e23f214666a0] o.s.web.client.RestTemplate              : Accept=[application/json, application/*+json]
2026-07-29T11:49:48.903+01:00 DEBUG 9164 --- [microservice-admin] [DiscoveryClient-HeartbeatExecutor-%d] [6a69dacce7fdcb71a913227cb2a97fb1-a913227cb2a97fb1] o.s.web.client.RestTemplate              : Accept=[application/json, application/*+json]
2026-07-29T11:49:48.918+01:00 DEBUG 9164 --- [microservice-admin] [DiscoveryClient-HeartbeatExecutor-%d] [6a69dacce7fdcb71a913227cb2a97fb1-a913227cb2a97fb1] o.s.web.client.RestTemplate              : Response 200 OK
2026-07-29T11:49:48.920+01:00 DEBUG 9164 --- [microservice-admin] [DiscoveryClient-CacheRefreshExecutor-%d] [6a69dacce5610aef0c10e23f214666a0-0c10e23f214666a0] o.s.web.client.RestTemplate              : Response 200 OK
2026-07-29T11:49:48.920+01:00 DEBUG 9164 --- [microservice-admin] [DiscoveryClient-CacheRefreshExecutor-%d] [6a69dacce5610aef0c10e23f214666a0-0c10e23f214666a0] o.s.web.client.RestTemplate              : Reading to [org.springframework.cloud.netflix.eureka.http.EurekaApplications]
2026-07-29T11:49:49.578+01:00 DEBUG 9164 --- [microservice-admin] [AsyncReporter{ZipkinRestTemplateSender{http://localhost:9411/api/v2/spans}}] [                                                 ] o.s.web.client.RestTemplate              : HTTP POST http://localhost:9411/api/v2/spans
2026-07-29T11:49:49.578+01:00 DEBUG 9164 --- [microservice-admin] [AsyncReporter{ZipkinRestTemplateSender{http://localhost:9411/api/v2/spans}}] [                                                 ] o.s.web.client.RestTemplate              : Accept=[application/json, application/*+json]
2026-07-29T11:49:49.578+01:00 DEBUG 9164 --- [microservice-admin] [AsyncReporter{ZipkinRestTemplateSender{http://localhost:9411/api/v2/spans}}] [                                                 ] o.s.web.client.RestTemplate              : Writing [[B@6ffc78f4] as "application/json"
2026-07-29T11:50:18.923+01:00 DEBUG 9164 --- [microservice-admin] [DiscoveryClient-CacheRefreshExecutor-%d] [                                                 ] o.s.web.client.RestTemplate              : HTTP GET http://127.0.0.1:8761/eureka/apps/delta
2026-07-29T11:50:18.923+01:00 DEBUG 9164 --- [microservice-admin] [DiscoveryClient-HeartbeatExecutor-%d] [                                                 ] o.s.web.client.RestTemplate              : HTTP PUT http://127.0.0.1:8761/eureka/apps/MICROSERVICE-ADMIN/DLA-HO-LP-013.zenitheins0.net:microservice-admin:9008?status=UP&lastDirtyTimestamp=1785321708473
2026-07-29T11:50:18.923+01:00 DEBUG 9164 --- [microservice-admin] [DiscoveryClient-HeartbeatExecutor-%d] [6a69daea3cc253aedb1625a183c5c8f5-db1625a183c5c8f5] o.s.web.client.RestTemplate              : Accept=[application/json, application/*+json]
2026-07-29T11:50:18.923+01:00 DEBUG 9164 --- [microservice-admin] [DiscoveryClient-CacheRefreshExecutor-%d] [6a69daea0b045fe586174ff914394bf4-86174ff914394bf4] o.s.web.client.RestTemplate              : Accept=[application/json, application/*+json]
2026-07-29T11:50:18.937+01:00 DEBUG 9164 --- [microservice-admin] [DiscoveryClient-CacheRefreshExecutor-%d] [6a69daea0b045fe586174ff914394bf4-86174ff914394bf4] o.s.web.client.RestTemplate              : Response 200 OK
2026-07-29T11:50:18.938+01:00 DEBUG 9164 --- [microservice-admin] [DiscoveryClient-CacheRefreshExecutor-%d] [6a69daea0b045fe586174ff914394bf4-86174ff914394bf4] o.s.web.client.RestTemplate              : Reading to [org.springframework.cloud.netflix.eureka.http.EurekaApplications]
2026-07-29T11:50:18.939+01:00 DEBUG 9164 --- [microservice-admin] [DiscoveryClient-HeartbeatExecutor-%d] [6a69daea3cc253aedb1625a183c5c8f5-db1625a183c5c8f5] o.s.web.client.RestTemplate              : Response 200 OK
2026-07-29T11:50:19.870+01:00 DEBUG 9164 --- [microservice-admin] [AsyncReporter{ZipkinRestTemplateSender{http://localhost:9411/api/v2/spans}}] [                                                 ] o.s.web.client.RestTemplate              : HTTP POST http://localhost:9411/api/v2/spans
2026-07-29T11:50:19.870+01:00 DEBUG 9164 --- [microservice-admin] [AsyncReporter{ZipkinRestTemplateSender{http://localhost:9411/api/v2/spans}}] [                                                 ] o.s.web.client.RestTemplate              : Accept=[application/json, application/*+json]
2026-07-29T11:50:19.871+01:00 DEBUG 9164 --- [microservice-admin] [AsyncReporter{ZipkinRestTemplateSender{http://localhost:9411/api/v2/spans}}] [                                                 ] o.s.web.client.RestTemplate              : Writing [[B@1f49e37b] as "application/json"
2026-07-29T11:50:48.950+01:00 DEBUG 9164 --- [microservice-admin] [DiscoveryClient-CacheRefreshExecutor-%d] [                                                 ] o.s.web.client.RestTemplate              : HTTP GET http://127.0.0.1:8761/eureka/apps/delta
2026-07-29T11:50:48.950+01:00 DEBUG 9164 --- [microservice-admin] [DiscoveryClient-HeartbeatExecutor-%d] [                                                 ] o.s.web.client.RestTemplate              : HTTP PUT http://127.0.0.1:8761/eureka/apps/MICROSERVICE-ADMIN/DLA-HO-LP-013.zenitheins0.net:microservice-admin:9008?status=UP&lastDirtyTimestamp=1785321708473
2026-07-29T11:50:48.951+01:00 DEBUG 9164 --- [microservice-admin] [DiscoveryClient-CacheRefreshExecutor-%d] [6a69db080cdc3b7efef39c7faaf05434-fef39c7faaf05434] o.s.web.client.RestTemplate              : Accept=[application/json, application/*+json]
2026-07-29T11:50:48.951+01:00 DEBUG 9164 --- [microservice-admin] [DiscoveryClient-HeartbeatExecutor-%d] [6a69db08cda5fd774395314a01a82736-4395314a01a82736] o.s.web.client.RestTemplate              : Accept=[application/json, application/*+json]
2026-07-29T11:50:48.966+01:00 DEBUG 9164 --- [microservice-admin] [DiscoveryClient-CacheRefreshExecutor-%d] [6a69db080cdc3b7efef39c7faaf05434-fef39c7faaf05434] o.s.web.client.RestTemplate              : Response 200 OK
2026-07-29T11:50:48.966+01:00 DEBUG 9164 --- [microservice-admin] [DiscoveryClient-CacheRefreshExecutor-%d] [6a69db080cdc3b7efef39c7faaf05434-fef39c7faaf05434] o.s.web.client.RestTemplate              : Reading to [org.springframework.cloud.netflix.eureka.http.EurekaApplications]
2026-07-29T11:50:48.966+01:00 DEBUG 9164 --- [microservice-admin] [DiscoveryClient-HeartbeatExecutor-%d] [6a69db08cda5fd774395314a01a82736-4395314a01a82736] o.s.web.client.RestTemplate              : Response 200 OK
2026-07-29T11:50:49.184+01:00 DEBUG 9164 --- [microservice-admin] [AsyncReporter{ZipkinRestTemplateSender{http://localhost:9411/api/v2/spans}}] [                                                 ] o.s.web.client.RestTemplate              : HTTP POST http://localhost:9411/api/v2/spans
2026-07-29T11:50:49.185+01:00 DEBUG 9164 --- [microservice-admin] [AsyncReporter{ZipkinRestTemplateSender{http://localhost:9411/api/v2/spans}}] [                                                 ] o.s.web.client.RestTemplate              : Accept=[application/json, application/*+json]
2026-07-29T11:50:49.185+01:00 DEBUG 9164 --- [microservice-admin] [AsyncReporter{ZipkinRestTemplateSender{http://localhost:9411/api/v2/spans}}] [                                                 ] o.s.web.client.RestTemplate              : Writing [[B@681a73f5] as "application/json"
2026-07-29T11:51:18.980+01:00 DEBUG 9164 --- [microservice-admin] [DiscoveryClient-HeartbeatExecutor-%d] [                                                 ] o.s.web.client.RestTemplate              : HTTP PUT http://127.0.0.1:8761/eureka/apps/MICROSERVICE-ADMIN/DLA-HO-LP-013.zenitheins0.net:microservice-admin:9008?status=UP&lastDirtyTimestamp=1785321708473
2026-07-29T11:51:18.982+01:00 DEBUG 9164 --- [microservice-admin] [DiscoveryClient-CacheRefreshExecutor-%d] [                                                 ] o.s.web.client.RestTemplate              : HTTP GET http://127.0.0.1:8761/eureka/apps/delta
2026-07-29T11:51:18.983+01:00 DEBUG 9164 --- [microservice-admin] [DiscoveryClient-HeartbeatExecutor-%d] [6a69db2686fcc3490072014754b08ab7-0072014754b08ab7] o.s.web.client.RestTemplate              : Accept=[application/json, application/*+json]
2026-07-29T11:51:18.984+01:00 DEBUG 9164 --- [microservice-admin] [DiscoveryClient-CacheRefreshExecutor-%d] [6a69db26f0504723e98faf6910d5db1e-e98faf6910d5db1e] o.s.web.client.RestTemplate              : Accept=[application/json, application/*+json]
2026-07-29T11:51:18.996+01:00 DEBUG 9164 --- [microservice-admin] [DiscoveryClient-CacheRefreshExecutor-%d] [6a69db26f0504723e98faf6910d5db1e-e98faf6910d5db1e] o.s.web.client.RestTemplate              : Response 200 OK
2026-07-29T11:51:18.997+01:00 DEBUG 9164 --- [microservice-admin] [DiscoveryClient-CacheRefreshExecutor-%d] [6a69db26f0504723e98faf6910d5db1e-e98faf6910d5db1e] o.s.web.client.RestTemplate              : Reading to [org.springframework.cloud.netflix.eureka.http.EurekaApplications]
2026-07-29T11:51:19.000+01:00 DEBUG 9164 --- [microservice-admin] [DiscoveryClient-HeartbeatExecutor-%d] [6a69db2686fcc3490072014754b08ab7-0072014754b08ab7] o.s.web.client.RestTemplate              : Response 200 OK
2026-07-29T11:51:19.540+01:00 DEBUG 9164 --- [microservice-admin] [AsyncReporter{ZipkinRestTemplateSender{http://localhost:9411/api/v2/spans}}] [                                                 ] o.s.web.client.RestTemplate              : HTTP POST http://localhost:9411/api/v2/spans
2026-07-29T11:51:19.540+01:00 DEBUG 9164 --- [microservice-admin] [AsyncReporter{ZipkinRestTemplateSender{http://localhost:9411/api/v2/spans}}] [                                                 ] o.s.web.client.RestTemplate              : Accept=[application/json, application/*+json]
2026-07-29T11:51:19.540+01:00 DEBUG 9164 --- [microservice-admin] [AsyncReporter{ZipkinRestTemplateSender{http://localhost:9411/api/v2/spans}}] [                                                 ] o.s.web.client.RestTemplate              : Writing [[B@6a7278e9] as "application/json"
2026-07-29T11:51:48.238+01:00  INFO 9164 --- [microservice-admin] [AsyncResolver-bootstrap-executor-%d] [                                                 ] c.n.d.s.r.aws.ConfigClusterResolver      : Resolving eureka endpoints via configuration
2026-07-29T11:51:49.014+01:00 DEBUG 9164 --- [microservice-admin] [DiscoveryClient-CacheRefreshExecutor-%d] [                                                 ] o.s.web.client.RestTemplate              : HTTP GET http://127.0.0.1:8761/eureka/apps/delta
2026-07-29T11:51:49.015+01:00 DEBUG 9164 --- [microservice-admin] [DiscoveryClient-HeartbeatExecutor-%d] [                                                 ] o.s.web.client.RestTemplate              : HTTP PUT http://127.0.0.1:8761/eureka/apps/MICROSERVICE-ADMIN/DLA-HO-LP-013.zenitheins0.net:microservice-admin:9008?status=UP&lastDirtyTimestamp=1785321708473
2026-07-29T11:51:49.015+01:00 DEBUG 9164 --- [microservice-admin] [DiscoveryClient-CacheRefreshExecutor-%d] [6a69db452c1a70ca5bd420bbd916b9a5-5bd420bbd916b9a5] o.s.web.client.RestTemplate              : Accept=[application/json, application/*+json]
2026-07-29T11:51:49.015+01:00 DEBUG 9164 --- [microservice-admin] [DiscoveryClient-HeartbeatExecutor-%d] [6a69db459dfc92b1ac163ccbbc15649e-ac163ccbbc15649e] o.s.web.client.RestTemplate              : Accept=[application/json, application/*+json]
2026-07-29T11:51:49.033+01:00 DEBUG 9164 --- [microservice-admin] [DiscoveryClient-CacheRefreshExecutor-%d] [6a69db452c1a70ca5bd420bbd916b9a5-5bd420bbd916b9a5] o.s.web.client.RestTemplate              : Response 200 OK
2026-07-29T11:51:49.033+01:00 DEBUG 9164 --- [microservice-admin] [DiscoveryClient-CacheRefreshExecutor-%d] [6a69db452c1a70ca5bd420bbd916b9a5-5bd420bbd916b9a5] o.s.web.client.RestTemplate              : Reading to [org.springframework.cloud.netflix.eureka.http.EurekaApplications]
2026-07-29T11:51:49.035+01:00 DEBUG 9164 --- [microservice-admin] [DiscoveryClient-HeartbeatExecutor-%d] [6a69db459dfc92b1ac163ccbbc15649e-ac163ccbbc15649e] o.s.web.client.RestTemplate              : Response 200 OK
2026-07-29T11:51:49.857+01:00 DEBUG 9164 --- [microservice-admin] [AsyncReporter{ZipkinRestTemplateSender{http://localhost:9411/api/v2/spans}}] [                                                 ] o.s.web.client.RestTemplate              : HTTP POST http://localhost:9411/api/v2/spans
2026-07-29T11:51:49.858+01:00 DEBUG 9164 --- [microservice-admin] [AsyncReporter{ZipkinRestTemplateSender{http://localhost:9411/api/v2/spans}}] [                                                 ] o.s.web.client.RestTemplate              : Accept=[application/json, application/*+json]
2026-07-29T11:51:49.858+01:00 DEBUG 9164 --- [microservice-admin] [AsyncReporter{ZipkinRestTemplateSender{http://localhost:9411/api/v2/spans}}] [                                                 ] o.s.web.client.RestTemplate              : Writing [[B@598b947f] as "application/json"
2026-07-29T11:52:19.039+01:00 DEBUG 9164 --- [microservice-admin] [DiscoveryClient-HeartbeatExecutor-%d] [                                                 ] o.s.web.client.RestTemplate              : HTTP PUT http://127.0.0.1:8761/eureka/apps/MICROSERVICE-ADMIN/DLA-HO-LP-013.zenitheins0.net:microservice-admin:9008?status=UP&lastDirtyTimestamp=1785321708473
2026-07-29T11:52:19.038+01:00 DEBUG 9164 --- [microservice-admin] [DiscoveryClient-CacheRefreshExecutor-%d] [                                                 ] o.s.web.client.RestTemplate              : HTTP GET http://127.0.0.1:8761/eureka/apps/delta
2026-07-29T11:52:19.039+01:00 DEBUG 9164 --- [microservice-admin] [DiscoveryClient-HeartbeatExecutor-%d] [6a69db634d6d1a4d78f8676c08c86965-78f8676c08c86965] o.s.web.client.RestTemplate              : Accept=[application/json, application/*+json]
2026-07-29T11:52:19.039+01:00 DEBUG 9164 --- [microservice-admin] [DiscoveryClient-CacheRefreshExecutor-%d] [6a69db63164aaed37c7120a55db30402-7c7120a55db30402] o.s.web.client.RestTemplate              : Accept=[application/json, application/*+json]
2026-07-29T11:52:19.056+01:00 DEBUG 9164 --- [microservice-admin] [DiscoveryClient-CacheRefreshExecutor-%d] [6a69db63164aaed37c7120a55db30402-7c7120a55db30402] o.s.web.client.RestTemplate              : Response 200 OK
2026-07-29T11:52:19.057+01:00 DEBUG 9164 --- [microservice-admin] [DiscoveryClient-CacheRefreshExecutor-%d] [6a69db63164aaed37c7120a55db30402-7c7120a55db30402] o.s.web.client.RestTemplate              : Reading to [org.springframework.cloud.netflix.eureka.http.EurekaApplications]
2026-07-29T11:52:19.058+01:00 DEBUG 9164 --- [microservice-admin] [DiscoveryClient-HeartbeatExecutor-%d] [6a69db634d6d1a4d78f8676c08c86965-78f8676c08c86965] o.s.web.client.RestTemplate              : Response 200 OK
2026-07-29T11:52:19.179+01:00 DEBUG 9164 --- [microservice-admin] [AsyncReporter{ZipkinRestTemplateSender{http://localhost:9411/api/v2/spans}}] [                                                 ] o.s.web.client.RestTemplate              : HTTP POST http://localhost:9411/api/v2/spans
2026-07-29T11:52:19.180+01:00 DEBUG 9164 --- [microservice-admin] [AsyncReporter{ZipkinRestTemplateSender{http://localhost:9411/api/v2/spans}}] [                                                 ] o.s.web.client.RestTemplate              : Accept=[application/json, application/*+json]
2026-07-29T11:52:19.182+01:00 DEBUG 9164 --- [microservice-admin] [AsyncReporter{ZipkinRestTemplateSender{http://localhost:9411/api/v2/spans}}] [                                                 ] o.s.web.client.RestTemplate              : Writing [[B@1a3a6f30] as "application/json"
2026-07-29T11:52:49.074+01:00 DEBUG 9164 --- [microservice-admin] [DiscoveryClient-HeartbeatExecutor-%d] [                                                 ] o.s.web.client.RestTemplate              : HTTP PUT http://127.0.0.1:8761/eureka/apps/MICROSERVICE-ADMIN/DLA-HO-LP-013.zenitheins0.net:microservice-admin:9008?status=UP&lastDirtyTimestamp=1785321708473
2026-07-29T11:52:49.074+01:00 DEBUG 9164 --- [microservice-admin] [DiscoveryClient-CacheRefreshExecutor-%d] [                                                 ] o.s.web.client.RestTemplate              : HTTP GET http://127.0.0.1:8761/eureka/apps/delta
2026-07-29T11:52:49.075+01:00 DEBUG 9164 --- [microservice-admin] [DiscoveryClient-CacheRefreshExecutor-%d] [6a69db81a5c2fdb7d0df31e1767677c4-d0df31e1767677c4] o.s.web.client.RestTemplate              : Accept=[application/json, application/*+json]
2026-07-29T11:52:49.075+01:00 DEBUG 9164 --- [microservice-admin] [DiscoveryClient-HeartbeatExecutor-%d] [6a69db8119ffbd9c7c75ce2967b3afe1-7c75ce2967b3afe1] o.s.web.client.RestTemplate              : Accept=[application/json, application/*+json]
2026-07-29T11:52:49.091+01:00 DEBUG 9164 --- [microservice-admin] [DiscoveryClient-HeartbeatExecutor-%d] [6a69db8119ffbd9c7c75ce2967b3afe1-7c75ce2967b3afe1] o.s.web.client.RestTemplate              : Response 200 OK
2026-07-29T11:52:49.091+01:00 DEBUG 9164 --- [microservice-admin] [DiscoveryClient-CacheRefreshExecutor-%d] [6a69db81a5c2fdb7d0df31e1767677c4-d0df31e1767677c4] o.s.web.client.RestTemplate              : Response 200 OK
2026-07-29T11:52:49.091+01:00 DEBUG 9164 --- [microservice-admin] [DiscoveryClient-CacheRefreshExecutor-%d] [6a69db81a5c2fdb7d0df31e1767677c4-d0df31e1767677c4] o.s.web.client.RestTemplate              : Reading to [org.springframework.cloud.netflix.eureka.http.EurekaApplications]
2026-07-29T11:52:49.540+01:00 DEBUG 9164 --- [microservice-admin] [AsyncReporter{ZipkinRestTemplateSender{http://localhost:9411/api/v2/spans}}] [                                                 ] o.s.web.client.RestTemplate              : HTTP POST http://localhost:9411/api/v2/spans
2026-07-29T11:52:49.540+01:00 DEBUG 9164 --- [microservice-admin] [AsyncReporter{ZipkinRestTemplateSender{http://localhost:9411/api/v2/spans}}] [                                                 ] o.s.web.client.RestTemplate              : Accept=[application/json, application/*+json]
2026-07-29T11:52:49.540+01:00 DEBUG 9164 --- [microservice-admin] [AsyncReporter{ZipkinRestTemplateSender{http://localhost:9411/api/v2/spans}}] [                                                 ] o.s.web.client.RestTemplate              : Writing [[B@535ec9c3] as "application/json"
2026-07-29T11:53:19.105+01:00 DEBUG 9164 --- [microservice-admin] [DiscoveryClient-CacheRefreshExecutor-%d] [                                                 ] o.s.web.client.RestTemplate              : HTTP GET http://127.0.0.1:8761/eureka/apps/delta
2026-07-29T11:53:19.105+01:00 DEBUG 9164 --- [microservice-admin] [DiscoveryClient-HeartbeatExecutor-%d] [                                                 ] o.s.web.client.RestTemplate              : HTTP PUT http://127.0.0.1:8761/eureka/apps/MICROSERVICE-ADMIN/DLA-HO-LP-013.zenitheins0.net:microservice-admin:9008?status=UP&lastDirtyTimestamp=1785321708473
2026-07-29T11:53:19.105+01:00 DEBUG 9164 --- [microservice-admin] [DiscoveryClient-CacheRefreshExecutor-%d] [6a69db9f66454f2c3c68971ed4392dbb-3c68971ed4392dbb] o.s.web.client.RestTemplate              : Accept=[application/json, application/*+json]
2026-07-29T11:53:19.105+01:00 DEBUG 9164 --- [microservice-admin] [DiscoveryClient-HeartbeatExecutor-%d] [6a69db9fa25d7ca073b65bf51761c30b-73b65bf51761c30b] o.s.web.client.RestTemplate              : Accept=[application/json, application/*+json]
2026-07-29T11:53:19.121+01:00 DEBUG 9164 --- [microservice-admin] [DiscoveryClient-HeartbeatExecutor-%d] [6a69db9fa25d7ca073b65bf51761c30b-73b65bf51761c30b] o.s.web.client.RestTemplate              : Response 200 OK
2026-07-29T11:53:19.121+01:00 DEBUG 9164 --- [microservice-admin] [DiscoveryClient-CacheRefreshExecutor-%d] [6a69db9f66454f2c3c68971ed4392dbb-3c68971ed4392dbb] o.s.web.client.RestTemplate              : Response 200 OK
2026-07-29T11:53:19.121+01:00 DEBUG 9164 --- [microservice-admin] [DiscoveryClient-CacheRefreshExecutor-%d] [6a69db9f66454f2c3c68971ed4392dbb-3c68971ed4392dbb] o.s.web.client.RestTemplate              : Reading to [org.springframework.cloud.netflix.eureka.http.EurekaApplications]
2026-07-29T11:53:19.913+01:00 DEBUG 9164 --- [microservice-admin] [AsyncReporter{ZipkinRestTemplateSender{http://localhost:9411/api/v2/spans}}] [                                                 ] o.s.web.client.RestTemplate              : HTTP POST http://localhost:9411/api/v2/spans
2026-07-29T11:53:19.915+01:00 DEBUG 9164 --- [microservice-admin] [AsyncReporter{ZipkinRestTemplateSender{http://localhost:9411/api/v2/spans}}] [                                                 ] o.s.web.client.RestTemplate              : Accept=[application/json, application/*+json]
2026-07-29T11:53:19.915+01:00 DEBUG 9164 --- [microservice-admin] [AsyncReporter{ZipkinRestTemplateSender{http://localhost:9411/api/v2/spans}}] [                                                 ] o.s.web.client.RestTemplate              : Writing [[B@4e426347] as "application/json"
